
 RUN  v3.2.4 D:/DEV/role-model/.worktrees/105-route-learning-matching-scope-activation/role-model-router/apps/runtime-host-bridge

(node:40500) ExperimentalWarning: SQLite is an experimental feature and might change at any time
(Use `node --trace-warnings ...` to show where the warning was created)
 ❯ test/run105-review-challenge-evidence.test.ts (19 tests | 4 failed) 6920ms
   ✓ genuine finalize/list/read wrappers and real replay job yield actual winner and sibling time 16ms
   ✓ no borrowing evidence for mismatched request {"captureRef":"other"} 8ms
   ✓ no borrowing evidence for mismatched request {"roleId":"other"} 3ms
   ✓ no borrowing evidence for mismatched request {"taskTypeId":"other"} 4ms
   ✓ no borrowing evidence for mismatched request {"newEndpointId":"other"} 3ms
   ✓ unknown sibling time stays pending despite fabricated result date 1ms
   ✓ provider completion alone is not finalized evidence 0ms
   ✓ mismatched listed winner cannot replace actual readback 4ms
   ✓ unknown or mismatched effort remains pending 2ms
   ✓ fresh cutoff never borrows a previous comparison 3ms
   ✓ real evidence behind a continuation page is reached 8ms
   ✓ cyclic or malformed pages are unavailable rather than claimed complete 0ms
   ✓ enumerable durable evidence carries winning-member confidence and exact capture; cutoff refuses old evidence 12ms
   ✓ execute production CLI callbacks over genuine evaluation/replay wrappers with auth envelope and transfer decode 106ms
   × genuine retained terminal-disposition capture is enumerated from real live telemetry and exact capsule read 8ms
     → expected undefined to be type of 'function'
   × history fails closed for wrong capsule scope/readiness/identity/classification and excludes replay output 1ms
     → expected undefined to be type of 'function'
   × history index unavailable and 501 matching ids are null, never a truncated complete corpus 1ms
     → expected undefined to be type of 'function'
   × CLI history callback must actually bind supported exact read operation 14ms
     → expected 'const loop = startAutoReplayLoop({\n …' to contain 'readRouteReplayableCaptures:'
   ✓ CLI finalized and enumerable callbacks actually bind authenticated extension reads 2ms

⎯⎯⎯⎯⎯⎯⎯ Failed Tests 4 ⎯⎯⎯⎯⎯⎯⎯

 FAIL  test/run105-review-challenge-evidence.test.ts > genuine retained terminal-disposition capture is enumerated from real live telemetry and exact capsule read
AssertionError: expected undefined to be type of 'function'

Expected: "function"
Received: "undefined"

 ❯ test/run105-review-challenge-evidence.test.ts:146:18
    144| });
    145| test("genuine retained terminal-disposition capture is enumerated from…
    146|  expect(history).toBeTypeOf("function");
       |                  ^
    147|  expect((await retention.listPendingReplayCaptures({ policySetDigest: …
    148|  const captures = await history!({ ...historyState, channel: "developm…

⎯⎯⎯⎯⎯⎯⎯⎯⎯⎯⎯⎯⎯⎯⎯⎯⎯⎯⎯⎯⎯⎯⎯⎯[1/4]⎯

 FAIL  test/run105-review-challenge-evidence.test.ts > history fails closed for wrong capsule scope/readiness/identity/classification and excludes replay output
AssertionError: expected undefined to be type of 'function'

Expected: "function"
Received: "undefined"

 ❯ test/run105-review-challenge-evidence.test.ts:154:18


⎯⎯⎯⎯⎯⎯⎯⎯⎯⎯⎯⎯⎯⎯⎯⎯⎯⎯⎯⎯⎯⎯⎯⎯[2/4]⎯

 FAIL  test/run105-review-challenge-evidence.test.ts > history index unavailable and 501 matching ids are null, never a truncated complete corpus
AssertionError: expected undefined to be type of 'function'

Expected: "function"
Received: "undefined"

 ❯ test/run105-review-challenge-evidence.test.ts:161:18
    159| });
    160| test("history index unavailable and 501 matching ids are null, never a…
    161|  expect(history).toBeTypeOf("function");
       |                  ^
    162|  expect(await history!({ runtimeStateRoot: path.join(root, "absent"), …
    163|  const db = new DatabaseSync(historyState.databasePath);

⎯⎯⎯⎯⎯⎯⎯⎯⎯⎯⎯⎯⎯⎯⎯⎯⎯⎯⎯⎯⎯⎯⎯⎯[3/4]⎯

 FAIL  test/run105-review-challenge-evidence.test.ts > CLI history callback must actually bind supported exact read operation
AssertionError: expected 'const loop = startAutoReplayLoop({\n …' to contain 'readRouteReplayableCaptures:'

- Expected
+ Received

- readRouteReplayableCaptures:
+ const loop = startAutoReplayLoop({
+         readFinalizedRouteChallenge: async (request) => {
+           const runtime = extensionRuntimeRef.current;
+           if (!runtime) return null;
+           try {
+             const authority = await resolveDurableEvaluationAuthority({ channel, stateRoot: options.runtimeStateRoot, scopeId: options.scopeId });
+             const replayJobScope = resolveDurableReplayJobScope({ channel, runtimeStateRoot: options.runtimeStateRoot, scopeId: options.scopeId });
+             const { readFinalizedRouteChallengeEvidence } = await import("./route-challenge-evidence.js");
+             return await readFinalizedRouteChallengeEvidence({
+               request,
+               invoke: async (extensionId, capability, value) => decodeExternalizedOperatorReadback({
+                 stateRoot: options.runtimeStateRoot,
+                 scopeId: options.scopeId,
+                 value: unwrapCapabilityPayload(await runtime.invoke(extensionId, learnerSweepEnvelope({
+                   requestPrefix: "route-challenge-evidence",
+                   extensionId, capability, value,
+                   scopeOverride: extensionId === "replay-core" ? replayJobScope : undefined,
+                   evaluationAuthoritySecret: authority.authoritySecret,
+                 }))),
+               }),
+             });
+           } catch { return null; }
+         },
+         readRouteDispatchEvidence: async (request) => {
+           const runtime = extensionRuntimeRef.current;
+           if (!runtime) return null;
+           try {
+             const authority = await resolveDurableEvaluationAuthority({ channel, stateRoot: options.runtimeStateRoot, scopeId: options.scopeId });
+             const replayJobScope = resolveDurableReplayJobScope({ channel, runtimeStateRoot: options.runtimeStateRoot, scopeId: options.scopeId });
+             const { readRouteDispatchEvidence } = await import("./route-challenge-evidence.js");
+             return await readRouteDispatchEvidence({
+               request,
+               invoke: async (extensionId, capability, value) => decodeExternalizedOperatorReadback({
+                 stateRoot: options.runtimeStateRoot,
+                 scopeId: options.scopeId,
+                 value: unwrapCapabilityPayload(await runtime.invoke(extensionId, learnerSweepEnvelope({
+                   requestPrefix: "route-challenge-evidence",
+                   extensionId, capability, value,
+                   scopeOverride: extensionId === "replay-core" ? replayJobScope : undefined,
+                   evaluationAuthoritySecret: authority.authoritySecret,
+                 }))),
+               }),
+             });
+           } catch { return null; }
+         },
+         operations: sweepOperations,
+         ledger,
+         policySet,
+         configuredEndpointIds: endpoints,
+         healthyEndpointIds: healthyEndpoints,
+         /**
+          * Run 105 R8/R9/R11: the ladder providers the depth-first dispatcher consumes. Each is a
+          * provider (not a snapshot) so an endpoint added - or a rollback flipped - while the runtime
+          * is up takes effect on the next tick, exactly like configuredEndpointIds above.
+          */
+         routeLearningDefaults: (() => {
+           try {
+             return readRouteLearningDefaults({
+               repoRoot: options.repoRoot,
+               channel,
+               stateRoot: resolveLearningPolicyStateRoot({
+                 runtimeStateRoot: options.runtimeStateRoot,
+                 scopeId: options.scopeId,
+               }),
+             }).routeLearning;
+           } catch {
+             return null;
+           }
+         })(),
+         routeFocusCandidates: async () => {
+           const runtime = extensionRuntimeRef.current;
+           if (!runtime) return null;
+           try {
+             const rows: unknown[] = [];
+             let cursor: string | undefined;
+             const cursors = new Set<string>();
+             for (let page = 0; page < 10; page++) {
+               const index = unwrapCapabilityPayload(await runtime.invoke("knowledge-store", routeLadderEnvelopeFor("knowledge:list-route-ladders", { scopeId: options.scopeId, limit: 200, ...(cursor ? { cursor } : {}) })));
+               if (!index || typeof index !== "object" || Array.isArray(index)) throw new Error("ladder index unavailable");
+               const record = index as Record<string, unknown>;
+               if (!Array.isArray(record.ladders)) throw new Error("ladder index unavailable");
+               rows.push(...record.ladders);
+               const nextCursor = record.nextCursor;
+               // Older knowledge-store lists have no continuation metadata. A full page
+               // cannot prove absence of omitted rollback rows, so refuse that census.
+               if (nextCursor == null) {
+                 if (record.ladders.length >= 200) throw new Error("ladder index bounded limit");
+                 break;
+               }
+               if (typeof nextCursor !== "string" || !nextCursor || cursors.has(nextCursor) || page === 9) throw new Error("ladder index bounded limit");
+               cursors.add(nextCursor);
+               cursor = nextCursor;
+             }
+             const defaults = readRouteLearningDefaults({ repoRoot: options.repoRoot, channel, stateRoot: resolveLearningPolicyStateRoot({ runtimeStateRoot: options.runtimeStateRoot, scopeId: options.scopeId }) }).routeLearning;
+             const census = readRouteLadderCensus({ runtimeStateRoot: options.runtimeStateRoot, scopeId: options.scopeId, nowMs: Date.now(), stalenessWindowDays: defaults.stalenessWindowDays, configuredEndpointIds: endpoints(), ladderRows: rows });
+             if (census.status === "degraded") {
+               console.error("[run105] route census degraded:" + census.reason);
+               return null;
+             }
+             return census.candidates;
+           } catch {
+             console.error("[run105] route census degraded:ladder_unavailable");
+             return null;
+           }
+         },
+         readRouteLadder: async ({ roleId, taskTypeId }) => {
+           const runtime = extensionRuntimeRef.current;
+           if (!runtime) return null;
+           try {
+             const read = unwrapCapabilityPayload(
+               await runtime.invoke(
+                 "knowledge-store",
+                 routeLadderEnvelopeFor("knowledge:read-route-ladder", {
+                   scopeId: options.scopeId,
+                   roleId,
+                   taskTypeId,
+                 }),
+               ),
+             );
+             const ladder =
+               read && typeof read === "object" && !Array.isArray(read)
+                 ? (read as Record<string, unknown>).ladder ?? null
+                 : null;
+             return decodeRouteLadderRow(ladder);
+           } catch {
+             return null;
+           }
+         },
+         markRouteLadderEligible: async ({ roleId, taskTypeId, nextEligibleAtMs }) => {
+           const runtime = extensionRuntimeRef.current;
+           if (!runtime) return { marked: false };
+           try {
+             return unwrapCapabilityPayload(
+               await runtime.invoke(
+                 "knowledge-store",
+                 routeLadderEnvelopeFor("knowledge:mark-ladder-eligible", {
+                   roleId,
+                   taskTypeId,
+                   nextEligibleAtMs,
+                 }),
+               ),
+             );
+           } catch {
+             return { marked: false };
+           }
+         },
+         reportUnclassifiedCaptures: ({ count }) => {
+           console.error(
+             "[run105] " + count + " capture(s) refused as no_route_classification: no (role, task) classification, so they never enter the replay/eval queue and get no advisory",
+           );
+         },
+         // Run 101 R4: the replay plane's queue, whose mode comes from the
+         // operator's policy document rather than from this composition.
+         dispatchQueue: lateBoundDispatchQueue,
+         planeModes: lateBoundPlaneModes,
+         intervalMs,
+         // Run 98 addendum 04 follow-on: bound one tick's wall clock so a tick made of several
+         // minutes-long replays leaves the remaining captures for the next tick. Operators can tune it
+         // with ROLE_MODEL_AUTO_REPLAY_TICK_BUDGET_MS; 0 disables the bound.
+         ...(resolveAutoReplayTickBudgetMs(process.env) === null
+           ? {}
+           : { tickBudgetMs: resolveAutoReplayTickBudgetMs(process.env) as number }),
+         // Run 98 addendum 52 (addendum 48 §11.2): a reservation whose dispatch process is gone is released by
+         // the next tick instead of being carried against the day's ceiling forever.
+         ...(resolveAutoReplayReservationTtlMs(process.env) === null
+           ? {}
+           : { reservationTtlMs: resolveAutoReplayReservationTtlMs(process.env) as number }),
+         // Run 98 addendum 56 §6: the configured controller is the judge (addendum 45), so it must never be
+         // planned as a counterfactual arm; resolved per tick so a controller change takes effect immediately.
+         resolveJudgeEndpointId: async () => {
+           // The auto-replay starter is handed the narrow bridge options type, while the object it receives at
+           // runtime is the full server composition (which binds `readControllerAssignment`). Reading it
+           // defensively keeps a runtime without the binding on the previous behaviour instead of failing.
+           const readControllerAssignment = (
+             options as { readControllerAssignment?: () => Promise<unknown> }
+           ).readControllerAssignment;
+           const assignment = await Promise.resolve(readControllerAssignment?.()).catch(() => null);
+           const endpointId =
+             assignment && typeof assignment === "object" && !Array.isArray(assignment)
+               ? (assignment as Record<string, unknown>).endpointId
+               : null;
+           if (typeof endpointId === "string" && endpointId.length > 0) return endpointId;
+           /**
+            * Run 100 addendum 19 (item 8c): the in-process binding answered nothing, so fall back to the
+            * durable assignment the operator configured. Logged once per process - the fallback is a
+            * repaired dependency, and a silent one would hide the next regression in this wiring.
+            */
+           const persisted = readPersistedControllerEndpointId({
+             runtimeStateRoot: options.runtimeStateRoot,
+             scopeId: options.scopeId,
+           });
+           if (persisted) {
+             if (!persistedControllerFallbackLogged) {
+               persistedControllerFallbackLogged = true;
+               console.error(
+                 `[run153] auto-replay judge resolved from the durable controller assignment:${persisted}`,
+               );
+             }
+             return persisted;
+           }
+           return null;
+         },
+         executor: async ({ capture, candidates, reservationId, signal }) => {
+           const sourceCapture = (await operations.readLocalRouteCapture({
+             requestId: capture.captureRef,
+           })) as Record<string, unknown> | null;
+           if (sourceCapture && typeof sourceCapture.scope === "string" && sourceCapture.scope) {
+             lastReplayCaptureScope = sourceCapture.scope;
+           }
+           if (!sourceCapture || typeof sourceCapture !== "object") {
+             return {
+               terminal: false,
+               branches: [],
+               failureDetail: `durable capture ${capture.captureRef} is unavailable through the operations boundary`,
+             };
+           }
+           const sourceOutput = extractSourceOutputText(sourceCapture);
+           const taskText = extractTaskInstructionText(sourceCapture);
+           // The replay endpoint requires semantic evaluation criteria and the
+           // routing-shadow scorer scores required terms. The source trial is graded
+           // on the recorded source output, so criteria must come from branch-shared
+           // task evidence while it exists: deriving them from the graded output
+           // would make the source satisfy its own criterion and no counterfactual
+           // could ever win. Unusable evidence defers the capture with a receipt
+           // instead of inventing a criterion.
+           const derivedCriteria = deriveAutomaticReplayCriteria({ taskText, sourceOutput });
+           if (!derivedCriteria) {
+             const responseShape =
+               sourceCapture.response && typeof sourceCapture.response === "object"
+                 ? Object.entries(sourceCapture.response as Record<string, unknown>)
+                     .slice(0, 6)
+                     .map(
+                       ([key, value]) => `${key}:${Array.isArray(value) ? "array" : typeof value}`,
+                     )
+                     .join(",")
+                 : "none";
+             return {
+               terminal: false,
+               branches: [],
+               failureDetail: `recorded output of ${capture.captureRef} cannot support semantic evaluation criteria (response ${responseShape}, hasResponseText ${typeof sourceCapture.responseText === "string"})`,
+             };
+           }
+           const replayDeadlineMs = resolveAutoReplayDeadlineMs(candidates.length, {
+             captureBytes: Buffer.byteLength(JSON.stringify(sourceCapture)),
+             // Run 98 addendum 34 S5 residual: the per-capture budget is execution policy, so the operator
+             // sizes it for the traffic actually being served (the live failure was 720 s budgets against
+             // 2-4 minute provider calls).
+             perCandidateMs: resolveAutoReplayDeadlinePerCandidateMs(process.env),
+             maxMs: resolveAutoReplayDeadlineMaxMs(process.env),
+           });
+           const replayRequestBody = JSON.stringify({
+             requestId: capture.captureRef,
+             // RC04 L3: retry identity is the capture plus the frozen policy and
+             // candidate contract, never the per-attempt ledger reservation. A
+             // reservation-scoped key created a new durable replay job (and a new
+             // set of provider dispatches) on every retry while the previous job
+             // was orphaned mid-dispatch.
+             idempotencyKey: buildAutoReplayIdempotencyKey({
+               captureRef: capture.captureRef,
+               policySetDigest: policySet.policySetDigest,
+               candidateEndpointIds: candidates,
+               // S12: the key covers the job contract its budget mints, so a contract revision cannot collide
+               // with a job created under the previous one.
+               providerCallBudget: resolveReplayProviderCallBudget(candidates.length),
+             }),
+             candidateEndpointIds: candidates,
+             evaluationCriteria: derivedCriteria.criteria,
+             budget: {
+               maxCandidates: candidates.length,
+               // Run 100 addendum `replay-dispatch-lifecycle.addendum-04` S11: one call per candidate left no
+               // room for an interrupted arm to be re-driven, so a re-claimed job answered `replay provider
+               // call budget is exhausted` and the capture was refused. The bounded allowance below covers one
+               // retry per candidate and still fails closed on a job that keeps retrying.
+               maxProviderCalls: resolveReplayProviderCallBudget(candidates.length),
+               maxCostMicros: 1_000_000,
+               maxBytes: 8_388_608,
+               // RC16 (W3): the dispatches are serialized, so the deadline scales with
+               // the candidate count instead of racing a flat two-minute clock.
+               // Run 99 R33: multi-megabyte coding-agent prompts need a larger replay budget,
+               // otherwise the durable job expires mid-dispatch (observed live: 74-164 s per
+               // provider call for a 2.5 MiB prompt with a flat 120 s per-candidate deadline).
+               deadlineMs: replayDeadlineMs,
+             },
+           });
+           // Run 99 R33: a durable replay job that another dispatcher already holds is not a
+           // failure — the 409 `replay job is already leased` means the very idempotency this loop
+           // depends on is working. Wait the hold out inside the capture's own deadline and take the
+           // terminal receipt instead of deferring (and eventually refusing) paid work.
+           let lastReplayDispatchStatus: number | null = null;
+           // Run 98 addendum 34 S5 residual: a thrown fetch is a transport failure, not a refusal. Its real
+           // cause (undici wraps it) travels into the disposition, and the attempt is retryable inside the
+           // capture's own deadline like a lease hold — the durable job is still there to be driven.
+           let lastReplayDispatchDetail: string | null = null;
+           const leasedDispatch = await retryLeasedReplayDispatch({
+             deadlineAtMs: Date.now() + replayDeadlineMs,
+             retryable: (failure) =>
+               failure.status === 0 || isReplayInFlightFailure(failure.status, failure.body),
+             dispatch: async () => {
+               try {
+                 const attempt = await fetch(
+                   `http://127.0.0.1:${port}/api/role-model/track-b/replay`,
+                   {
+                     method: "POST",
+                     headers: { "content-type": "application/json" },
+                     body: replayRequestBody,
+                     /**
+                      * Run 98 addendum 34 S5 residual (live 2026-09-18): the dispatch waits for the whole
+                      * replay to finish, which for a multi-megabyte prompt costs 74-164 s per candidate, while
+                      * undici's default headers timeout is 300 s. The live dispositions showed
+                      * `replay endpoint HTTP 0: UND_ERR_HEADERS_TIMEOUT` — a legitimate long replay cut off by
+                      * the client's own default, retried, and cut off again until the capture's deadline
+                      * expired. The request's own deadline is the authority here, plus a bounded grace for the
+                      * response to travel back.
+                      */
+                     signal: AbortSignal.any([
+                       ...(signal ? [signal] : []),
+                       AbortSignal.timeout(Math.min(replayDeadlineMs + 60_000, 1_800_000)),
+                     ]),
+                   },
+                 );
+                 if (attempt.ok) return { ok: true as const, value: await attempt.json() };
+                 const body = await attempt.text().catch(() => "");
+                 lastReplayDispatchStatus = attempt.status;
+                 lastReplayDispatchDetail = body.slice(0, 200);
+                 return { ok: false as const, status: attempt.status, body };
+               } catch (error) {
+                 const cause = (error as { cause?: { code?: unknown; message?: unknown } })?.cause;
+                 const code =
+                   typeof cause?.code === "string" && cause.code
+                     ? cause.code
+                     : typeof cause?.message === "string" && cause.message
+                       ? cause.message.slice(0, 120)
+                       : error instanceof Error
+                         ? error.message
+                         : "unknown transport failure";
+                 lastReplayDispatchStatus = 0;
+                 lastReplayDispatchDetail = String(code).slice(0, 200);
+                 return { ok: false as const, status: 0, body: lastReplayDispatchDetail };
+               }
+             },
+           });
+           if (!leasedDispatch.value) {
+             return {
+               terminal: false,
+               branches: [],
+               failureDetail: `replay endpoint HTTP ${lastReplayDispatchStatus ?? 409}: ${String(
+                 leasedDispatch.lastFailure ?? lastReplayDispatchDetail ?? "",
+               ).slice(0, 200)}`,
+             };
+           }
+           // The receipt is authoritative: a job that reached `awaiting_evaluation`
+           // produced branches but no comparison, so it stays retryable and the ledger
+           // never counts it as a replayed counterfactual.
+           //
+           // Run 99 R29: a large replay receipt crosses the operations boundary as an
+           // externalized transfer marker; parsing the marker made `state` undefined and every
+           // such capture was deferred as "durable replay state is unknown" (observed live as
+           // recently as 06:26Z). Decode it from the worker durable-output store first.
+           const decodedReplayReceipt = decodeExternalizedOperatorReadback({
+             stateRoot: options.runtimeStateRoot,
+             scopeId: options.scopeId,
+             value: leasedDispatch.value,
+           });
+           /**
+            * Run 101 addendum 26: an `awaiting_evaluation` receipt has produced its branches and now owes a
+            * comparison, and the host owns the evaluation plane - so this is where the offer belongs. Measured live
+            * (2026-09-28 ~06:0x): 134 replays completed and offered nothing, `evaluation.score` never moved and the
+            * learner stayed parked, because the only offer site was the supervised-replay executor the queue worker
+            * does not drive. A refused offer is logged, never thrown: the replay itself already succeeded.
+            */
+           const handoffRequest = evaluationHandoffRequestFromCommandReceipt(decodedReplayReceipt);
+           /**
+            * Run 101 addendum 29's diagnostic lived here: it named the decoded receipt state once per receipt, and
+            * it was read on the rebuilt runtime (`[run101] replay receipt state=complete handoff=-`) before the
+            * evaluation path was repaired by addenda 35, 36 and 37. The state is now carried by the planes that
+            * consume it - `replay.disposition` for the outcome, the named unresolved-arm reasons for a handoff that
+            * cannot read its evidence, and the evaluation queue for the offered job - so the bespoke line is
+            * removed, exactly as the addendum's TODO required. The offer below is unchanged.
+            */
+           if (handoffRequest && lateBoundEvaluationQueue.mode !== "legacy") {
+             // Run 104 R9 producer plumbing (addendum 16): record the resume entry (counterfactual packages +
+             // per-arm effort comparability) before offering, like the supervised path — otherwise the evaluation
+             // worker's resume is a silent no-op and the comparison never carries effortComparability.
+             const evaluationJobId = `evaluation-replay-${createHash("sha256")
+               .update(String(handoffRequest.replayJobId))
+               .digest("hex")
+               .slice(0, 20)}`;
+             const arms = candidates.map((endpointId) => {
+               const descriptor = endpointDescriptors().find((d) => d.endpointId === endpointId);
+               return {
+                 endpointId,
+                 modelId: descriptor?.modelId ?? "",
+                 reasoningEffort: descriptor?.reasoningEffort ?? null,
+               };
+             });
+             const replayArmEffortComparability = classifyReplayArmEffort({
+               arms,
+               sourceModelId: typeof sourceCapture.modelId === "string" ? sourceCapture.modelId : "",
+               sourceReasoningEffort:
+                 typeof sourceCapture.reasoningEffort === "string"
+                   ? sourceCapture.reasoningEffort
+                   : null,
+             });
+             /** Run 101 addendum 27: the offer is an Effect program with a bounded retry (see the helper). */
+             const offered = await offerRecordedEvaluationHandoff({
+               replayJobId: String(handoffRequest.replayJobId),
+               record: () => {
+                 const resumeStore = evaluationResumeStoreRef.current;
+                 if (!resumeStore) return;
+                 resumeStore.record({
+                   schemaVersion: "role-model.supervised-replay-evaluation-resume.v1",
+                   replayJobId: String(handoffRequest.replayJobId),
+                   evaluationJobId,
+                   requestId: capture.captureRef,
+                   sourceCaptureRequestId:
+                     typeof sourceCapture.requestId === "string"
+                       ? sourceCapture.requestId
+                       : capture.captureRef,
+                   sourceEndpointId:
+                     typeof sourceCapture.endpointId === "string"
+                       ? sourceCapture.endpointId
+                       : (capture.sourceEndpointId ?? ""),
+                   sourceModelId:
+                     typeof sourceCapture.modelId === "string" ? sourceCapture.modelId : "",
+                   counterfactualPackages: arms.map((arm) => ({
+                     endpointId: arm.endpointId,
+                     modelId: arm.modelId,
+                     reasoningEffort: arm.reasoningEffort,
+                   })),
+                   effortComparability: replayArmEffortComparability,
+                   evaluationCriteria: derivedCriteria.criteria as unknown as Readonly<
+                     Record<string, unknown>
+                   >,
+                   evaluationCriteriaDigest: createHash("sha256")
+                     .update(JSON.stringify(derivedCriteria.criteria))
+                     .digest("hex"),
+                   scope: lastReplayCaptureScope,
+                   recordedAtMs: Date.now(),
+                   attempts: 0,
+                   resolvedAtMs: null,
+                   outcome: null,
+                   lastError: null,
+                 });
+               },
+               offer: (request) => lateBoundEvaluationQueue.offer(request),
+             });
+             if (!offered.enqueued) {
+               console.error(
+                 `[run101] evaluation queue offer declined:${handoffRequest.replayJobId} ${
+                   offered.reason ?? "unknown"
+                 }`,
+               );
+             }
+           }
+           return autoReplayExecutionFromCommandReceipt(decodedReplayReceipt);
+         },
+       });
+       queueRuntime = startReplayQueueRuntime({
+         stateRoot: queueStateRoot,
+         shippedRoot: options.repoRoot,
+         handler: async (job) => {
+           await loop.dispatchCapture(job.captureRef);
+         },
+         onAttemptFailure: (error, job) => {
+           console.error(
+             `[run101] replay dispatch attempt failed:${job.captureRef} ${String(
+               (error as { message?: unknown })?.message ?? error,
+             ).slice(0, 200)}`,
+           );
+         },
+       });
+       if (queueRuntime.mode !== "legacy") {
+         console.error(
+           `[run101] replay queue plane:${queueRuntime.mode} queue:${queueRuntime.policy.queue} worker:${
+             queueRuntime.worker ? "running" : "none"
+           }`,
+         );
+       }
+       /**
+        * Run 101 R5: the evaluation worker runs beside the replay loop and drives
+        * exactly the handoff its job names through the same resume implementation
+        * the tick's sweep uses (`resumeEvaluationsRef`), which is what keeps
+        * evidence writing in one place.
+        */
+       evaluationQueueRuntime = startEvaluationQueueRuntime({
+         stateRoot: queueStateRoot,
+         shippedRoot: options.repoRoot,
+         handler: async (job) => {
+           const resume = resumeEvaluationsRef.current;
+           if (!resume) throw new Error("evaluation resume implementation is not available yet");
+           const scope = job.replayJobId ? { onlyReplayJobId: job.replayJobId } : undefined;
+           const result = await resume(scope);
+           /**
+            * Run 101 addendum 03: a scoped resume with nothing left in the store
+            * (`remaining: 0`) is the handoff being already finalized - a terminal
+            * no-op the worker acks. Only "nothing progressed and work remains" is a
+            * retryable failure; the strict version marked an already-done handoff
+            * failed after four attempts (measured live on `:3457`).
+            */
+           if (evaluationAttemptOutcome(result) === "retry") {
+             throw new Error(
+               `evaluation job ${job.groupId ?? job.replayJobId ?? "unknown"} made no progress`,
+             );
+           }
+           /**
+            * Run 101 addendum 36 (G1-b): a `no-op` is a *silent* success — the worker had nothing to resume, so
+            * the row is recorded `completed` and the operator's readback counts it as evaluation throughput.
+            * Measured live on `:3457` (2026-09-28): 16 of the 46 `evaluation.score` rows were exactly that, and
+            * the plane's `completedRecent` could not be told apart from "comparisons were scored". The ack is now
+            * named, so the two are distinguishable in the log without changing the plane's counters.
+            */
+           if (evaluationAttemptOutcome(result) === "no-op") {
+             console.error(
+               `[run101] evaluation job acked with nothing to resume:${job.groupId ?? job.replayJobId ?? "unknown"}`,
+             );
+           }
+         },
+         onAttemptFailure: (error, job) => {
+           console.error(
+             `[run101] evaluation attempt failed:${job.groupId ?? job.replayJobId ?? "unknown"} ${String(
+               (error as { message?: unknown })?.message ?? error,
+             ).slice(0, 200)}`,
+           );
+         },
+       });
+       if (evaluationQueueRuntime.mode !== "legacy") {
+         console.error(
+           `[run101] evaluation queue plane:${evaluationQueueRuntime.mode} worker:${
+             evaluationQueueRuntime.worker ? "running" : "none"
+           }`,
+         );
+       }
+       /**
+        * Run 101 R6: the learner plane's two workers run beside the replay loop.
+        * Derivation is scoped to the job's group (so a job works on its own
+        * comparison) and promotion consumes candidates the worker has not yet
+        * validated, one at a time.
+        */
+       learnerDeriveQueueRuntime = startLearnerQueueRuntime({
+         kind: "learner.derive",
+         options: {
+           stateRoot: queueStateRoot,
+           shippedRoot: options.repoRoot,
+           deriveHandler: async (job) => {
+             const derive = sweepOperations.deriveLearnerCandidates;
+             if (typeof derive !== "function") {
+               throw new Error("learner derivation is not available");
+             }
+             const summary = (await derive({
+               limit: 1,
+               onlyGroupIds: [job.groupId],
+               /**
+                * Run 101 R6: the second hop. A derivation that persisted a
+                * candidate is what feeds `learner.promote`, so the chain
+                * continues here rather than waiting for the consume sweep to
+                * notice. A refused offer is logged, not thrown - the candidate is
+                * already durable.
+                */
+               onDerivedCandidate: (candidateId: string, groupId: string) => {
+                 if (lateBoundLearnerQueues.promote.mode === "legacy") return;
+                 void lateBoundLearnerQueues.promote
+                   .offer({ candidateId, groupId })
+                   .then((offered) => {
+                     if (!offered.enqueued) {
+                       console.error(
+                         `[run101] learner promote offer declined:${candidateId} ${
+                           offered.reason ?? "unknown"
+                         }`,
+                       );
+                     }
+                   })
+                   .catch((error: unknown) => {
+                     console.error(
+                       `[run101] learner promote offer failed:${candidateId} ${String(
+                         (error as { message?: unknown })?.message ?? error,
+                       ).slice(0, 160)}`,
+                     );
+                   });
+               },
+             })) as { derived?: number; examined?: number; refused?: number };
+             // No examination means the group is gone (or no longer learnable);
+             // a named skip is a retry, not a silent success.
+             if (!summary || (summary.examined ?? 0) === 0) {
+               throw new Error(`no learnable comparison for ${job.groupId}`);
+             }
+           },
+           onDeriveFailure: (error, job) => {
+             console.error(
+               `[run101] learner derive attempt failed:${job.groupId} ${String(
+                 (error as { message?: unknown })?.message ?? error,
+               ).slice(0, 200)}`,
+             );
+           },
+         },
+       });
+       learnerPromoteQueueRuntime = startLearnerQueueRuntime({
+         kind: "learner.promote",
+         options: {
+           stateRoot: queueStateRoot,
+           shippedRoot: options.repoRoot,
+           promoteHandler: async (job) => {
+             const consume = sweepOperations.learnFromUnconsumedCandidates;
+             if (typeof consume !== "function") {
+               throw new Error("learner promotion is not available");
+             }
+             /**
+              * Run 101 addendum 44: scoped to this job's candidate - the sweep ignores `limit` and walks
+              * its own page, so without `candidateId` a per-candidate job could consume another
+              * candidate's work. The outcome is classified rather than thrown blindly, so the reason names
+              * what is true ("no finalized comparison was available") instead of claiming a validation
+              * verdict the sweep never reached.
+              */
+             const result = (await consume({
+               limit: 1,
+               candidateId: job.candidateId,
+             })) as { consumed?: number } | null;
+             const outcome = classifyLearnerPromotionResult({
+               candidateId: job.candidateId,
+               result,
+             });
+             if (outcome.kind === "not_validatable") throw new Error(outcome.reason);
+           },
+           onPromoteFailure: (error, job) => {
+             console.error(
+               `[run101] learner promote attempt failed:${job.candidateId} ${String(
+                 (error as { message?: unknown })?.message ?? error,
+               ).slice(0, 200)}`,
+             );
+           },
+         },
+       });
+       return loop;
+     };
+     const postObservationHandler =
+       (runtime: Awaited<ReturnType<typeof createProductionExtensionRuntime>>) =>
+       (observation: Parameters<typeof runTrackBPostObservation>[1]) => {
+         const processingInput = {
+           scope: options.scopeId,
+           channel: packagedProfile?.channel ?? "development",
+           authorizationEpoch: 1,
+           // R3: counterfactual candidates come from the running registry, not from
+           // the capture's frozen decision snapshot.
+           // Run 98 addendum 34 S1: the arm bound is resolved *here*, in the process that reads the operator's
+           // environment, and travels with the work item. The sidecar that consumes it is a child process with
+           // its own environment, so a bound resolved only there ignored the override (measured on v216: three
+           // arms with the bound set to four).
+           configuredCandidateEndpointIds: configuredEndpointIdsRef.current.slice(
+             0,
+             resolveMaxCounterfactualArms(),
+           ),
+           // Run 98 R4: durable advisory observations (state distribution + influence rate).
+           advisoryObservationLedgerPath: path.join(
+             options.runtimeStateRoot,
+             options.scopeId,
+             "track-b",
+             "advisory-observations.json",
+           ),
+           /**
+            * Addendum 58 §18: the post-observation pipeline resolves externalized extension answers (the
+            * comparison readback, the reference attestation) from the worker's durable-output store, and that
+            * needs the state root the runtime was launched with.
+            */
+           contractStateRoot: options.runtimeStateRoot,
+           ...(packagedReleaseId
+             ? {
+                 expectedReleaseId: resolvePostObservationReleaseId({
+                   packagedReleaseId,
+                   correlationReleaseId:
+                     observation.run88Correlation && typeof observation.run88Correlation === "object"
+                       ? (observation.run88Correlation as Record<string, unknown>).releaseId
+                       : undefined,
+                 }),
+                 run88Correlation: observation.run88Correlation as Record<string, unknown>,
+               }
+             : {}),
+           // Run 99 close-out (addendum 21 §4 S33): the judge presentation order is part of the
+           // comparability key, so the comparison records the policy it was produced under.
+           judgeOrderPolicy:
+             readLearningPolicyFile({
+               repoRoot: options.repoRoot,
+               stateRoot: resolveLearningPolicyStateRoot({
+                 runtimeStateRoot: options.runtimeStateRoot,
+                 scopeId: options.scopeId,
+               }),
+               channel: packagedProfile?.channel ?? "development",
+               scopeId: options.scopeId,
+             })?.effective.judgeOrderPolicy ?? null,
+           /**
+            * Run 100 R1 (live finding, clean verification window): the routing-shadow path planned its
+            * arms without consulting the judge, so a capture whose configured candidates include the
+            * controller endpoint created a durable job with the judge among its cases and
+            * `evaluation-core` refused it (`judge_candidate_overlap`, capture `req-26a7d08a-034e-424a`,
+            * no job row). The replay path already resolves the judge per tick for exactly this reason;
+            * the post-observation path now resolves it per observation and excludes it from the arms.
+            */
+           resolveJudgeEndpointId: async () => {
+             const readControllerAssignment = (
+               options as { readControllerAssignment?: () => Promise<unknown> }
+             ).readControllerAssignment;
+             const assignment = await Promise.resolve(readControllerAssignment?.()).catch(
+               () => null,
+             );
+             const endpointId =
+               assignment && typeof assignment === "object" && !Array.isArray(assignment)
+                 ? (assignment as Record<string, unknown>).endpointId
+                 : null;
+             if (typeof endpointId === "string" && endpointId.length > 0) return endpointId;
+             /**
+              * Run 100 addendum 19 (item 8c): the same durable fallback the auto-replay tick uses. A judge
+              * that resolves to nothing here is the measured cause of the judge being planned as an arm and
+              * of the tick's `judge_candidate_overlap` guard never firing.
+              */
+             return readPersistedControllerEndpointId({
+               runtimeStateRoot: options.runtimeStateRoot,
+               scopeId: options.scopeId,
+             });
+           },
+         } as const;
+         const operations = postObservationOperations;
+         return operations
+           ? runTrackBPostObservationWithContribution(
+               runtime,
+               observation,
+               processingInput,
+               (aggregate) => operations.recordContributionAggregate(aggregate),
+             )
+           : runTrackBPostObservation(runtime, observation, processingInput);
+       };
+     const drainPostObservationOutbox = async (
+       runtime: Awaited<ReturnType<typeof createProductionExtensionRuntime>>,
+     ) => postObservationOutbox.drain(postObservationHandler(runtime));
+
+     // Run 98 addendum 39 S1: routing must not depend on replays. The durable outbox
+     // owns delivery, so a live request only enqueues and asks for a drain. Awaiting
+     // the drain inside the request made the client pay for the whole backlog and for
+     // slow extension work (measured 75-100 s wall against a 2-3 s upstream call).
+     // Delivery is single-flight and background; the periodic kick started with the
+     // extension runtime drains a backlog even when no further request arrives.
+     const postObservationDrain = createSingleFlightBackgroundDrain<
+       Awaited<ReturnType<typeof createProductionExtensionRuntime>>
+     >({
+       drain: (runtime) => drainPostObservationOutbox(runtime),
+       onError: (error) => {
+         console.error("Track B post-observation drain failed", error);
+       },
+     });
+     const schedulePostObservationDrain = (
+       runtime: Awaited<ReturnType<typeof createProductionExtensionRuntime>> | null | undefined,
+     ): void => {
+       postObservationDrain.schedule(runtime);
+     };
+     const createBackend = async (
+       trackBOperationsEndpoint?: string,
+       trackBOperationsToken?: string,
+       runStartupSQLiteMaintenance = true,
+     ) => {
+       postObservationOperations = trackBOperationsEndpoint
+         ? createTrackBOperations({
+             statePath: path.join(
+               options.runtimeStateRoot,
+               options.scopeId,
+               "track-b-production-bridge.json",
+             ),
+             catalog: [],
+             runtimeChannel: packagedProfile?.channel ?? "development",
+             scope: options.scopeId,
+             authorizationEpoch: 1,
+             operationsEndpoint: trackBOperationsEndpoint,
+             operationsToken: trackBOperationsToken,
+             contractStateRoot: options.runtimeStateRoot,
+           })
+         : null;
+       activeLearningSummaryReader = postObservationOperations
+         ? (() => {
+             const reader = postObservationOperations;
+             return () => reader.readLearningSummary();
+           })()
+         : null;
+       const operatorOperations = postObservationOperations;
+       const created = await createRuntimeBridgeBackend({
+         fixtureRoot: resolveCliFixtureRoot(options.repoRoot, args.values["fixture-root"]),
+         repoRoot: options.repoRoot,
+         runtimeStateRoot: options.runtimeStateRoot,
+         scopeId: options.scopeId,
+         runtimeChannel: packagedProfile?.channel ?? "development",
+         ...(operatorAuthToken ? { operatorAuthToken } : {}),
+         ...(run88StageIdentity ? { run88StageIdentity } : {}),
+         unifiedRuntimeConfigPath: options.unifiedRuntimeConfigPath,
+         ...(trackBOperationsEndpoint ? { trackBOperationsEndpoint } : {}),
+         ...(trackBOperationsToken ? { trackBOperationsToken } : {}),
+         trackBExtensionHealth: () => {
+           const runtime = extensionRuntimeRef.current;
+           if (!runtime) {
+             return {
+               host: { extensions: [] as const },
+               supervisor: {},
+             };
+           }
+           const health = runtime.health();
+           return {
+             host: health.host as { readonly extensions?: readonly string[] },
+             supervisor: health.supervisor,
+           };
+         },
+         trackBExtensionRuntime: () => extensionRuntimeRef.current,
+         trackBQaExtensionCatalog: () =>
+           qaExtensions.map((extension) => ({
+             id: extension.descriptor.id,
+             name: extension.descriptor.id,
+             description: "Explicit test-only packaged-runtime extension.",
+             routingDependency: false,
+             testOnly: true,
+             protocolVersion: extension.descriptor.protocolVersion,
+             capabilities: extension.descriptor.capabilities,
+             ...(qaStartupReceipts.has(extension.descriptor.id)
+               ? { qaStartupReceipt: qaStartupReceipts.get(extension.descriptor.id) }
+               : {}),
+           })),
+         trackBPostObservationReceipts: () => postObservationOutbox.read(),
+         readTrackBPostObservationReceipt: (requestId) =>
+           postObservationOutbox.readReceipt(requestId),
+         readTrackBExtensionReadback: async (body) => {
+           const requestId = String(body.requestId ?? "").trim();
+           if (!requestId) throw new Error("Track B extension readback requestId is required");
+           const runtime = extensionRuntimeRef.current;
+           if (!runtime) throw new Error("Track B extension runtime is unavailable");
+           const receipt = await postObservationOutbox.drainUntilReceipt(
+             requestId,
+             postObservationHandler(runtime),
+           );
+           if (!receipt) throw new Error(`Track B observation receipt not found: ${requestId}`);
+           const result = receipt.result as Record<string, unknown>;
+           const closure = result.extensionClosure as TrackBExtensionClosure | undefined;
+           if (!closure)
+             throw new Error(`Track B observation has no extension closure: ${requestId}`);
+           return verifyTrackBExtensionClosureAfterRestart(runtime, closure, {
+             channel: packagedProfile?.channel ?? "development",
+             scope: options.scopeId,
+             authorizationEpoch: 1,
+             readDurableEvidence: async ({ durableLocator, durableOutputId }) =>
+               runtime.invoke("artifact-store", {
+                 requestId: `${requestId}:readback:evidence:${durableOutputId}`,
+                 protocolVersion: "1.1.0",
+                 channel: packagedProfile?.channel ?? "development",
+                 scope: options.scopeId,
+                 authorizationEpoch: 1,
+                 capability: "artifact:read",
+                 payload: { durableLocator, durableOutputId },
+               }),
+           });
+         },
+         runTrackBSupervisedReplay: async (body) => {
+           const requestId = typeof body.requestId === "string" ? body.requestId.trim() : "";
+           const idempotencyKey =
+             typeof body.idempotencyKey === "string" ? body.idempotencyKey.trim() : "";
+           const candidateEndpointIds = Array.isArray(body.candidateEndpointIds)
+             ? [
+                 ...new Set(
+                   body.candidateEndpointIds.filter(
+                     (value): value is string =>
+                       typeof value === "string" && value.trim().length > 0,
+                   ),
+                 ),
+               ]
+             : [];
+           if (!requestId || !idempotencyKey || candidateEndpointIds.length === 0) {
+             throw new Error(
+               "supervised replay requires requestId, idempotencyKey, and candidateEndpointIds",
+             );
+           }
+           if (candidateEndpointIds.length > 6) {
+             throw new Error("supervised replay candidate count exceeds the host bound");
+           }
+           const budget = body.budget;
+           if (
+             !budget ||
+             typeof budget !== "object" ||
+             Array.isArray(budget) ||
+             !["maxCandidates", "maxProviderCalls", "maxCostMicros", "maxBytes", "deadlineMs"].every(
+               (key) =>
+                 Number.isSafeInteger((budget as Record<string, unknown>)[key]) &&
+                 Number((budget as Record<string, unknown>)[key]) > 0,
+             )
+           ) {
+             throw new Error("supervised replay requires a complete positive integer budget");
+           }
+           if (
+             Number((budget as Record<string, unknown>).maxCandidates) <
+               candidateEndpointIds.length ||
+             Number((budget as Record<string, unknown>).maxProviderCalls) <
+               candidateEndpointIds.length
+           ) {
+             throw new Error("supervised replay budget cannot cover every requested candidate");
+           }
+           const replayBudget = budget as Record<string, unknown>;
+           const replayBudgetReservation = resolveReplayCandidateBudgetReservation({
+             budget: replayBudget,
+             candidateCount: candidateEndpointIds.length,
+           });
+           const runtime = extensionRuntimeRef.current;
+           const operations = currentPostObservationOperations();
+           if (!runtime || !operations) throw new Error("supervised replay runtime is not ready");
+           const capture = await operations.readLocalRouteCapture({ requestId });
+           if (!capture || typeof capture !== "object" || Array.isArray(capture)) {
+             throw new Error(`durable route capture is unavailable for replay request ${requestId}`);
+           }
+           const sourceCapture = capture as Record<string, unknown>;
+           const sourceReplay =
+             sourceCapture.replaySource &&
+             typeof sourceCapture.replaySource === "object" &&
+             !Array.isArray(sourceCapture.replaySource)
+               ? (sourceCapture.replaySource as Record<string, unknown>)
+               : null;
+           const originallyEligibleEndpointIds =
+             sourceReplay && Array.isArray(sourceReplay.eligibleEndpointIds)
+               ? [
+                   ...new Set(
+                     sourceReplay.eligibleEndpointIds.filter(
+                       (value): value is string =>
+                         typeof value === "string" && value.trim().length > 0,
+                     ),
+                   ),
+                 ].sort()
+               : [];
+           const capturedSourceEndpointId =
+             (sourceReplay && typeof sourceReplay.selectedEndpointId === "string"
+               ? sourceReplay.selectedEndpointId
+               : null) ??
+             (sourceReplay && typeof sourceReplay.endpointId === "string"
+               ? sourceReplay.endpointId
+               : null);
+           const sourceMessages = Array.isArray(sourceCapture.messages)
+             ? sourceCapture.messages
+             : [];
+           // Run 98 addendum 45 J2: the judge is the configured controller, resolved here for this capture.
+           // No policy write and no environment pin are involved, so a controller change is enough.
+           const evalJudgeEndpointId = (
+             await resolveControllerJudge(
+               created,
+               readLearningPolicyFile({
+                 repoRoot: options.repoRoot,
+                 stateRoot: resolveLearningPolicyStateRoot({
+                   runtimeStateRoot: options.runtimeStateRoot,
+                   scopeId: options.scopeId,
+                 }),
+                 channel: packagedProfile?.channel ?? "development",
+                 scopeId: options.scopeId,
+               }),
+             )
+           ).endpointId;
+           /**
+            * Run 104 R1: the arm must be able to serve the capture's request, so the planner reads the
+            * capture's own recorded decision (inferred and marked when the capture predates the field)
+            * and the configured endpoints' declarations, and applies the router's own rule.
+            */
+           const replayRequestRequirements = readReplayRequestRequirements(sourceCapture);
+           const replayEndpointProfiles = created.effectiveRegistry.endpoints.map((endpoint) => ({
+             endpointId: endpoint.identity.endpoint_id,
+             capabilities: endpoint.declared.capabilities,
+             modalities: endpoint.declared.modalities,
+           }));
+           const replayCandidateRejections: ReplayCandidateRejection[] = [];
+           const distinctReplayCandidates = selectReplayCandidates({
+             configuredEndpointIds: candidateEndpointIds,
+             sourceEndpointId: capturedSourceEndpointId,
+             // Run 98 addendum 33 S3: rotate the counterfactual per request so the comparison graph gains
+             // edges across captures rather than repeating one pair (the live store's 465-of-465 star).
+             rotationKey: requestId,
+             // Run 98 addendum 30 S1/S2 (`guidance/11` `judgePolicy.excludeFromLiveEvaluation`): the
+             // judge is a designated client and is never offered as a scored candidate, so a battle
+             // cannot contain the endpoint that judges it.
+             ...(evalJudgeEndpointId ? { excludedEndpointIds: [evalJudgeEndpointId] } : {}),
+             requirements: replayRequestRequirements,
+             endpointProfiles: replayEndpointProfiles,
+             onRejected: (rejection) => replayCandidateRejections.push(rejection),
+           });
+           const replayPolicySet = buildReplayPolicySet();
+           const replayLedger = createReplayLedger({
+             filePath: path.join(
+               options.runtimeStateRoot,
+               options.scopeId,
+               "track-b-replay-ledger.json",
+             ),
+             limits: resolveChannelScopedReplayLedgerLimits({
+               repoRoot: options.repoRoot,
+               runtimeStateRoot: options.runtimeStateRoot,
+               scopeId: options.scopeId,
+               channel: packagedProfile?.channel ?? "development",
+             }),
+           });
+           const replayLedgerStatus = replayLedger.status();
+           const admission = decideReplayAdmission({
+             channelReplayEnabled: true,
+             captureAvailable: true,
+             scopeAuthorized: true,
+             authorizationEpochValid: true,
+             retentionReplayable: true,
+             privacyReplayable: true,
+             distinctCandidateCount: distinctReplayCandidates.length,
+             /**
+              * Run 100 addendum `00-requirements.benchmark-traffic-exclusion.addendum-01`: the on-demand
+              * replay path refuses benchmark captures by name for the same reason the producer does.
+              */
+             sourceIsBenchmark: isBenchmarkReplaySourceRef(requestId),
+             /**
+              * Run 100 addendum 16 item 3 / 8a: the recovered capture carries the class its own durable
+              * evidence proved, so the on-demand path refuses a marker-echo probe for the same reason the
+              * automatic producer does rather than re-deriving it from the transcript.
+              */
+             sourceIsSyntheticProbe: isSyntheticProbeSourceClass(
+               (sourceCapture.replayEvidenceClass as Record<string, unknown> | undefined)?.class,
+             ),
+             budgetAvailable: replayBudgetAvailable(replayLedgerStatus),
+             alreadyProcessed: replayLedger.hasTerminalCounterfactual(
+               requestId,
+               replayPolicySet.policySetDigest,
+             ),
+             sourceIsReplayProduced:
+               sourceReplay !== null && sourceReplay.parentTraceId !== undefined,
+             policyIdsResolvable: resolveReplayPolicySet(replayPolicySet).ok,
+             dependenciesAvailable: true,
+             /**
+              * Run 108: this caller is the one that plans arms, so it must say whether the judge it will exclude
+              * is known. `evalJudgeEndpointId` is resolved for this capture above and is `""` when the
+              * controller-assignment read fails; admitting the capture then plans arms that may contain the
+              * judge, and the judge (resolved again at completion) then scores its own comparison.
+              */
+             judgeResolved: Boolean(evalJudgeEndpointId),
+           });
+           if (!admission.admitted) {
+             /**
+              * Run 104 R1: arms the router's rule rejected are named in the failure, so a planner that
+              * ran out of candidates says which endpoints could not serve the request and why.
+              */
+             const rejectedDetail =
+               replayCandidateRejections.length === 0
+                 ? ""
+                 : ` (rejected arms: ${replayCandidateRejections
+                     .map((rejection) => `${rejection.endpointId} (${rejection.code})`)
+                     .join(", ")})`;
+             throw new Error(`${admission.code}: ${admission.detail}${rejectedDetail}`);
+           }
+           const { toolPolicy: resolvedReplayToolPolicy, reason: replayToolPolicyReason } =
+             resolveReplayToolPolicy({
+               hasRecordedToolResults: hasRecordedToolResults(sourceCapture),
+               hasToolCalls: hasToolCalls(sourceCapture),
+             });
+           /**
+            * Run 104 R1: the dispatch set is the requested arms minus the arms the router's own rule rejected,
+            * re-checked at the dispatch boundary so a configuration change between planning and dispatch cannot
+            * turn into a provider-bound 400. Rejections are recorded; the replay only fails when nothing
+            * survives, instead of aborting whenever any requested arm is ineligible.
+            */
+           const replayDispatchPlan = planReplayDispatchArms({
+             requestedEndpointIds: candidateEndpointIds,
+             selectionRejections: replayCandidateRejections,
+             requirements: replayRequestRequirements,
+             endpointProfiles: replayEndpointProfiles,
+           });
+           if (replayDispatchPlan.plannedEndpointIds.length === 0) {
+             throw new Error(
+               `replay arm cannot serve the capture's request requirements: ${replayDispatchPlan.rejections
+                 .map((rejection) => `${rejection.endpointId} (${rejection.code})`)
+                 .join(", ")}`,
+             );
+           }
+           const endpoints = created.effectiveRegistry.endpoints;
+           /**
+            * Run 104 R9: an arm whose own model is configured at the source capture's reasoning effort under a
+            * different endpoint id is repointed to that variant, so the comparison does not confound capability
+            * with effort. The repointed set is re-checked against the same eligibility rule before dispatch, and
+            * the comparability of every surviving arm travels with the replay payload.
+            */
+           const configuredReplayArms = endpoints.map((endpoint) => ({
+             endpointId: endpoint.identity.endpoint_id,
+             modelId: endpoint.identity.model_id,
+             reasoningEffort: endpoint.identity.reasoning_effort ?? null,
+           }));
+           const replaySourceModelId =
+             typeof sourceCapture.modelId === "string" ? sourceCapture.modelId : "";
+           const replaySourceReasoningEffort =
+             typeof sourceCapture.reasoningEffort === "string"
+               ? sourceCapture.reasoningEffort
+               : null;
+           const effortMatchedReplayArms = preferEffortMatchedReplayArms({
+             arms: replayDispatchPlan.plannedEndpointIds.map(
+               (endpointId) =>
+                 configuredReplayArms.find((item) => item.endpointId === endpointId) ?? {
+                   endpointId,
+                   modelId: "",
+                   reasoningEffort: null,
+                 },
+             ),
+             configuredEndpoints: configuredReplayArms,
+             sourceModelId: replaySourceModelId,
+             sourceReasoningEffort: replaySourceReasoningEffort,
+           });
+           const replayArmPlan = planReplayDispatchArms({
+             requestedEndpointIds: effortMatchedReplayArms.map((arm) => arm.endpointId),
+             selectionRejections: replayDispatchPlan.rejections,
+             requirements: replayRequestRequirements,
+             endpointProfiles: replayEndpointProfiles,
+           });
+           if (replayArmPlan.plannedEndpointIds.length === 0) {
+             throw new Error(
+               `replay arm cannot serve the capture's request requirements: ${replayArmPlan.rejections
+                 .map((rejection) => `${rejection.endpointId} (${rejection.code})`)
+                 .join(", ")}`,
+             );
+           }
+           const candidatePackages = replayArmPlan.plannedEndpointIds.map((endpointId) => {
+             const endpoint = endpoints.find((item) => item.identity.endpoint_id === endpointId);
+             if (!endpoint)
+               throw new Error(
+                 `supervised replay candidate is not a configured endpoint: ${endpointId}`,
+               );
+             return {
+               endpointId,
+               modelId: endpoint.identity.model_id,
+               reasoningEffort: endpoint.identity.reasoning_effort ?? null,
+               promptAdapterId: "router-host/default-v1",
+               toolPolicy: resolvedReplayToolPolicy,
+               toolPolicyReason: replayToolPolicyReason,
+               toolPolicyDigest: replayPolicySet.tool.policyDigest,
+               policySetDigest: replayPolicySet.policySetDigest,
+               sourceEligibleEndpointIds: originallyEligibleEndpointIds,
+               experiencePackId: "none",
+               samplingProfileId: "deterministic-v1",
+               ...replayBudgetReservation,
+             };
+           });
+           const evaluationCriteria = normalizeTrackBSemanticEvaluationCriteria(
+             body.evaluationCriteria,
+           );
+           const evaluationCriteriaDigest =
+             digestTrackBSemanticEvaluationCriteria(evaluationCriteria);
+           const sourceResponse =
+             sourceCapture.response && typeof sourceCapture.response === "object"
+               ? (sourceCapture.response as Record<string, unknown>)
+               : null;
+           // Observable output identity: prefer the recorded assistant text and fall
+           // back to the bounded response excerpt or recorded request text when the
+           // capture stored an empty assistant message. This text is the source
+           // trial's independently observed result; the caller's evaluation criteria
+           // come from branch-shared task evidence, never from this graded output.
+           const sourceOutput = extractSourceOutputText(sourceCapture);
+           const sourceEndpointId =
+             typeof sourceCapture.endpointId === "string" ? sourceCapture.endpointId : "";
+           const sourceModelId =
+             typeof sourceCapture.modelId === "string" ? sourceCapture.modelId : "";
+           if (!sourceOutput || !sourceEndpointId || !sourceModelId) {
+             throw new Error(
+               "supervised replay source capture lacks independently observable output identity",
+             );
+           }
+           const counterfactualPackages = candidatePackages.filter(
+             (candidate) =>
+               candidate.endpointId !== sourceEndpointId &&
+               // Run 98 addendum 30 S2: the designated judge is never a scored candidate, whatever
+               // the dispatch list said.
+               (!evalJudgeEndpointId || candidate.endpointId !== evalJudgeEndpointId),
+           );
+           if (counterfactualPackages.length === 0) {
+             throw new Error(
+               "supervised replay requires an eligible counterfactual distinct from the source endpoint",
+             );
+           }
+           /**
+            * Run 104 R9: the comparability dimension the receipt has to be able to answer - was this comparison
+            * effort-matched, or is capability confounded with a reasoning-effort variant?
+            */
+           const replayArmEffortComparability = classifyReplayArmEffort({
+             arms: counterfactualPackages.map((candidate) => ({
+               endpointId: candidate.endpointId,
+               modelId: candidate.modelId,
+               reasoningEffort: candidate.reasoningEffort ?? null,
+             })),
+             sourceModelId,
+             sourceReasoningEffort: replaySourceReasoningEffort,
+           });
+           const channel = packagedProfile?.channel ?? "development";
+           // Bind the replay source to the capture's own runtime scope: the durable
+           // capture records the private runtime scope, which is not necessarily the
+           // host's operator scope.
+           const captureScope =
+             typeof sourceCapture.scope === "string" && sourceCapture.scope.trim()
+               ? sourceCapture.scope.trim()
+               : options.scopeId;
+           /**
+            * Run 101 addendum 36 - the single writer for this handoff's resume entry.
+            *
+            * Recorded when the handoff is *offered* (`handoffEvaluation`) as well as when the completion starts
+            * (`completeEvaluation`), so the window between the offer and the completion holds a resumable entry.
+            * Measured live on `:3457` (2026-09-28): 19 of the 46 `evaluation.score` rows had no resume entry and
+            * no Evaluation Core job, and 16 of those were recorded `completed` — the worker's `no-op`
+            * classification acked them and the comparison the replay had already paid for never happened.
+            * `record()` is idempotent (it returns the existing entry unchanged), so the second call is free and
+            * can never overwrite a live entry.
+            */
+           const recordEvaluationResumeEntry = (input: {
+             readonly replayJobId: string;
+             readonly evaluationJobId: string;
+             readonly requestId: string;
+             readonly sourceCaptureRequestId: string;
+             readonly scope: string | null;
+           }): void => {
+             if (!input.replayJobId || !input.evaluationJobId || !input.sourceCaptureRequestId)
+               return;
+             try {
+               evaluationResumeStore.record({
+                 schemaVersion: "role-model.supervised-replay-evaluation-resume.v1",
+                 replayJobId: input.replayJobId,
+                 evaluationJobId: input.evaluationJobId,
+                 requestId: input.requestId,
+                 sourceCaptureRequestId: input.sourceCaptureRequestId,
+                 sourceEndpointId,
+                 sourceModelId,
+                 counterfactualPackages: counterfactualPackages.map((candidate) => ({
+                   endpointId: candidate.endpointId,
+                   modelId: candidate.modelId,
+                   reasoningEffort: candidate.reasoningEffort ?? null,
+                 })),
+                 /**
+                  * Run 104 R9: per-arm effort comparability against the source capture, so the validation
+                  * receipt can record a confound instead of presenting it as a capability result.
+                  */
+                 effortComparability: replayArmEffortComparability,
+                 evaluationCriteria: evaluationCriteria as unknown as Readonly<
+                   Record<string, unknown>
+                 >,
+                 evaluationCriteriaDigest,
+                 // Run 98 addendum 34 S5: the durable replay job is bound to this scope, so
+                 // terminalizing it later needs the same value (see `onAbandoned`).
+                 scope: input.scope,
+                 recordedAtMs: Date.now(),
+                 attempts: 0,
+                 resolvedAtMs: null,
+                 outcome: null,
+                 lastError: null,
+               });
+             } catch (error) {
+               console.error(
+                 `[run99] evaluation resume entry declined:${input.requestId} ${String(
+                   (error as { message?: unknown })?.message ?? error,
+                 ).slice(0, 200)}`,
+               );
+             }
+           };
+           // R3: the frozen decision snapshot is provenance, not a filter. Captures
+           // that do not record one (for example a channel that captured a single
+           // eligible endpoint) still replay against the configured candidate set,
+           // and the effective set is what the attestation binds.
+           const effectiveEligibleEndpointIds =
+             originallyEligibleEndpointIds.length > 0
+               ? originallyEligibleEndpointIds
+               : [
+                   ...new Set([
+                     ...(typeof sourceCapture.endpointId === "string" &&
+                     sourceCapture.endpointId.trim()
+                       ? [sourceCapture.endpointId.trim()]
+                       : capturedSourceEndpointId
+                         ? [capturedSourceEndpointId]
+                         : []),
+                     ...replayDispatchPlan.plannedEndpointIds,
+                   ]),
+                 ].sort();
+           const attestation = createReplaySourceAttestation({
+             channel,
+             scope: captureScope,
+             authorizationEpoch: 1,
+             capture: sourceCapture,
+             eligibleEndpointIds: effectiveEligibleEndpointIds,
+           });
+           const dispatched = new Map<
+             string,
+             {
+               readonly execution: Awaited<ReturnType<typeof created.executeChatCompletions>>;
+               readonly replayRequestId: string;
+             }
+           >();
+           const preparedBranches = new Map<
+             string,
+             { readonly branchRootRef: string; readonly branchRequestId: string }
+           >();
+           // R7/R11: the on-demand path consumes the same daily ledger as the
+           // automatic producer, reserving on the first dispatch and recording every
+           // candidate call so both paths share one accounting authority.
+           let ledgerReservationId: string | null = null;
+           // Each replay attempt gets its own prepared-branch identity: a retry inside
+           // the same attempt stays idempotent, while a later attempt appends a new
+           // branch instead of colliding with the previous attempt's immutable bytes.
+           const replayAttemptToken = createHash("sha256")
+             .update(`${requestId}:${idempotencyKey}`)
+             .digest("hex")
+             .slice(0, 12);
+           const adapter = createProductionReplayAdapter({
+             runtimeStateRoot: options.runtimeStateRoot,
+             // The adapter, the attestation, and the replay job must all bind the same
+             // scope: the durable capture's runtime scope.
+             scopeId: captureScope,
+             channel,
+             scope: captureScope,
+             authorizationEpoch: 1,
+             dispatch: async (envelope) => {
+               const candidateEndpointId = String(envelope.candidateEndpointId ?? "");
+               const candidate = candidatePackages.find(
+                 (item) => item.endpointId === candidateEndpointId,
+               );
+               if (!candidate)
+                 throw new Error("replay dispatch candidate package is not host-authorized");
+               // R13/R7: every capture this attempt writes must be attempt-scoped. Run 100 addendum
+               // `replay-dispatch-lifecycle.addendum-04` S9: the identity is scoped by the dispatch envelope's
+               // per-attempt nonce, not just by the job and candidate - a retry inside one attempt stays
+               // idempotent, while a re-claimed job's fresh attempt (which replay-core mints a new nonce for)
+               // writes new bytes under a new capture id instead of colliding with the previous attempt's
+               // immutable capture (`route capture idempotency key was reused with different immutable bytes`,
+               // measured live on `:3457`).
+               const replayJobId =
+                 typeof envelope.replayJobId === "string" ? envelope.replayJobId : "";
+               const replayAttemptToken = replayDispatchCaptureToken({
+                 replayJobId,
+                 candidateEndpointId,
+                 dispatchNonce:
+                   typeof envelope.nonce === "string" && envelope.nonce ? envelope.nonce : null,
+               });
+               const replayRequestId = `replay-${requestId}-${replayAttemptToken}`;
+               const execution = await created.executeChatCompletions(
+                 {
+                   model: candidate.modelId,
+                   // Tool linkage must survive the capture -> provider hop; recorded
+                   // tool results stay reused (no tool re-execution).
+                   messages: buildReplayDispatchMessages(sourceMessages) as never,
+                   stream: false,
+                 },
+                 replayRequestId,
+                 undefined,
+                 { endpointId: candidateEndpointId, executionTrafficClass: "replay" },
+               );
+               dispatched.set(candidateEndpointId, { execution, replayRequestId });
+               const observedCostUsd = execution.replayCost?.usd;
+               if (
+                 typeof observedCostUsd !== "number" ||
+                 !Number.isFinite(observedCostUsd) ||
+                 observedCostUsd < 0
+               ) {
+                 throw new Error("replay provider execution did not return a bounded cost receipt");
+               }
+               if (ledgerReservationId === null) {
+                 const reservation = replayLedger.reserve({
+                   captureRef: requestId,
+                   policySetDigest: replayPolicySet.policySetDigest,
+                   candidateDispatches: counterfactualPackages.length,
+                 });
+                 if (!reservation.accepted) {
+                   throw new Error(`${reservation.code}: ${reservation.detail}`);
+                 }
+                 ledgerReservationId = reservation.reservationId;
+               }
+               const observedResponseBytes = Buffer.byteLength(
+                 JSON.stringify({
+                   outputText: execution.outputText,
+                   contentText: execution.contentText,
+                   reasoningText: execution.reasoningText,
+                   toolCalls: execution.toolCalls ?? [],
+                 }),
+                 "utf8",
+               );
+               const recordedDispatch = replayLedger.record({
+                 reservationId: ledgerReservationId,
+                 captureRef: requestId,
+                 policySetDigest: replayPolicySet.policySetDigest,
+                 counterfactualRef: `cf:${requestId}`,
+                 dispatchKind: "candidate",
+                 candidateEndpointId,
+                 attempt: 1,
+                 costMicros: Math.ceil(observedCostUsd * 1_000_000),
+                 bytes: observedResponseBytes,
+                 outcome: "complete",
+               });
+               if (!recordedDispatch.accepted) {
+                 throw new Error(`${recordedDispatch.code}: ${recordedDispatch.detail}`);
+               }
+               return {
+                 dispatchReceiptId: `router-replay:${replayRequestId}`,
+                 routerDecisionId: requireReplayRouterDecisionId(execution.routingDecisionId),
+                 providerResultRef: `route-capture:${replayRequestId}`,
+                 observedCostMicros: Math.ceil(observedCostUsd * 1_000_000),
+                 observedResponseBytes,
+               };
+             },
+           });
+           // Run 98 R10/R15: the judge configuration and the learning-pass floors come from the
+           // operator's versioned policy for this channel and scope; environment variables stay an
+           // explicit local override.
+           const learningPolicySnapshot = readLearningPolicyFile({
+             repoRoot: options.repoRoot,
+             // Run 99 R23: judge mode, promotion protocol and evidence floors come from the
+             // durable operator policy state when it exists, so a UI change governs replays too.
+             stateRoot: resolveLearningPolicyStateRoot({
+               runtimeStateRoot: options.runtimeStateRoot,
+               scopeId: options.scopeId,
+             }),
+             channel,
+             scopeId: options.scopeId,
+           });
+           const result = await runSupervisedReplay({
+             runtime,
+             adapter,
+             requestId,
+             channel,
+             scope: captureScope,
+             authorizationEpoch: 1,
+             sourceAttestation: attestation,
+             idempotencyKey,
+             intent: "counterfactual_route",
+             evaluationCriteriaDigest,
+             candidatePackages: counterfactualPackages,
+             budget: structuredClone(budget) as Record<string, unknown>,
+             leaseOwner: `runtime-host:${process.pid}`,
+             // RC09: replay-core externalizes large job receipts; the host reads them
+             // back from the worker's durable output store under the runtime scope.
+             runtimeStateRoot: options.runtimeStateRoot,
+             runtimeScopeId: options.scopeId,
+             // R10: a tool-bearing replay can dispatch for far longer than 30 seconds
+             // (a long transcript plus parallel tool calls), and a lease that expires
+             // mid-dispatch makes the durable receipt look like it came from a stale
+             // supervisor ("current replay job lease is required for dispatch"). Hold
+             // the lease for the whole bounded replay deadline, capped at five minutes.
+             leaseMs: Math.max(
+               30_000,
+               Math.min(Number((budget as Record<string, unknown>).deadlineMs), 300_000),
+             ),
+             scheduler: createReplayIntentScheduler({
+               runtime,
+               requestId,
+               channel,
+               scope: captureScope,
+               authorizationEpoch: 1,
+               ownerId: `runtime-host:${process.pid}`,
+             }),
+             prepareBranch: async (branchRequest) => {
+               const candidateEndpointId = String(branchRequest.candidateEndpointId ?? "");
+               const candidate = candidatePackages.find(
+                 (item) => item.endpointId === candidateEndpointId,
+               );
+               if (!candidate)
+                 throw new Error("replay branch preparation candidate is not host-authorized");
+               const existing = preparedBranches.get(candidateEndpointId);
+               if (existing) return { branchRootRef: existing.branchRootRef };
+               const branchRequestId = supervisedReplayBranchCaptureRequestId({
+                 requestId,
+                 candidateEndpointId,
+                 phase: "prepared",
+                 attemptToken: replayAttemptToken,
+               });
+               // A candidate without a reasoning effort is captured with `none`, not
+               // `variant`: the durable capture contract couples a null effort to the
+               // `none` source, and a mixed pair is rejected at the capture boundary.
+               const preparedEffort =
+                 typeof candidate.reasoningEffort === "string" && candidate.reasoningEffort
+                   ? { reasoningEffort: candidate.reasoningEffort, effortSource: "variant" as const }
+                   : { reasoningEffort: null, effortSource: "none" as const };
+               const branch = (await operations.recordLocalRouteCapture({
+                 requestId: branchRequestId,
+                 routingDecisionId: String(branchRequest.sourceDecisionId),
+                 endpointId: candidateEndpointId,
+                 modelId: candidate.modelId,
+                 ...preparedEffort,
+                 messages: [],
+                 toolExecutions: [],
+                 branchKind: "replay",
+                 branchPhase: "prepared",
+                 branchOfRootArtifactId: sourceCapture.rootArtifactId,
+               })) as Record<string, unknown>;
+               if (typeof branch.rootArtifactId !== "string" || !branch.rootArtifactId) {
+                 throw new Error(
+                   "operations boundary did not persist a prepared replay branch root",
+                 );
+               }
+               preparedBranches.set(candidateEndpointId, {
+                 branchRootRef: branch.rootArtifactId,
+                 branchRequestId,
+               });
+               return { branchRootRef: branch.rootArtifactId, branchRequestId };
+             },
+             appendBranch: async (branchRequest) => {
+               const candidateEndpointId = String(branchRequest.candidateEndpointId ?? "");
+               const failure =
+                 branchRequest.failure &&
+                 typeof branchRequest.failure === "object" &&
+                 !Array.isArray(branchRequest.failure)
+                   ? (branchRequest.failure as Record<string, unknown>)
+                   : null;
+               if (failure) {
+                 // R10/AC-R10-05: a failed provider dispatch is durable graph
+                 // evidence before the replay transitions or hands off.
+                 const candidate = candidatePackages.find(
+                   (item) => item.endpointId === candidateEndpointId,
+                 );
+                 if (!candidate)
+                   throw new Error("replay failure branch candidate is not host-authorized");
+                 const preparedBranchRootRef = String(branchRequest.preparedBranchRootRef ?? "");
+                 if (!preparedBranchRootRef)
+                   throw new Error(
+                     "durable replay failure branch append requires its prepared branch root",
+                   );
+                 /**
+                  * Run 100 addendum 24 §1 residual: the failure bytes are not stable across a recovery
+                  * re-append (the message can carry a fresh diagnostic), so the id also carries a digest of
+                  * exactly the fields that go into the capture. Identical retries keep one key; changed bytes
+                  * get their own instead of being refused as a reuse.
+                  */
+                 const failureContentTag = createHash("sha256")
+                   .update(
+                     JSON.stringify({
+                       errorClass: String(failure.code ?? "router_dispatch_error"),
+                       message: String(failure.message ?? "replay provider dispatch failed").slice(
+                         0,
+                         512,
+                       ),
+                       preparedBranchRootRef,
+                       endpointId: candidateEndpointId,
+                       modelId: candidate.modelId ?? null,
+                       reasoningEffort: candidate.reasoningEffort ?? null,
+                     }),
+                   )
+                   .digest("hex")
+                   .slice(0, 16);
+                 const failureRequestId = supervisedReplayBranchCaptureRequestId({
+                   requestId,
+                   candidateEndpointId,
+                   phase: "failure",
+                   attemptToken: replayAttemptToken,
+                   contentTag: failureContentTag,
+                 });
+                 const failureEffort =
+                   typeof candidate.reasoningEffort === "string" && candidate.reasoningEffort
+                     ? {
+                         reasoningEffort: candidate.reasoningEffort,
+                         effortSource: "variant" as const,
+                       }
+                     : { reasoningEffort: null, effortSource: "none" as const };
+                 const failureBranch = (await operations.recordLocalRouteCapture({
+                   requestId: failureRequestId,
+                   routingDecisionId: String(branchRequest.sourceDecisionId),
+                   endpointId: candidateEndpointId,
+                   modelId: candidate.modelId,
+                   ...failureEffort,
+                   messages: [],
+                   toolExecutions: [],
+                   branchKind: "replay",
+                   branchOfRootArtifactId: preparedBranchRootRef,
+                   failure: {
+                     errorClass: String(failure.code ?? "router_dispatch_error"),
+                     statusCode: null,
+                     message: String(failure.message ?? "replay provider dispatch failed"),
+                   },
+                 })) as Record<string, unknown>;
+                 if (
+                   typeof failureBranch.rootArtifactId !== "string" ||
+                   !failureBranch.rootArtifactId
+                 ) {
+                   throw new Error(
+                     "operations boundary did not return a durable replay failure branch root",
+                   );
+                 }
+                 return {
+                   branchRootRef: failureBranch.rootArtifactId,
+                   branchRequestId: failureRequestId,
+                 };
+               }
+               let dispatch = dispatched.get(candidateEndpointId);
+               if (!dispatch) {
+                 /**
+                  * Run 98 addendum 58 §23 (live v316, 08:33Z): a resumed attempt re-presents Replay Core's
+                  * `append_recovery` request, whose carrier is the receipt of a provider dispatch that
+                  * already ran — so this process holds no in-process dispatch for it and the append used to
+                  * refuse (`durable replay branch append has no host dispatch receipt`), stranding the
+                  * capture with the provider work already paid for. The recovery request names the dispatch
+                  * receipt (`providerResultRef` = the replay's own route capture), and that capture is the
+                  * durable record of the provider execution, so the branch is rebuilt from it.
+                  *
+                  * Run 104 Phase 3 (R8): the rebuild lives in `resolveResumedReplayAppendDispatch` so the
+                  * projection the boundary really answers for can be tested directly. Reading only the
+                  * write-side `outputText` (the projection publishes `responseText`) made the recovered
+                  * execution `undefined` on every pass, so this leg refused captures that were present and
+                  * readable and spent the capture's deferral budget instead of finishing paid work.
+                  */
+                 const recoveredReplayRequestId = replayRequestIdFromProviderResultRef(
+                   (branchRequest as Record<string, unknown>).providerResultRef,
+                 );
+                 const recoveredCapture = recoveredReplayRequestId
+                   ? ((await operations.readLocalRouteCapture({
+                       requestId: recoveredReplayRequestId,
+                     })) as Record<string, unknown> | null)
+                   : null;
+                 const recovered = resolveResumedReplayAppendDispatch({
+                   branchRequest,
+                   capture: recoveredCapture,
+                 });
+                 dispatch = {
+                   execution: recovered.execution as unknown as Awaited<
+                     ReturnType<typeof created.executeChatCompletions>
+                   >,
+                   replayRequestId: recovered.replayRequestId,
+                 };
+                 dispatched.set(candidateEndpointId, dispatch);
+               }
+               if (!dispatch)
+                 throw new Error("durable replay branch append has no host dispatch receipt");
+               const preparedBranchRootRef = String(branchRequest.preparedBranchRootRef ?? "");
+               if (!preparedBranchRootRef)
+                 throw new Error("durable replay result append requires its prepared branch root");
+               const branchRequestId = `${dispatch.replayRequestId}-branch`;
+               const resultCandidateReasoningEffort =
+                 candidatePackages.find((item) => item.endpointId === candidateEndpointId)
+                   ?.reasoningEffort ?? null;
+               const resultEffort =
+                 typeof resultCandidateReasoningEffort === "string" && resultCandidateReasoningEffort
+                   ? {
+                       reasoningEffort: resultCandidateReasoningEffort,
+                       effortSource: "variant" as const,
+                     }
+                   : { reasoningEffort: null, effortSource: "none" as const };
+               const branch = (await operations.recordLocalRouteCapture({
+                 requestId: branchRequestId,
+                 routingDecisionId: requireReplayRouterDecisionId(
+                   dispatch.execution.routingDecisionId,
+                 ),
+                 endpointId: candidateEndpointId,
+                 modelId: dispatch.execution.model,
+                 ...resultEffort,
+                 // The private sidecar hydrates sourceCapture.rootArtifactId and
+                 // reuses its prefix occurrences. Sending the transcript here
+                 // would create a copied branch and violate replay isolation.
+                 messages: [],
+                 outputText: dispatch.execution.outputText,
+                 providerExecutions: [
+                   {
+                     attemptId: `replay:${dispatch.replayRequestId}`,
+                     providerId: dispatch.execution.vendorId ?? "router-replay",
+                     adapterFamily: dispatch.execution.adapterFamily,
+                     statusCode: 200,
+                   },
+                 ],
+                 toolExecutions: [],
+                 branchKind: "replay",
+                 branchOfRootArtifactId: preparedBranchRootRef,
+               })) as Record<string, unknown>;
+               if (typeof branch.rootArtifactId !== "string" || !branch.rootArtifactId) {
+                 throw new Error("operations boundary did not return a durable replay branch root");
+               }
+               return { branchRootRef: branch.rootArtifactId, branchRequestId };
+             },
+             handoffEvaluation: async ({ replayJobId }) => {
+               const evaluationJobId = `evaluation-replay-${createHash("sha256").update(String(replayJobId)).digest("hex").slice(0, 20)}`;
+               /**
+                * Run 101 addendum 36 (measured live on `:3457`, 2026-09-28).
+                *
+                * The evaluation queue row was offered *here* while the resume entry was only written later, inside
+                * `completeEvaluation`. An attempt interrupted in that window left a queue row whose scoped resume
+                * store held nothing at all: the worker's `no-op` classification acks it, so the row is recorded
+                * `completed` and the comparison the replay already paid for never happens. 19 of the 46 live
+                * `evaluation.score` rows had no resume entry and no Evaluation Core job, and 16 of them were
+                * recorded `completed` — i.e. silently dropped rather than failed.
+                *
+                * The entry is now recorded the moment the handoff is offered, so the window holds a resumable
+                * entry instead of nothing. `record()` is idempotent (it returns the existing entry unchanged), so
+                * the later `completeEvaluation` write is a no-op.
+                */
+               // Run 101 R5: the handoff is where the replay plane learns the
+               // unit of evaluation work, so it is where the job is offered.
+               // `legacy` keeps this a no-op, and a refused offer is logged
+               // rather than thrown: the handoff itself already succeeded.
+               if (lateBoundEvaluationQueue.mode !== "legacy") {
+                 /**
+                  * Run 101 addendum 36: `offerRecordedEvaluationHandoff` writes the resume entry *before* offering
+                  * the queue row (see the helper), so the window between the offer and the completion holds a
+                  * resumable entry instead of nothing. The offer itself is still the addendum-27 Effect program.
+                  */
+                 const offered = await offerRecordedEvaluationHandoff({
+                   replayJobId: String(replayJobId),
+                   record: () =>
+                     recordEvaluationResumeEntry({
+                       replayJobId: String(replayJobId),
+                       evaluationJobId,
+                       requestId,
+                       sourceCaptureRequestId:
+                         typeof sourceCapture.requestId === "string" ? sourceCapture.requestId : "",
+                       scope: captureScope,
+                     }),
+                   offer: (request) => lateBoundEvaluationQueue.offer(request),
+                 });
+                 if (!offered.enqueued) {
+                   console.error(
+                     `[run101] evaluation queue offer declined:${replayJobId} ${offered.reason ?? "unknown"}`,
+                   );
+                 }
+               }
+               return { evaluationJobId };
+             },
+             /**
+              * Run 101 addendum 36: one writer for the resume entry, called both when the handoff is offered (so
+              * the window between offer and completion is resumable) and when the completion starts (so entries
+              * written before this repair are still recorded). `record()` is idempotent and keeps the first write,
+              * so calling it twice costs nothing and cannot overwrite a live entry.
+              */
+             completeEvaluation: (() => {
+               // Run 98 addendum 45 J2: the judge is resolved from the controller assignment when the
+               // comparison is completed, so switching the controller changes the next comparison's judge
+               // without a policy write and without a restart.
+               return async (request: Readonly<Record<string, unknown>>) => {
+                 /**
+                  * Run 101 addendum 46 (measured live on `:3457`, 2026-09-28T10:04:36Z): this function and the
+                  * `evaluation.score` worker both drive the *same* comparison for the same replay job, with no
+                  * serialization between them. The live evidence: one capture's evaluation was driven twice
+                  * concurrently - inline in `/api/role-model/track-b/replay` right after the handoff offered the
+                  * queue row, and by the worker's scoped resume - and the two read different `actual` strings for
+                  * the same arm (inline prefers the live dispatch text, the resume path the capture's bounded
+                  * `responseText` excerpt), so `json_parses` flipped 1<->0 on the identical identity
+                  * `(trial, run96-semantic-criteria, 3+f0f873dd66c6, correctness)` and Evaluation Core refused the
+                  * second batch as `evaluation trial score batch conflict`.
+                  *
+                  * When the plane is `queue` the worker owns the comparison, so this path records the resume entry
+                  * and pins the evidence (both of which the worker needs, addenda 36 and S22) and then defers. A
+                  * `legacy` or `shadow` plane keeps the inline completion, which is what those modes mean.
+                  */
+                 const inlineReplayJobId = String(request.replayJobId ?? "");
+                 const inlineSourceCaptureRequestId =
+                   typeof sourceCapture.requestId === "string" ? sourceCapture.requestId : "";
+                 recordEvaluationResumeEntry({
+                   replayJobId: inlineReplayJobId,
+                   evaluationJobId: String(request.evaluationJobId ?? ""),
+                   requestId,
+                   sourceCaptureRequestId: inlineSourceCaptureRequestId,
+                   scope:
+                     typeof request.scope === "string" && request.scope.trim()
+                       ? request.scope.trim()
+                       : captureScope,
+                 });
+                 // S22: the entry just recorded is a live handoff; pin the source capture it will read again.
+                 await holdHandoffEvidence(inlineReplayJobId, {
+                   requestId,
+                   sourceCaptureRequestId: inlineSourceCaptureRequestId,
+                 });
+                 if (lateBoundEvaluationQueue.mode === "queue") {
+                   console.error(
+                     `[run101] evaluation completion deferred to the queue plane:${inlineReplayJobId}`,
+                   );
+                   return null;
+                 }
+                 /**
+                  * Run 100 addendum 22 follow-up (requirement 3): the comparison's judge has to be the endpoint that
+                  * actually scores it. Resolved from the controller alone, this is the very endpoint the tick
+                  * substituted away from when it was an arm of this pair - so the job's comparability, the registered
+                  * manifest and the runner's judge receipt would all name a judge that scored nothing. De-conflict
+                  * here with the same deterministic rule the tick uses, against the pair this completer is about to
+                  * score; with no usable alternative the judge is left untouched and the evaluator's own factory
+                  * records judge missingness exactly as before.
+                  */
+                 const judge = dedupeJudgeAgainstPair(
+                   await resolveControllerJudge(created, learningPolicySnapshot),
+                   {
+                     sourceEndpointId,
+                     counterfactualEndpointIds: counterfactualPackages.map(
+                       (candidate) => candidate.endpointId,
+                     ),
+                     fallbackEndpointIds: resolveReplayJudgeFallbackEndpointIds(process.env),
+                     configuredEndpointIds: created.effectiveRegistry.endpoints.map(
+                       (endpoint) => endpoint.identity.endpoint_id,
+                     ),
+                   },
+                 );
+                 const evaluationCompleter = buildSupervisedReplayEvaluationCompleter({
+                   // Addendum 58 §19: the live completion resolves externalized answers under this root too.
+                   contractStateRoot: options.runtimeStateRoot,
+                   backend: created,
+                   runtime,
+                   operations,
+                   requestId,
+                   channel,
+                   captureScope,
+                   sourceCapture,
+                   sourceOutput,
+                   sourceEndpointId,
+                   sourceModelId,
+                   counterfactualPackages,
+                   evaluationCriteria: evaluationCriteria as unknown as Readonly<
+                     Record<string, unknown>
+                   >,
+                   evaluationCriteriaDigest,
+                   learningPolicySnapshot,
+                   judge,
+                   replayLedger,
+                   replayPolicySet,
+                   getDispatched: (endpointId: string) => {
+                     const dispatch = dispatched.get(endpointId);
+                     return dispatch
+                       ? {
+                           execution: dispatch.execution as unknown as Readonly<
+                             Record<string, unknown>
+                           >,
+                           replayRequestId: dispatch.replayRequestId,
+                         }
+                       : undefined;
+                   },
+                   currentLedgerReservationId: () => ledgerReservationId,
+                 });
+                 /**
+                  * Run 99 R33 recorded the resume entry here, before the completion ran; addendum 46 moved that
+                  * (and the S22 evidence pin) to the top of this function, ahead of the queue-mode deferral, so
+                  * the worker always finds a resumable entry and a held capture whichever path runs.
+                  */
+                 const replayJobId = inlineReplayJobId;
+                 const completed = await evaluationCompleter(request);
+                 try {
+                   const record = completed as Record<string, unknown>;
+                   evaluationResumeStore.resolve(replayJobId, {
+                     outcome: typeof record?.outcome === "string" ? record.outcome : "resolved",
+                     comparisonGroupId:
+                       typeof record?.comparisonGroupId === "string"
+                         ? record.comparisonGroupId
+                         : null,
+                   });
+                 } catch (error) {
+                   console.error(
+                     `[run99] evaluation resume resolution declined:${requestId} ${String(
+                       (error as { message?: unknown })?.message ?? error,
+                     ).slice(0, 200)}`,
+                   );
+                 }
+                 /**
+                  * Run 101 R6 offered the derivation from here, and addendum 46 moved that offer into the shared
+                  * completer (`offerLearnerDerivation`) so it fires for whichever driver finalized the
+                  * comparison - this inline path or the evaluation worker's scoped resume - instead of only for
+                  * this one. `learner.derive`'s `groupId` job rule makes a repeat offer a no-op.
+                  */
+                 // Run 98 addendum 34 S1: the extra pairs this capture adds are completed inside
+                 // `createSupervisedReplayEvaluationCompleter` itself, which is the one function every
+                 // completion path (this fresh path and the resume sweep) funnels through. The
+                 // caller-side copy that used to live here never ran in the packaged stage runtime —
+                 // three marker builds proved it — so exactly one implementation exists now.
+                 return completed;
+               };
+             })(),
+           });
+           // R5/R12: the receipt is the automatic producer's only view of the durable
+           // replay outcome. It must therefore carry the terminal state, the durable
+           // evaluation outcome, and the per-dispatch accounting; otherwise the
+           // producer cannot distinguish "replayed" from "handed off", cannot
+           // reconcile the daily ledger, and re-attempts a capture that already
+           // produced branches.
+           const durableDispatches =
+             result.dispatches &&
+             typeof result.dispatches === "object" &&
+             !Array.isArray(result.dispatches)
+               ? (result.dispatches as Record<string, Record<string, unknown>>)
+               : {};
+           const durableEvaluation =
+             result.evaluationResult && typeof result.evaluationResult === "object"
+               ? (result.evaluationResult as Record<string, unknown>)
+               : null;
+           const receiptBranches = (
+             Array.isArray(result.branches) ? (result.branches as Record<string, unknown>[]) : []
+           ).map((branch) => {
+             const candidateEndpointId = String(branch.candidateEndpointId ?? "");
+             const dispatch = durableDispatches[candidateEndpointId] ?? null;
+             const dispatchResult =
+               dispatch &&
+               typeof dispatch.result === "object" &&
+               dispatch.result &&
+               !Array.isArray(dispatch.result)
+                 ? (dispatch.result as Record<string, unknown>)
+                 : null;
+             return {
+               candidateEndpointId,
+               outcome: dispatch ? String(dispatch.status ?? "unknown") : "unknown",
+               branchRootRef:
+                 typeof dispatchResult?.branchRootRef === "string"
+                   ? dispatchResult.branchRootRef
+                   : null,
+             };
+           });
+           const receiptDispatches = Object.entries(durableDispatches).map(
+             ([endpointId, dispatch]) => {
+               const receipt =
+                 dispatch.receipt &&
+                 typeof dispatch.receipt === "object" &&
+                 !Array.isArray(dispatch.receipt)
+                   ? (dispatch.receipt as Record<string, unknown>)
+                   : null;
+               return {
+                 kind: "candidate",
+                 endpointId,
+                 attempt: Number.isSafeInteger(dispatch.attempt) ? Number(dispatch.attempt) : 1,
+                 costMicros: Number.isSafeInteger(receipt?.observedCostMicros)
+                   ? Number(receipt?.observedCostMicros)
+                   : 0,
+                 bytes: Number.isSafeInteger(receipt?.observedResponseBytes)
+                   ? Number(receipt?.observedResponseBytes)
+                   : 0,
+                 outcome: String(dispatch.status ?? "unknown"),
+               };
+             },
+           );
+           return {
+             schemaVersion: "role-model.supervised-replay-command-receipt.v1",
+             requestId,
+             replayJobId: result.jobId,
+             state: result.state,
+             evaluationJobId: result.evaluationJobId,
+             evaluationOutcome:
+               typeof durableEvaluation?.outcome === "string" ? durableEvaluation.outcome : null,
+             comparisonGroupId:
+               typeof durableEvaluation?.comparisonGroupId === "string"
+                 ? durableEvaluation.comparisonGroupId
+                 : null,
+             branches: receiptBranches,
+             dispatches: receiptDispatches,
+           };
+         },
+         ...(operatorOperations ? createRuntimeOperatorCallbacks(operatorOperations) : {}),
+         // Run 99: the Evidence page's cohort measurement is derived here, where the extension
+         // runtime and the durable-output decoder live (the sidecar cannot reach either).
+         readLearningMeasurement: async (query: Readonly<Record<string, string>> = {}) => {
+           const channel = packagedProfile?.channel ?? "development";
+           const scopeId = String(options.scopeId ?? query.scope ?? "");
+           const snapshot = readLearningPolicyFile({
+             repoRoot: options.repoRoot,
+             // Run 99 R23: the Evidence page measures against the operator's live policy.
+             stateRoot: resolveLearningPolicyStateRoot({
+               runtimeStateRoot: options.runtimeStateRoot,
+               scopeId,
+             }),
+             channel,
+             scopeId,
+           });
+           const effective = snapshot?.effective;
+           return readTrackBAdvisoryMeasurement({
+             runtime: extensionRuntimeRef.current,
+             channel,
+             scopeId,
+             authorizationEpoch: 1,
+             ...(options.runtimeStateRoot ? { stateRoot: options.runtimeStateRoot } : {}),
+             guardrailBounds: {
+               qualityMinDelta: effective?.qualityMinDelta ?? -0.02,
+               costMaxMultiplier: effective?.costMaxMultiplier ?? 1.5,
+               latencyP95MaxDeltaMs: effective?.latencyP95MaxDeltaMs ?? 10_000,
+               errorRateMaxDeltaPp: effective?.errorRateMaxDeltaPp ?? 2,
+             },
+           });
+         },
+         ...(trackBManifestText
+           ? {
+               trackBPostObservation: async (observation: Readonly<Record<string, unknown>>) => {
+                 const run88PiInvocationProvenance = loadRun88PiInvocationProvenance?.() ?? null;
+                 const correlatedObservation = run88StageIdentity
+                   ? createRun88StagePostObservation({
+                       observation,
+                       piInvocationProvenance: run88PiInvocationProvenance,
+                       proofRequired: Boolean(
+                         process.env.RUN88_PI_INVOCATION_PROOF_PATH ||
+                           process.env.RUN88_PI_PROOF_AUTHORITY_PUBLIC_KEY_PATH,
+                       ),
+                       releaseId: run88StageIdentity.releaseId,
+                       sourceId: run88StageIdentity.sourceId,
+                       executableSha256: run88StageIdentity.executableSha256,
+                       scope: options.scopeId,
+                     })
+                   : observation;
+                 const enqueueStartedAtMs = Date.now();
+                 await postObservationOutbox.enqueue(correlatedObservation);
+                 if (process.env.ROLE_MODEL_PHASE_TIMING === "1") {
+                   console.error(
+                     `[run98] phase observation-enqueue ${Date.now() - enqueueStartedAtMs}ms`,
+                   );
+                 }
+                 const runtime = extensionRuntimeRef.current;
+                 if (!runtime) return { status: "queued_for_extension_runtime" };
+                 schedulePostObservationDrain(runtime);
+                 return { status: "queued" };
+               },
+             }
+           : {}),
+       });
+       // Run 99 R33 (addendum 22 §3.28): durable resume entries for supervised-replay evaluations.
+       // A handoff is recorded before the completion runs and resolved when it lands, so a restart in
+       // between leaves a bounded, retryable record instead of a job stranded in `scoring` forever.
+       const evaluationResumeStore = createSupervisedReplayEvaluationResumeStore({
+         filePath: resolveSupervisedReplayEvaluationResumePath({
+           runtimeStateRoot: options.runtimeStateRoot,
+           scopeId: options.scopeId,
+         }),
+         // S22: every terminal transition releases the evidence pin that entry created - completion, the
+         // named disposition, or the attempt cap. The store owns that moment, so the release cannot be
+         // forgotten by a caller that resolves an entry somewhere else.
+         onReleased: (entry) => releaseHandoffEvidence(entry.replayJobId),
+       });
+       // Run 100 addendum `replay-dispatch-lifecycle.addendum-04` S7: the auto-replay liveness sweep records
+       // the resume entries it recovers for handed-off replays through this ref.
+       evaluationResumeStoreRef.current = evaluationResumeStore;
+       /**
+        * Run 98 addendum 33 S2: the durable per-judge position-consistency ledger. The pairwise dispatch
+        * already measures a flip per pair (dual_order) and reports it through `recordJudgeObservation`;
+        * this is where those observations become an aggregate a reader can act on.
+        */
+       const judgeConsistencyLedger = createJudgeConsistencyLedger({
+         filePath: path.join(
+           resolveLearningPolicyStateRoot({
+             runtimeStateRoot: options.runtimeStateRoot,
+             scopeId: options.scopeId,
+           }),
+           "judge-position-consistency.json",
+         ),
+       });
+       const readEvaluationLearningPolicySnapshot = () =>
+         readLearningPolicyFile({
+           repoRoot: options.repoRoot,
+           stateRoot: resolveLearningPolicyStateRoot({
+             runtimeStateRoot: options.runtimeStateRoot,
+             scopeId: options.scopeId,
+           }),
+           channel: packagedProfile?.channel ?? "development",
+           scopeId: options.scopeId,
+         });
+       /**
+        * The single construction of the supervised-replay evaluation completer. The live replay path
+        * and the resume sweep differ only in where their dispatch/output evidence comes from, so both
+        * go through here and produce identical comparisons and learner rows.
+        */
+       /**
+        * Run 101 addendum 46: one place that offers the derivation for a finalized comparison, passed into the
+        * shared completer so the driver that actually finished the work offers it. `legacy` keeps the offer a
+        * no-op, exactly as the inline wrapper had it, and `learner.derive`'s `groupId` job rule dedupes a repeat.
+        */
+       const offerLearnerDerivation = async (comparisonGroupId: string): Promise<void> => {
+         if (lateBoundLearnerQueues.derive.mode === "legacy") return;
+         const offered = await lateBoundLearnerQueues.derive
+           .offer({ groupId: comparisonGroupId, reason: "comparison-finalized" })
+           .catch((error: unknown) => ({
+             enqueued: false,
+             reason: String((error as { message?: unknown })?.message ?? error).slice(0, 160),
+           }));
+         if (!offered.enqueued) {
+           console.error(
+             `[run101] learner derive offer declined:${comparisonGroupId} ${
+               offered.reason ?? "unknown"
+             }`,
+           );
+         }
+       };
+       const buildSupervisedReplayEvaluationCompleter = (input: {
+         readonly backend: Awaited<ReturnType<typeof createRuntimeBridgeBackend>>;
+         readonly runtime: NonNullable<typeof extensionRuntimeRef.current>;
+         readonly operations: ReturnType<typeof createTrackBOperations>;
+         readonly requestId: string;
+         readonly channel: string;
+         readonly captureScope: string;
+         readonly sourceCapture: Readonly<Record<string, unknown>>;
+         readonly sourceOutput: string;
+         readonly sourceEndpointId: string;
+         readonly sourceModelId: string;
+         readonly counterfactualPackages: readonly {
+           readonly endpointId: string;
+           readonly modelId: string;
+           readonly reasoningEffort: string | null;
+         }[];
+         readonly evaluationCriteria: Readonly<Record<string, unknown>>;
+         readonly evaluationCriteriaDigest: string;
+         readonly learningPolicySnapshot: ReturnType<typeof readLearningPolicyFile>;
+         /**
+          * Run 98 addendum 45 J2: the resolved judge for this comparison — the endpoint the operator has
+          * configured as the controller, or empty when the selector is `disabled`/no controller is set.
+          */
+         readonly judge: {
+           readonly endpointId: string;
+           readonly source: "controller" | "disabled";
+           readonly assignmentUpdatedAtMs: number | null;
+         };
+         readonly replayLedger: ReturnType<typeof createReplayLedger>;
+         readonly replayPolicySet: ReturnType<typeof buildReplayPolicySet>;
+         readonly getDispatched: (endpointId: string) => unknown;
+         readonly currentLedgerReservationId: () => string | null;
+         /** Run 98 addendum 33 S2: the judge's measured position consistency, resolved by the caller. */
+         readonly judgeConsistency?: Readonly<Record<string, unknown>> | null;
+         /**
+          * Addendum 58 §19: the host runtime state root. The completer's pipeline resolves externalized
+          * extension answers (the comparison readback and the reference attestation) from the worker's
+          * durable-output store, which needs this root; without it a completed comparison came back as the
+          * transfer marker and every resume reported `readback=transferState,resultHash,byteLength`.
+          */
+         readonly contractStateRoot?: string;
+       }) => {
+         // Run 98 addendum 33 S2: the judge's measured position consistency, straight from the durable
+         // ledger, with the operator's floor applied. The completer passes it into the pipeline so the
+         // promotion gate sees the measurement the ledger records.
+         const judgeConsistency = (() => {
+           const judgeEndpointId = input.judge.endpointId;
+           if (!judgeEndpointId) return null;
+           const row = judgeConsistencyLedger.summary(judgeEndpointId)[0] ?? null;
+           if (!row) return null;
+           const floor =
+             input.learningPolicySnapshot?.effective.judgePositionConsistencyFloor ??
+             DEFAULT_POSITION_CONSISTENCY_FLOOR;
+           return { ...row, ...evaluateJudgePositionConsistency({ row, floor }) };
+         })();
+         return createSupervisedReplayEvaluationCompleter({
+           offerLearnerDerivation,
+           ...(judgeConsistency ? { judgeConsistency } : {}),
+           ...(input.contractStateRoot ? { contractStateRoot: input.contractStateRoot } : {}),
+           runtime: input.runtime,
+           operations: input.operations,
+           requestId: input.requestId,
+           channel: input.channel,
+           scope: options.scopeId,
+           captureScope: input.captureScope,
+           sourceCapture: input.sourceCapture as Record<string, unknown>,
+           sourceOutput: input.sourceOutput,
+           sourceEndpointId: input.sourceEndpointId,
+           sourceModelId: input.sourceModelId,
+           counterfactualPackages: input.counterfactualPackages,
+           // RC04 (L4): the automatic comparison carries a router-backed pairwise judge so a real
+           // counterfactual can be decisioned instead of tying on a deterministic term that neither
+           // branch satisfies. The judge dispatch is ledgered as a derived dispatch inside the same
+           // daily ceiling.
+           judge: createRouterPairwiseJudge({
+             executeChatCompletions: input.backend.executeChatCompletions.bind(input.backend),
+             endpoints: input.backend.effectiveRegistry.endpoints.map((endpoint) => ({
+               endpointId: endpoint.identity.endpoint_id,
+               modelId: endpoint.identity.model_id,
+             })),
+             // Run 98 addendum 45 J2: the judge is the configured controller. When no controller is set —
+             // or the selector is `disabled` — there is no judge, and when the resolved endpoint is not
+             // dispatchable, or is part of this pair, the factory returns undefined and the comparison
+             // records judge missingness instead of scoring a candidate with itself.
+             judgeEndpointId: input.judge.endpointId,
+             // Run 98 addendum 45 J2: the comparison records where the judge came from, so a controller
+             // change is auditable from the manifest rather than inferred from a policy version.
+             judgeSource: input.judge.source,
+             judgeAssignmentUpdatedAtMs: input.judge.assignmentUpdatedAtMs,
+             excludedEndpointIds: [
+               input.sourceEndpointId,
+               ...input.counterfactualPackages.map((candidate) => candidate.endpointId),
+             ],
+             taskText: extractTaskInstructionText(input.sourceCapture) ?? "",
+             // Run 98 R10: the judge mode, presentation-order policy and agreement measurement resolve
+             // from the versioned policy (env override first), failing closed to the previous
+             // identified, source-first, no-probe behaviour.
+             mode: isPairwiseJudgeMode(process.env.ROLE_MODEL_JUDGE_MODE?.trim())
+               ? (process.env.ROLE_MODEL_JUDGE_MODE.trim() as "identified" | "identity_blind")
+               : (input.learningPolicySnapshot?.effective.judgeMode ?? "identified"),
+             orderPolicy:
+               process.env.ROLE_MODEL_JUDGE_ORDER_POLICY?.trim() === "dual_order"
+                 ? "dual_order"
+                 : process.env.ROLE_MODEL_JUDGE_ORDER_POLICY?.trim() === "source_first"
+                   ? "source_first"
+                   : (input.learningPolicySnapshot?.effective.judgeOrderPolicy ?? "source_first"),
+             // Run 98 addendum 33 S2: what a flipped pair means (env override → policy → balanced).
+             orderAggregation: (() => {
+               const envValue = process.env.ROLE_MODEL_JUDGE_ORDER_AGGREGATION?.trim();
+               if (
+                 envValue === "balanced" ||
+                 envValue === "strict_consistency" ||
+                 envValue === "fails_closed"
+               ) {
+                 return envValue;
+               }
+               return input.learningPolicySnapshot?.effective.judgeOrderAggregation ?? "balanced";
+             })(),
+             measureAgreement:
+               process.env.ROLE_MODEL_JUDGE_MEASURE_AGREEMENT?.trim() === "true"
+                 ? true
+                 : process.env.ROLE_MODEL_JUDGE_MEASURE_AGREEMENT?.trim() === "false"
+                   ? false
+                   : (input.learningPolicySnapshot?.effective.judgeMeasureAgreement ?? false),
+             // Run 98 addendum 33 S2: every dispatch that measured an order effect is recorded per judge, so
+             // position consistency is an aggregate measurement rather than a per-pair footnote. The primary
+             // completion counts the check; a disagreement counts the check and the flip it produced.
+             recordJudgeObservation: (row) => {
+               const outcome = String((row as { outcome?: unknown }).outcome ?? "");
+               const presentation = (row as { presentation?: { first?: unknown } }).presentation;
+               try {
+                 judgeConsistencyLedger.record({
+                   judgeEndpointId: input.judge.endpointId,
+                   judgeMode:
+                     typeof (row as { judgeMode?: unknown }).judgeMode === "string"
+                       ? String((row as { judgeMode: string }).judgeMode)
+                       : null,
+                   orderCheck: outcome === "order_disagreement" || presentation?.first === "source",
+                   orderDisagreement: outcome === "order_disagreement",
+                   modeCheck: typeof (row as { agreement?: unknown }).agreement === "boolean",
+                   modeAgreement: (row as { agreement?: boolean }).agreement === true,
+                 });
+               } catch {
+                 // Consistency accounting is best-effort telemetry: a full disk must not fail a battle.
+               }
+             },
+             recordDerivedDispatch: (dispatch) => {
+               try {
+                 // The supervised replay already reserved this counterfactual at its first candidate
+                 // dispatch, so the derived judge dispatch is recorded against the same reservation
+                 // (AC-R07-02: judge spend is visible in the same daily ceiling).
+                 const reservationId = input.currentLedgerReservationId();
+                 if (!reservationId) return;
+                 input.replayLedger.record({
+                   reservationId,
+                   captureRef: input.requestId,
+                   policySetDigest: input.replayPolicySet.policySetDigest,
+                   counterfactualRef: `cf:${input.requestId}`,
+                   dispatchKind: "derived",
+                   candidateEndpointId: dispatch.judgeEndpointId,
+                   attempt: dispatch.attempt,
+                   costMicros: dispatch.costMicros,
+                   bytes: dispatch.bytes,
+                   outcome: dispatch.outcome,
+                 });
+               } catch {
+                 // Ledger accounting is best-effort here; the judge receipt remains durable on the
+                 // score row and the producer reconciles dispatches.
+               }
+             },
+           }),
+           getDispatched: input.getDispatched as never,
+           evaluationCriteria: input.evaluationCriteria,
+           evaluationCriteriaDigest: input.evaluationCriteriaDigest,
+           contractStateRoot: options.runtimeStateRoot,
+           // Run 98 addendum 34 S1: the coverage ledger lives beside the supervised-replay evaluation
+           // resume store, which is the one durable location both completion paths already share. It
+           // orders each capture's extra pairs least-covered-first so successive captures close the
+           // graph's gaps instead of re-spending on pairs that already have evidence.
+           pairCoverageLedgerPath: path.join(
+             path.dirname(
+               resolveSupervisedReplayEvaluationResumePath({
+                 runtimeStateRoot: options.runtimeStateRoot,
+                 scopeId: options.scopeId,
+               }),
+             ),
+             "pair-coverage-ledger.json",
+           ),
+           // Run 98 R3/R15: the learning pass consumes the operator's versioned policy floors for this
+           // channel and scope.
+           ...(input.learningPolicySnapshot
+             ? {
+                 learningPolicy: {
+                   evidenceFloor: {
+                     minDecisiveComparisons:
+                       input.learningPolicySnapshot.effective.minDecisiveComparisons,
+                     minHoldoutComparisons:
+                       input.learningPolicySnapshot.effective.minHoldoutComparisons,
+                     minDevelopmentComparisons:
+                       input.learningPolicySnapshot.effective.minDevelopmentComparisons,
+                     minDistinctCaptures: input.learningPolicySnapshot.effective.minDistinctCaptures,
+                   },
+                   guardrails: {
+                     qualityMinDelta: input.learningPolicySnapshot.effective.qualityMinDelta,
+                   },
+                   // Run 98 R19: the promotion protocol is declared from the same versioned policy as
+                   // the floors, so the validation gate is reproducible from config.
+                   promotionProtocol: {
+                     protocolId: `promotion:${input.learningPolicySnapshot.digest.slice(0, 16)}`,
+                     primaryMetricId: "role_model_pairwise_judge.battle",
+                     direction: "higher_is_better" as const,
+                     minimumPracticalDelta:
+                       input.learningPolicySnapshot.effective.minimumPracticalDelta,
+                     intervalLevel: input.learningPolicySnapshot.effective.promotionIntervalLevel,
+                     resamples: input.learningPolicySnapshot.effective.promotionResamples,
+                     bootstrapSeed: input.learningPolicySnapshot.effective.promotionBootstrapSeed,
+                     analysisMethod: input.learningPolicySnapshot.effective.promotionAnalysisMethod,
+                     selectionFamilySize:
+                       input.learningPolicySnapshot.effective.promotionSelectionFamilySize,
+                     multiplicityAdjustment:
+                       input.learningPolicySnapshot.effective.multiplicityAdjustment,
+                   },
+                   evidenceMaxAgeMs:
+                     input.learningPolicySnapshot.effective.evidenceMaxAgeDays *
+                     24 *
+                     60 *
+                     60 *
+                     1_000,
+                 },
+               }
+             : {}),
+         });
+       };
+       /**
+        * Re-runs one interrupted supervised-replay evaluation. The branch captures are deterministic
+        * (`replay-<requestId>-<hash(replayJobId, candidate)>-branch`), and the pipeline reuses the
+        * already-scored durable trials, so this finalizes the existing comparison group and lets the
+        * learner consume it instead of needing a fresh provider dispatch.
+        */
+       /**
+        * Run 101 R5: `onlyReplayJobId` lets the evaluation queue drive exactly
+        * the handoff its job names, through the same body the sweep uses, so the
+        * comparison is finalized once and evidence writing stays in one place.
+        * Without it the sweep behaves exactly as before.
+        */
+       const resumePendingEvaluations = async (scope?: { readonly onlyReplayJobId?: string }) => {
+         const runtime = extensionRuntimeRef.current;
+         const operations = currentPostObservationOperations();
+         if (!runtime || !operations) {
+           return {
+             resumed: 0,
+             completed: 0,
+             failed: 0,
+             outsideRetentionWindow: 0,
+             renewedFromDrain: 0,
+             reconciled: 0,
+             remaining: 0,
+           };
+         }
+         const channel = packagedProfile?.channel ?? "development";
+         return resumePendingSupervisedReplayEvaluations({
+           store: scope?.onlyReplayJobId
+             ? scopeResumeStoreToReplayJob(evaluationResumeStore, scope.onlyReplayJobId)
+             : evaluationResumeStore,
+           ...(scope?.onlyReplayJobId ? { limit: 1 } : {}),
+           isEvaluationComplete: async (entry) => {
+             try {
+               const rawJob = await runtime.invoke("evaluation-core", {
+                 requestId: `evaluation-resume:${entry.replayJobId}`,
+                 sessionId: `evaluation-resume:${options.scopeId}`,
+                 protocolVersion: "1.1.0",
+                 channel,
+                 scope: options.scopeId,
+                 authorizationEpoch: 1,
+                 capability: "evaluation:get-job",
+                 value: { jobId: entry.evaluationJobId },
+               });
+               // A durable job readback can cross the extension boundary as an externalized transfer
+               // marker (the same class that made the Learning packs page render empty in R28), so
+               // decode it before reading the status.
+               const job = decodeExternalizedOperatorReadback({
+                 stateRoot: options.runtimeStateRoot,
+                 scopeId: options.scopeId,
+                 value: rawJob,
+               });
+               const status =
+                 job && typeof job === "object" && !Array.isArray(job)
+                   ? String((job as Record<string, unknown>).status ?? "")
+                   : "";
+               return status === "completed";
+             } catch {
+               return false;
+             }
+           },
+           complete: async (entry) => {
+             // The durable evaluation job carries the criteria the original attempt used, so a resumed
+             // completion grades with the same rubric instead of inventing one.
+             let storedCriteria: Readonly<Record<string, unknown>> | null = null;
+             let storedJobId: string | null = null;
+             try {
+               const rawStoredJob = await runtime.invoke("evaluation-core", {
+                 requestId: `evaluation-resume-read:${entry.replayJobId}`,
+                 sessionId: `evaluation-resume:${options.scopeId}`,
+                 protocolVersion: "1.1.0",
+                 channel,
+                 scope: options.scopeId,
+                 authorizationEpoch: 1,
+                 capability: "evaluation:get-job",
+                 value: { jobId: entry.evaluationJobId },
+               });
+               const storedJob = decodeExternalizedOperatorReadback({
+                 stateRoot: options.runtimeStateRoot,
+                 scopeId: options.scopeId,
+                 value: rawStoredJob,
+               });
+               const record =
+                 storedJob && typeof storedJob === "object" && !Array.isArray(storedJob)
+                   ? (storedJob as Record<string, unknown>)
+                   : null;
+               storedJobId =
+                 record && typeof record.id === "string"
+                   ? record.id
+                   : record && typeof record.jobId === "string"
+                     ? record.jobId
+                     : null;
+               const cases = record && Array.isArray(record.cases) ? record.cases : [];
+               const firstCase =
+                 cases[0] && typeof cases[0] === "object" && !Array.isArray(cases[0])
+                   ? (cases[0] as Record<string, unknown>)
+                   : null;
+               const criteria = firstCase?.evaluationCriteria;
+               storedCriteria =
+                 criteria && typeof criteria === "object" && !Array.isArray(criteria)
+                   ? (criteria as Readonly<Record<string, unknown>>)
+                   : null;
+             } catch {
+               storedCriteria = null;
+             }
+             /**
+              * Run 100 addendum `replay-dispatch-lifecycle.addendum-04` S7: a replay that handed its branches
+              * off and was interrupted *before* the evaluation job was created has no durable evaluation job
+              * to read back - that is exactly the state the recovery pass discovers. The completion below
+              * creates the job from the durable source capture and branch captures (idempotent by request id
+              * and criteria digest), so a missing readback is no longer a dead end: the stored criteria, when
+              * they exist, still win over the re-derived ones so an existing job's immutable bytes are
+              * re-presented unchanged.
+              */
+             if (!storedJobId) {
+               console.error(
+                 `[run100l] durable evaluation job ${entry.evaluationJobId} is absent; completion will create it from durable evidence`,
+               );
+             }
+             const sourceCapture = (await operations.readLocalRouteCapture({
+               requestId: entry.sourceCaptureRequestId,
+             })) as Record<string, unknown> | null;
+             if (!sourceCapture || typeof sourceCapture !== "object") {
+               /**
+                * S34 (measured live on f1db34b8: four renewed handoffs all reported
+                * `durable replay evaluation is missing its source capture …` and spent attempts on it): a source
+                * capture that is no longer in the store is the *same* permanent class as an arm capture that is
+                * gone - the evidence is outside the retention window - so it takes the named disposition instead
+                * of burning the attempt budget and ending as an unqualified `abandoned`.
+                */
+               throw new HandoffEvidenceUnavailableError(
+                 `source_capture_missing:${entry.sourceCaptureRequestId}`,
+               );
+             }
+             const sourceOutput = extractSourceOutputText(sourceCapture);
+             if (!sourceOutput) {
+               throw new HandoffEvidenceUnavailableError(
+                 `source_output_unreadable:${entry.sourceCaptureRequestId}`,
+               );
+             }
+             const captureScope =
+               typeof sourceCapture.scope === "string" && sourceCapture.scope.trim()
+                 ? sourceCapture.scope.trim()
+                 : options.scopeId;
+             const sourceEndpointId =
+               typeof sourceCapture.endpointId === "string" && sourceCapture.endpointId.trim()
+                 ? sourceCapture.endpointId.trim()
+                 : entry.sourceEndpointId;
+             const sourceModelId =
+               typeof sourceCapture.modelId === "string" && sourceCapture.modelId.trim()
+                 ? sourceCapture.modelId.trim()
+                 : entry.sourceModelId;
+             const dispatched = new Map<
+               string,
+               { readonly replayRequestId: string; readonly execution: Record<string, unknown> }
+             >();
+             const counterfactualPackages: {
+               endpointId: string;
+               modelId: string;
+               reasoningEffort: string | null;
+             }[] = [];
+             /**
+              * Run 100 addendum `replay-evaluation-spine-repair.addendum-05` S18 (live on `:3457`, immediately
+              * after renewals started re-driving handoffs): the completion re-derived each arm's branch-capture
+              * id, but the dispatch capture became attempt-scoped (addendum 04 S9), so the derived name no
+              * longer existed and every renewed handoff failed with `durable replay evaluation has no recorded
+              * counterfactual branch to evaluate`. The durable job names the capture each arm wrote, so the
+              * completion reads that first and keeps the old derivation only as the legacy fallback.
+              */
+             /**
+              * Run 100 addendum `handoff-evidence-durability.addendum-06` S21c (measured live): the durable job
+              * read was swallowed (`.catch(() => null)`) and the completion then fell back to the pre-S9 branch
+              * capture naming, which no longer exists. Every arm therefore resolved to nothing and the handoff
+              * was disposed as if its evidence had been evicted - while the store held the pointers and the
+              * artifacts. A failed read of the record that *names* the captures is not "no evidence": it is
+              * "cannot tell", which is retryable and must say so.
+              */
+             let durableReplayJobAnswer: unknown = null;
+             let jobReadFailure: string | null = null;
+             try {
+               durableReplayJobAnswer = await runtime.invoke("replay-core", {
+                 requestId: `replay-job-read:${entry.replayJobId}`,
+                 sessionId: `replay-job-read:${options.scopeId}`,
+                 protocolVersion: "1.1.0",
+                 channel,
+                 scope: captureScope,
+                 authorizationEpoch: 1,
+                 capability: "replay:job",
+                 value: { jobId: entry.replayJobId },
+               });
+             } catch (error) {
+               jobReadFailure = String(
+                 (error as { message?: unknown })?.message ?? error ?? "unknown",
+               ).slice(0, 200);
+             }
+             /**
+              * Run 101 addendum 35 (measured live on the packaged stage RC, 2026-09-28): the answer crosses the
+              * packaged extension host inside a durable-output envelope, so reading `answer.dispatches` yielded
+              * its `dispatches` off the envelope. The candidate builder then had no recorded `branchRequestId`
+              * and no `providerResultRef` to read, collapsed every arm onto the pre-S9 `…-<legacyHash>-branch`
+              * name that no producer writes, and the handoff was terminalized as
+              * `evidence_outside_retention_window` - while both arm captures sat in the store, readable. The
+              * decode below is the one the recovery sweep already performs.
+              */
+             const durableReplayJob: Record<string, unknown> | null =
+               jobReadFailure !== null
+                 ? null
+                 : resolveResumedHandoffJobRecord({
+                     answer: durableReplayJobAnswer,
+                     stateRoot: options.runtimeStateRoot,
+                     scopeId: options.scopeId,
+                   });
+             if (jobReadFailure !== null || !durableReplayJob) {
+               throw new Error(
+                 `resumed handoff job record is unreadable: ${
+                   jobReadFailure ?? "the durable job returned no record"
+                 }`,
+               );
+             }
+             /**
+              * Run 100 item 8 (`capture_missing`): the audit measured that the derived `…-branch` name has no
+              * producer while the arm's capture sits under the provider-result id, so the reader gets every id
+              * the job can support, in order, instead of the single derived name.
+              */
+             const branchCaptureRequestIds = branchCaptureRequestIdCandidatesFromJob({
+               replayJobId: entry.replayJobId,
+               requestId: entry.requestId,
+               dispatches: durableReplayJob?.dispatches,
+               candidateEndpointIds: entry.counterfactualPackages.map(
+                 (candidate) => candidate.endpointId,
+               ),
+             });
+             /**
+              * S22: this is the one place the durable job names *every* capture the handoff owes - the source
+              * it replays and the arms it compares - so the pin is extended here before any reader touches
+              * them. A resumed handoff reads its arms minutes or hours after the record was written, which is
+              * exactly the window in which the ring would have evicted them.
+              */
+             await holdHandoffEvidence(entry.replayJobId, {
+               requestId: entry.requestId,
+               sourceCaptureRequestId: entry.sourceCaptureRequestId,
+               // Run 100 item 8: each arm now names ordered candidates, so the pin covers all of them.
+               branchCaptureRequestIds: [...branchCaptureRequestIds.values()].flat(),
+             });
+             /**
+              * Run 100 addendum `handoff-evidence-durability.addendum-06` S21/S23: the arm evidence resolves
+              * through the same canonical reader the source half uses, and every arm it cannot resolve is
+              * *named*. Measured on `:3457`: the inline reader here accepted only a string `response.content`
+              * or a string `outputText`, so thirteen handoffs whose captures were present, named and readable
+              * were refused as `durable replay evaluation has no recorded counterfactual branch to evaluate`
+              * - a claim about durable state the stores disprove - and each burned eight attempts before an
+              * unqualified `abandoned`. Silence was the defect; the reasons are now part of the record.
+              */
+             const armEvidence = await resolveResumedArmEvidence({
+               counterfactualPackages: entry.counterfactualPackages,
+               branchCaptureRequestIds,
+               /**
+                * Addendum 38: the decoded job's own dispatch record per arm. `terra` on replay `2f223824749c…`
+                * was reported `capture_missing` while its dispatch said
+                * `{status: "retryable_failure", reason: "terminated", disposition: "retryable"}` - the transport
+                * failure wearing the name of an evicted pointer. Since `capture_missing` is permanent, a replay
+                * whose every arm failed that way was terminalized as `evidence_outside_retention_window`.
+                */
+               dispatchOutcomesByEndpoint: (() => {
+                 const dispatches = durableReplayJob?.dispatches;
+                 return dispatches && typeof dispatches === "object" && !Array.isArray(dispatches)
+                   ? (dispatches as Record<string, unknown>)
+                   : {};
+               })(),
+               readCapture: async (requestId) => {
+                 const answer = (await operations.readLocalRouteCapture({ requestId })) as Record<
+                   string,
+                   unknown
+                 > | null;
+                 if (answer) return answer;
+                 /**
+                  * Run 100 addendum 31: the boundary answered nothing for an arm whose capture the queue
+                  * durably recorded (`status: "captured"`), which is the measured `capture_missing` class. Fall
+                  * back to that receipt before reporting the evidence gone.
+                  */
+                 return readRouteCaptureFromQueueReceipt({
+                   runtimeStateRoot: options.runtimeStateRoot,
+                   scopeId: options.scopeId,
+                   requestId,
+                 });
+               },
+             });
+             for (const arm of armEvidence.arms) {
+               counterfactualPackages.push({
+                 endpointId: arm.endpointId,
+                 modelId: arm.modelId,
+                 reasoningEffort: arm.reasoningEffort,
+               });
+               dispatched.set(arm.endpointId, {
+                 replayRequestId: arm.replayRequestId,
+                 execution: {
+                   routingDecisionId: arm.routingDecisionId,
+                   outputText: arm.outputText,
+                 },
+               });
+             }
+             if (armEvidence.unreadable.length > 0) {
+               console.error(
+                 `[run101] resumed handoff ${entry.replayJobId} could not read ${armEvidence.unreadable.length} arm(s): ${describeUnresolvedArms(armEvidence.unreadable)}`,
+               );
+             }
+             if (dispatched.size === 0) {
+               const detail = describeUnresolvedArms(armEvidence.unreadable);
+               /**
+                * S21/S23: only evidence that is *gone* is a terminal disposition. A boundary that failed to
+                * answer is an ordinary retryable failure - the attempt budget and the bounded renewal exist
+                * for exactly that - and reporting it as a dead end would retire work that can still complete
+                * (measured live: the first version collapsed both into `capture_missing`).
+                */
+               if (unresolvedArmsArePermanent(armEvidence.unreadable)) {
+                 throw new HandoffEvidenceUnavailableError(detail);
+               }
+               throw new Error(`resumed handoff evidence is unreadable: ${detail}`);
+             }
+             const evaluationCriteria = storedCriteria
+               ? normalizeTrackBSemanticEvaluationCriteria(storedCriteria)
+               : normalizeTrackBSemanticEvaluationCriteria(entry.evaluationCriteria);
+             // Run 99 R33: the durable job is created with the criteria the executor derived from the
+             // capture's own task evidence, and re-creating it with a different rubric is refused as an
+             // idempotency conflict. Derive them the same way, so a resumed completion re-presents the
+             // job's immutable bytes.
+             const derivedCriteria = deriveAutomaticReplayCriteria({
+               taskText: extractTaskInstructionText(sourceCapture),
+               sourceOutput,
+             });
+             const effectiveCriteria = derivedCriteria
+               ? normalizeTrackBSemanticEvaluationCriteria(derivedCriteria.criteria)
+               : evaluationCriteria;
+             const completer = buildSupervisedReplayEvaluationCompleter({
+               // Addendum 58 §19: the resume sweep finalizes a comparison, so it needs the same durable-output
+               // resolution the live completer does.
+               contractStateRoot: options.runtimeStateRoot,
+               backend: created,
+               runtime,
+               operations,
+               requestId: entry.requestId,
+               channel,
+               captureScope,
+               sourceCapture,
+               sourceOutput,
+               sourceEndpointId,
+               sourceModelId,
+               counterfactualPackages,
+               evaluationCriteria: effectiveCriteria as unknown as Readonly<Record<string, unknown>>,
+               evaluationCriteriaDigest: digestTrackBSemanticEvaluationCriteria(effectiveCriteria),
+               learningPolicySnapshot: readEvaluationLearningPolicySnapshot(),
+               /**
+                * Run 98 addendum 45 J2: a resumed completion resolves the judge the same way a live one does.
+                * Run 100 addendum 22 follow-up: and it de-conflicts it the same way too, against the pair this
+                * resumed completion is about to score, so a capture the tick substituted a judge for is not
+                * recorded as judged by an arm of its own comparison.
+                */
+               judge: dedupeJudgeAgainstPair(
+                 await resolveControllerJudge(created, readEvaluationLearningPolicySnapshot()),
+                 {
+                   sourceEndpointId,
+                   counterfactualEndpointIds: counterfactualPackages.map(
+                     (candidate) => candidate.endpointId,
+                   ),
+                   fallbackEndpointIds: resolveReplayJudgeFallbackEndpointIds(process.env),
+                   configuredEndpointIds: created.effectiveRegistry.endpoints.map(
+                     (endpoint) => endpoint.identity.endpoint_id,
+                   ),
+                 },
+               ),
+               // A resumed completion performs no candidate dispatch, so its judge has no live
+               // reservation to charge.
+               replayLedger: createReplayLedger({
+                 filePath: path.join(
+                   options.runtimeStateRoot,
+                   options.scopeId,
+                   "track-b-replay-ledger.json",
+                 ),
+                 limits: resolveChannelScopedReplayLedgerLimits({
+                   repoRoot: options.repoRoot,
+                   runtimeStateRoot: options.runtimeStateRoot,
+                   scopeId: options.scopeId,
+                   channel,
+                 }),
+               }),
+               replayPolicySet: buildReplayPolicySet(),
+               getDispatched: (endpointId: string) => dispatched.get(endpointId),
+               currentLedgerReservationId: () => null,
+             });
+             const completedEntry = (await completer({
+               replayJobId: entry.replayJobId,
+               evaluationJobId: entry.evaluationJobId,
+               replayJob: null,
+               resultBranches: [],
+             })) as Readonly<Record<string, unknown>>;
+             // Run 98 addendum 34 S1: this sweep is one of the two paths that finalize a comparison, so
+             // it must not own its own copy of the extra-pair pass — the completer it just called does that
+             // for every caller. The sweep-local copy that used to live here never ran (the coverage ledger
+             // it would have written was absent for three builds), so it is deleted in the same change that
+             // makes the completer the single implementation.
+             return completedEntry;
+           },
+           /**
+            * Run 98 addendum 34 S5 (live stage v200): when the sweep abandons an entry, the evaluation
+            * is proven unavailable. The replay job behind it must stop being re-claimed — otherwise it
+            * stays `awaiting_evaluation`, the scheduler 409s on every tick ("replay job is awaiting
+            * evaluation and cannot be re-leased"), the capture defers without consuming its budget, and
+            * nothing is ever evaluated or failed. Terminalizing it with the recorded reason turns that
+            * silent infinite loop into an observable terminal refusal.
+            */
+           onAbandoned: async (entry, error) => {
+             const activeRuntime = extensionRuntimeRef.current;
+             if (!activeRuntime) return;
+             const reason = String(
+               (error as { message?: unknown })?.message ?? error ?? "unknown",
+             ).slice(0, 360);
+             // Durable replay jobs are scoped to the *capture's* scope, and `replay:fail-job` is bound to
+             // the persisted job, so the scope has to come from the capture — the same authority the
+             // completion path reads. Guessing the operator scope is refused with a binding mismatch.
+             // Run 98 addendum 34 S5: durable replay jobs are bound to the scope they were created under,
+             // so the terminalization needs *that* scope — the operator scope is refused with
+             // `replay persisted job scope binding mismatch`. The entry records it from the handoff; the
+             // capture and the operator scope are the fallbacks for entries written before the field.
+             const candidateScopes: string[] = [];
+             const pushScope = (value: unknown) => {
+               const text = typeof value === "string" ? value.trim() : "";
+               if (text && !candidateScopes.includes(text)) candidateScopes.push(text);
+             };
+             pushScope(entry.scope);
+             try {
+               const capture = (await currentPostObservationOperations()?.readLocalRouteCapture({
+                 requestId: entry.sourceCaptureRequestId,
+               })) as Record<string, unknown> | null | undefined;
+               pushScope(capture?.scope);
+             } catch {
+               // The capture may be gone (retention); the remaining candidates still apply.
+             }
+             // S27: the store knows the scope the job was created under even when the entry predates the field
+             // and its capture is gone - which is exactly the `legacy_scope_unresolved` class in the live log.
+             if (replayJobScopeRef.current) pushScope(await replayJobScopeRef.current());
+             pushScope(options.scopeId);
+             try {
+               const invokeFailJob = async (invokeScope: string) =>
+                 activeRuntime.invoke("replay-core", {
+                   requestId: `replay-fail-job:${entry.replayJobId}`,
+                   sessionId: `replay-fail-job:${options.scopeId}`,
+                   protocolVersion: "1.1.0",
+                   channel,
+                   scope: invokeScope,
+                   authorizationEpoch: 1,
+                   capability: "replay:fail-job",
+                   value: {
+                     jobId: entry.replayJobId,
+                     reason: `evaluation_unavailable: ${reason}`,
+                   },
+                 });
+               let lastError: unknown = null;
+               for (const candidateScope of candidateScopes) {
+                 try {
+                   await invokeFailJob(candidateScope);
+                   lastError = null;
+                   break;
+                 } catch (scopeError) {
+                   lastError = scopeError;
+                   // Only a scope mismatch is worth retrying with the next candidate; anything else is a
+                   // real failure (already terminal, unknown job) and is reported as-is.
+                   if (
+                     !/scope binding mismatch/u.test(
+                       String((scopeError as { message?: unknown })?.message ?? scopeError),
+                     )
+                   ) {
+                     break;
+                   }
+                 }
+               }
+               if (lastError) throw lastError;
+             } catch (failure) {
+               const message = String((failure as { message?: unknown })?.message ?? failure);
+               // Run 98 addendum 39 S5: a resume record written before the scope field existed
+               // cannot resolve a scope from any candidate. Give it its own typed disposition
+               // instead of the generic decline, so an operator can see the class and the effort
+               // spent on it.
+               if (classifyReplayTerminalizationFailure(message) === "legacy_scope_unresolved") {
+                 console.error(
+                   `[run98] replay job terminalization deferred:legacy_scope_unresolved job=${entry.replayJobId} candidates=${candidateScopes.length} reason=${message.slice(0, 160)}`,
+                 );
+               } else {
+                 console.error(
+                   `[run98] replay job terminalization declined:${entry.replayJobId} ${message.slice(0, 200)}`,
+                 );
+               }
+             }
+             /**
+              * Run 100 addendum `evaluation-lease-wedge-repair.addendum-02` S3 (operator report
+              * 2026-09-23: "18 evals have been stuck in flight for hours").
+              *
+              * `replay:fail-job` closes the replay half of the handoff. The *evaluation* job behind the
+              * same handoff was left non-terminal with no lease at all: `evaluation:claim-job` accepts
+              * only `queued` or an expired `leased` row, and a NULL expiry never satisfies it, so the row
+              * could never be claimed again. The operator surface then reported it "in flight" for days.
+              * The give-up therefore terminalizes both halves with the same recorded reason. This is
+              * independent of the replay half: a refused or already-terminal replay job must not stop the
+              * evaluation row from being closed.
+              */
+             try {
+               const terminalization = await terminalizeAbandonedEvaluation({
+                 entry: {
+                   replayJobId: entry.replayJobId,
+                   evaluationJobId: entry.evaluationJobId,
+                   scope: entry.scope,
+                 },
+                 channel,
+                 operatorScope: options.scopeId,
+                 reason,
+                 /**
+                  * Run 100 addendum 28 §2: ask whether the row is in this scope before cancelling there.
+                  * `evaluation:get-job` answers `null` for a missing id without throwing, so a stale id costs one
+                  * cheap read instead of a failed cancel that the host bridge logs as `invoke-failed` (measured:
+                  * ~11 lines/min for the 305-of-321 ids the census found absent).
+                  */
+                 jobExists: async (invokeScope) => {
+                   evaluationJobExistsProbeCounter += 1;
+                   const answer = await activeRuntime.invoke("evaluation-core", {
+                     /**
+                      * A fresh request id per check: the answer is externalized behind a `durableLocator`, and a
+                      * repeated id can be served an earlier call's answer, which would report a row that has
+                      * since aged out as present.
+                      */
+                     requestId: `evaluation:get-job:${entry.evaluationJobId}:${evaluationJobExistsProbeCounter}`,
+                     sessionId: `evaluation:get-job:${options.scopeId}`,
+                     protocolVersion: "1.1.0",
+                     channel,
+                     scope: invokeScope,
+                     authorizationEpoch: 1,
+                     capability: "evaluation:get-job",
+                     value: { jobId: entry.evaluationJobId },
+                   });
+                   /**
+                    * Run 173 follow-up (run172's shape probe): the live answer is a chain of externalization
+                    * markers whose innermost layer carries no payload — only a durable locator — so the record has
+                    * to be read back through the documented decoder instead of unwrapped from the envelope.
+                    */
+                   const decoded = decodeExternalizedOperatorReadback({
+                     stateRoot: options.runtimeStateRoot,
+                     scopeId: options.scopeId,
+                     value: unwrapCapabilityPayload(answer),
+                   });
+                   /**
+                    * Only an answer that proves the row is there counts as existing: a job identity, or the
+                    * externalization marker a large-but-present job is delivered behind. A degradation receipt
+                    * (or any unexpected shape) is *unknown*, which keeps the previous behaviour rather than
+                    * skipping a row that may exist.
+                    */
+                   const verdict = evaluationJobExistsFromGetJobAnswer(decoded);
+                   if (verdict !== false && evaluationJobExistsAnswerLogged < 3) {
+                     evaluationJobExistsAnswerLogged += 1;
+                     const marker = (decoded ?? {}) as Record<string, unknown>;
+                     const locator =
+                       marker.durableLocator && typeof marker.durableLocator === "object"
+                         ? (marker.durableLocator as Record<string, unknown>)
+                         : null;
+                     const business =
+                       marker.businessOutput && typeof marker.businessOutput === "object"
+                         ? (marker.businessOutput as Record<string, unknown>)
+                         : null;
+                     console.error(
+                       `[run164] evaluation existence check id=${entry.evaluationJobId.slice(0, 24)} verdict=${String(
+                         verdict,
+                       )} locatorRequest=${String(locator?.requestId ?? "-").slice(-24)} businessStatus=${String(
+                         business?.status ?? "-",
+                       )}`,
+                     );
+                   }
+                   return verdict;
+                 },
+                 /**
+                  * Run 100 (evaluation audit): the same read answers the durable status, so a row the store
+                  * already reports terminal is a benign no-op instead of a cancel that the extension refuses —
+                  * measured as 156 such refusals and 312 log lines per process start.
+                  */
+                 jobStatus: async (invokeScope) => {
+                   evaluationJobExistsProbeCounter += 1;
+                   const answer = await activeRuntime.invoke("evaluation-core", {
+                     requestId: `evaluation:get-job:${entry.evaluationJobId}:${evaluationJobExistsProbeCounter}`,
+                     sessionId: `evaluation:get-job:${options.scopeId}`,
+                     protocolVersion: "1.1.0",
+                     channel,
+                     scope: invokeScope,
+                     authorizationEpoch: 1,
+                     capability: "evaluation:get-job",
+                     value: { jobId: entry.evaluationJobId },
+                   });
+                   const decoded = decodeExternalizedOperatorReadback({
+                     stateRoot: options.runtimeStateRoot,
+                     scopeId: options.scopeId,
+                     value: unwrapCapabilityPayload(answer),
+                   });
+                   const status = evaluationJobStatusFromGetJobAnswer(decoded);
+                   /**
+                    * Bounded diagnostic (three per process): three deployed attempts at this short-circuit did not
+                    * suppress the stream, so the answer shape has to be named rather than inferred.
+                    */
+                   if (
+                     (status === undefined ||
+                       (typeof status === "string" && !TERMINAL_STATUS_HINT.has(status))) &&
+                     evaluationJobStatusShapeLogged < 3
+                   ) {
+                     evaluationJobStatusShapeLogged += 1;
+                     const record =
+                       decoded && typeof decoded === "object" && !Array.isArray(decoded)
+                         ? (decoded as Record<string, unknown>)
+                         : null;
+                     const business = record?.businessOutput;
+                     console.error(
+                       `[run171] evaluation status probe: typeof=${typeof decoded} decodedKeys=${Object.keys(
+                         record ?? {},
+                       )
+                         .slice(0, 6)
+                         .join(",")} businessType=${typeof business} businessKeys=${
+                         business && typeof business === "object"
+                           ? Object.keys(business as Record<string, unknown>)
+                               .slice(0, 6)
+                               .join(",")
+                           : "-"
+                       } status=${String(status)} head=${typeof decoded === "string" ? decoded.slice(0, 80) : "-"}`,
+                     );
+                   }
+                   return status;
+                 },
+                 invoke: (capability, value, invokeScope) =>
+                   activeRuntime.invoke("evaluation-core", {
+                     requestId: `${capability}:${entry.evaluationJobId}`,
+                     sessionId: `${capability}:${options.scopeId}`,
+                     protocolVersion: "1.1.0",
+                     channel,
+                     scope: invokeScope,
+                     authorizationEpoch: 1,
+                     capability,
+                     value,
+                   }),
+               });
+               if (!terminalization.cancelled) {
+                 // A job that is already terminal is the expected second visit; anything else is worth a
+                 // line in the log rather than silence, because silence is what hid this defect.
+                 /**
+                  * Run 100 addendum 16 item 8d: a job id that exists in none of the candidate scopes has nothing
+                  * to terminalize — the delegated census measured 305 of 321 target ids absent from the live
+                  * evaluation store, and reporting each one produced hundreds of self-defeating lines per window.
+                  * The first occurrence per process is still named (so the class stays visible), the rest are
+                  * counted, not printed.
+                  */
+                 if (terminalization.benign === true) {
+                   terminalizationBenignCount += 1;
+                   if (terminalizationBenignCount === 1) {
+                     console.error(
+                       `[run100h] evaluation job terminalization no-op:${entry.evaluationJobId} the id exists in none of the candidate scopes (counted, not per-job)`,
+                     );
+                   }
+                 } else {
+                   console.error(
+                     `[run100h] evaluation job terminalization not applied:${entry.evaluationJobId} scope=${terminalization.scope ?? "unresolved"} ${String(terminalization.detail ?? "job is already terminal").slice(0, 160)}`,
+                   );
+                 }
+               }
+             } catch (terminalizationError) {
+               const message = String(
+                 (terminalizationError as { message?: unknown })?.message ?? terminalizationError,
+               );
+               console.error(
+                 `[run100h] evaluation job terminalization failed:${entry.evaluationJobId} ${message.slice(0, 200)}`,
+               );
+             }
+           },
+         });
+       };
+       resumeEvaluationsRef.current = resumePendingEvaluations;
+       /**
+        * Run 98 addendum 34 S7 — the production caller addendum 33 S6 never had.
+        *
+        * `evaluation:rescore-trial-scores` recomputes a stored trial's deterministic score under a new
+        * registered version and writes `evaluation_trial_score_revisions`. It shipped with unit coverage
+        * and **zero callers**, so the table stayed empty and a corrected ruler could never correct
+        * history. The host is the only layer that can read both the durable captures and Evaluation
+        * Core, so the operator action lives here: it rebuilds each arm's scored text from its durable
+        * capture (the source capture plus the deterministic
+        * `replay-<requestId>-<hash(replayJobId,candidate)>-branch` captures) and re-scores the newest
+        * completed supervised replays under one pinned version.
+        */
+       rescoreLearningScoresRef.current = async (body: Readonly<Record<string, unknown>> = {}) => {
+         const runtime = extensionRuntimeRef.current;
+         if (!runtime) throw new Error("evaluation runtime is unavailable for re-score");
+         const channel = packagedProfile?.channel ?? "development";
+         const decode = (value: unknown) =>
+           decodeExternalizedOperatorReadback({
+             stateRoot: options.runtimeStateRoot,
+             scopeId: options.scopeId,
+             value,
+           });
+         const invokeEvaluation = async (capability: string, value: unknown) =>
+           decode(
+             await runtime.invoke("evaluation-core", {
+               requestId: `learning-rescore:${capability}:${Date.now()}`,
+               sessionId: `learning-rescore:${options.scopeId}`,
+               protocolVersion: "1.1.0",
+               channel,
+               scope: options.scopeId,
+               authorizationEpoch: 1,
+               capability,
+               value,
+             }),
+           );
+         /**
+          * A supervised invoke answers with the extension's business output, which may arrive wrapped
+          * (`{result}`, `{businessOutput}` or `{businessOutput:{result}}`) or, for a list capability, as
+          * the list itself. Unwrap defensively instead of assuming one shape.
+          */
+         const unwrap = (value: unknown): unknown => {
+           let current = value;
+           for (let depth = 0; depth < 3; depth += 1) {
+             const record =
+               current && typeof current === "object" && !Array.isArray(current)
+                 ? (current as Record<string, unknown>)
+                 : null;
+             if (!record) return current;
+             if (Array.isArray(record.result)) return record.result;
+             if (Array.isArray(record.businessOutput)) return record.businessOutput;
+             // The supervised invoke answers `{value: ...}` on this boundary (measured on stage v205).
+             if (Array.isArray(record.value)) return record.value;
+             if (record.businessOutput && typeof record.businessOutput === "object") {
+               current = record.businessOutput;
+               continue;
+             }
+             if (record.result !== undefined) {
+               current = record.result;
+               continue;
+             }
+             if (record.value !== undefined && typeof record.value === "object") {
+               current = record.value;
+               continue;
+             }
+             return record;
+           }
+           return current;
+         };
+         const invokeList = async (capability: string, value: unknown) => {
+           const unwrapped = unwrap(await invokeEvaluation(capability, value));
+           return Array.isArray(unwrapped) ? (unwrapped as Array<Record<string, unknown>>) : [];
+         };
+         const text = (value: unknown) =>
+           typeof value === "string" && value.trim() ? value.trim() : "";
+         const scorerId = text(body.scorerId) || "run96-semantic-criteria";
+         const dimension = text(body.dimension) || "correctness";
+         // Run 98 addendum 34 S4: per-prior-version before/after counts, merged across the batches this
+         // call re-scores, so the operator readback names the rulers the revisions superseded.
+         const priorVersionBuckets: Record<
+           string,
+           {
+             revisions: number;
+             beforeSum: number;
+             beforeCount: number;
+             afterSum: number;
+             afterCount: number;
+           }
+         > = {};
+         const requestedLimit = Number(body.limit ?? 6);
+         const limit = Number.isSafeInteger(requestedLimit)
+           ? Math.min(Math.max(requestedLimit, 1), 12)
+           : 6;
+         /**
+          * Run 98 addendum 34 S4: the requirement is to re-score the **historical mixed-version set**, not
+          * only the newest captures — the newest entries are already pinned to the current ruler, while the
+          * store still holds 991 trials whose newest base score came from the older version. A bounded
+          * offset walks the historical window instead of making the operator re-score nothing.
+          */
+         const requestedOffset = Number(body.offset ?? 0);
+         const offset = Number.isSafeInteger(requestedOffset)
+           ? Math.min(Math.max(requestedOffset, 0), 4096)
+           : 0;
+         const rawDefinitions = await invokeEvaluation("evaluation:list-scorers", {});
+         const definitions = await invokeList("evaluation:list-scorers", {});
+         const versions = definitions
+           .filter((definition) => definition?.id === scorerId)
+           .map((definition) => text(definition.version))
+           .filter(Boolean)
+           .sort((left, right) => Number(left) - Number(right) || left.localeCompare(right));
+         const scorerVersion = text(body.scorerVersion) || versions[versions.length - 1] || "";
+         if (!scorerVersion) {
+           // A shape regression here would otherwise show up as a silent empty result; name it.
+           throw new Error(
+             `no registered scorer version for ${scorerId} (definitions: ${JSON.stringify(
+               rawDefinitions,
+             ).slice(0, 200)})`,
+           );
+         }
+         const resumeStore = createSupervisedReplayEvaluationResumeStore({
+           filePath: resolveSupervisedReplayEvaluationResumePath({
+             runtimeStateRoot: options.runtimeStateRoot,
+             scopeId: options.scopeId,
+           }),
+         });
+         const entries = resumeStore
+           .list()
+           .filter((entry) => typeof entry.outcome === "string" && entry.outcome !== "abandoned")
+           .sort((left, right) => (right.resolvedAtMs ?? 0) - (left.resolvedAtMs ?? 0))
+           .slice(offset, offset + limit);
+         const entryOperations = currentPostObservationOperations();
+         let groups = 0;
+         const revisionIds: string[] = [];
+         const skipped: string[] = [];
+         for (const entry of entries) {
+           try {
+             const jobResult = unwrap(
+               await invokeEvaluation("evaluation:get-job", { jobId: entry.evaluationJobId }),
+             );
+             const job =
+               jobResult && typeof jobResult === "object" && !Array.isArray(jobResult)
+                 ? (jobResult as Record<string, unknown>)
+                 : null;
+             if (!job || String(job.status ?? "") !== "completed") {
+               skipped.push(`${entry.evaluationJobId}:not_completed`);
+               continue;
+             }
+             const cases = Array.isArray(job.cases)
+               ? (job.cases as Array<Record<string, unknown>>)
+               : [];
+             const evaluationCriteria = cases[0]?.evaluationCriteria;
+             if (!evaluationCriteria || typeof evaluationCriteria !== "object") {
+               skipped.push(`${entry.evaluationJobId}:no_criteria`);
+               continue;
+             }
+             const trials = await invokeList("evaluation:list-trials", {
+               jobId: entry.evaluationJobId,
+             });
+             const sourceCapture = (await entryOperations?.readLocalRouteCapture({
+               requestId: entry.sourceCaptureRequestId,
+             })) as Record<string, unknown> | null | undefined;
+             const sourceText = sourceCapture ? extractSourceOutputText(sourceCapture) : null;
+             const candidates: Array<{
+               trialId: string;
+               actual: string;
+               evaluationCriteria: unknown;
+             }> = [];
+             for (const trial of trials) {
+               const trialId = text(trial.trialId) || text(trial.id);
+               const candidateRef = text(trial.candidateRef) || text(trial.candidate_ref);
+               if (!trialId || !candidateRef) continue;
+               let actual = candidateRef === entry.sourceEndpointId ? sourceText : null;
+               if (!actual) {
+                 const token = createHash("sha256")
+                   .update(`${entry.replayJobId}\u0000${candidateRef}`)
+                   .digest("hex")
+                   .slice(0, 16);
+                 const branchCapture = (await entryOperations?.readLocalRouteCapture({
+                   requestId: `replay-${entry.requestId}-${token}-branch`,
+                 })) as Record<string, unknown> | null | undefined;
+                 actual = branchCapture ? extractSourceOutputText(branchCapture) : null;
+               }
+               if (!actual) continue;
+               candidates.push({ trialId, actual, evaluationCriteria });
+             }
+             if (candidates.length === 0) {
+               skipped.push(`${entry.evaluationJobId}:no_scored_text`);
+               continue;
+             }
+             const rescoreResult = unwrap(
+               await invokeEvaluation("evaluation:rescore-trial-scores", {
+                 groups: candidates.slice(0, 25),
+                 scorerId,
+                 scorerVersion,
+                 dimension,
+               }),
+             );
+             const result =
+               rescoreResult && typeof rescoreResult === "object" && !Array.isArray(rescoreResult)
+                 ? (rescoreResult as Record<string, unknown>)
+                 : null;
+             const revisions = Array.isArray(result?.revisions)
+               ? (result.revisions as Array<Record<string, unknown>>)
+               : [];
+             groups += candidates.length;
+             for (const revision of revisions) {
+               const revisionId = text(revision.scoreId) || text(revision.score_id);
+               if (revisionId) revisionIds.push(revisionId);
+             }
+             /**
+              * Run 98 addendum 34 S4: the operator readback carries the per-prior-version before/after
+              * summary the extension now computes, and refuses an aggregate mean while the re-scored set
+              * spans more than one ruler version — a mean across rulers is not a measurement.
+              */
+             const byPriorVersion = result?.byPriorVersion;
+             if (
+               byPriorVersion &&
+               typeof byPriorVersion === "object" &&
+               !Array.isArray(byPriorVersion)
+             ) {
+               for (const [key, bucket] of Object.entries(
+                 byPriorVersion as Record<string, Record<string, unknown>>,
+               )) {
+                 const row = priorVersionBuckets[key] ?? {
+                   revisions: 0,
+                   beforeSum: 0,
+                   beforeCount: 0,
+                   afterSum: 0,
+                   afterCount: 0,
+                 };
+                 const bucketRevisions = Number(bucket?.revisions ?? 0);
+                 row.revisions += Number.isSafeInteger(bucketRevisions) ? bucketRevisions : 0;
+                 if (Number.isFinite(bucket?.meanBefore) && bucketRevisions > 0) {
+                   row.beforeSum += Number(bucket.meanBefore) * bucketRevisions;
+                   row.beforeCount += bucketRevisions;
+                 }
+                 if (Number.isFinite(bucket?.meanAfter) && bucketRevisions > 0) {
+                   row.afterSum += Number(bucket.meanAfter) * bucketRevisions;
+                   row.afterCount += bucketRevisions;
+                 }
+                 priorVersionBuckets[key] = row;
+               }
+             }
+           } catch (error) {
+             skipped.push(
+               `${entry.evaluationJobId}:${String(
+                 (error as { message?: unknown })?.message ?? error,
+               ).slice(0, 90)}`,
+             );
+           }
+         }
+         return {
+           scorerId,
+           scorerVersion,
+           dimension,
+           window: { offset, limit },
+           evaluatedEntries: entries.length,
+           groups,
+           revisions: revisionIds.length,
+           revisionIds: revisionIds.slice(0, 10),
+           // Run 98 addendum 34 S4: per prior ruler version, with before/after means, and a refused
+           // aggregate while the re-scored set spans more than one version.
+           byPriorVersion: Object.fromEntries(
+             Object.entries(priorVersionBuckets).map(([key, bucket]) => [
+               key,
+               {
+                 revisions: bucket.revisions,
+                 meanBefore: bucket.beforeCount > 0 ? bucket.beforeSum / bucket.beforeCount : null,
+                 meanAfter: bucket.afterCount > 0 ? bucket.afterSum / bucket.afterCount : null,
+               },
+             ]),
+           ),
+           ...(() => {
+             const versions = new Set(
+               Object.keys(priorVersionBuckets).map((key) => key.slice(key.lastIndexOf("@") + 1)),
+             );
+             if (versions.size <= 1) return {};
+             return {
+               aggregateMean: null,
+               refusal: "mixed_scorer_versions",
+               refusalDetail:
+                 "a mean across rows produced by different ruler versions is not a measurement; re-score under one pinned version first",
+             };
+           })(),
+           skipped,
+         };
+       };
+       if (trackBOperationsEndpoint && trackBOperationsToken && runStartupSQLiteMaintenance) {
+         const response = await fetch(`${trackBOperationsEndpoint}/sqlite-maintenance`, {
+           method: "POST",
+           headers: {
+             authorization: `Bearer ${trackBOperationsToken}`,
+             "content-type": "application/json",
+           },
+           body: JSON.stringify({
+             nowMs: Date.now(),
+             maxDeleteRows: 256,
+             idle: true,
+             lockRisk: "low",
+           }),
+         });
+         if (!response.ok) {
+           throw new Error(`Track B startup SQLite maintenance failed with ${response.status}`);
+         }
+       }
+       activeAutoReplayLoop = startHostAutoReplayLoop(
+         () => created.effectiveRegistry.endpoints.map((endpoint) => endpoint.identity.endpoint_id),
+         // R3/R7: the counterfactual candidate set is the runtime's *dispatchable*
+         // configured set. A credential-less or degraded endpoint must never be chosen
+         // as a counterfactual: its dispatch can only fail, which would leave the
+         // capture without a comparison while still consuming the daily dispatch
+         // ceiling. Health is re-read every tick because credentials can be repaired
+         // or revoked while the runtime is up.
+         async () => {
+           try {
+             const activeRuntime = packagedRuntime;
+             if (!activeRuntime) return null;
+             const rows = await activeRuntime.backend.listEndpoints();
+             const healthy = rows
+               .filter((row) => row.healthStatus === "healthy")
+               .map((row) => row.endpointId);
+             // An empty healthy set is a real observation (nothing can be dispatched),
+             // so it is returned as-is rather than being confused with "no filter".
+             return healthy;
+           } catch {
+             return null;
+           }
+         },
+         () =>
+           created.effectiveRegistry.endpoints.map((endpoint) => ({
+             endpointId: endpoint.identity.endpoint_id,
+             modelId:
+               typeof (endpoint as { modelId?: unknown }).modelId === "string"
+                 ? String((endpoint as { modelId?: unknown }).modelId)
+                 : "",
+             reasoningEffort:
+               typeof (endpoint as { reasoningEffort?: unknown }).reasoningEffort === "string"
+                 ? String((endpoint as { reasoningEffort?: unknown }).reasoningEffort)
+                 : null,
+           })),
+       );
+       configuredEndpointIdsRef.current = created.effectiveRegistry.endpoints.map(
+         (endpoint) => endpoint.identity.endpoint_id,
+       );
+       return created;
+     };
+     if (trackBManifestText && trackBManifestPath) {
+       const manifest = JSON.parse(trackBManifestText) as {
+         readonly schemaVersion: string;
+         readonly sidecar: { readonly modulePath: string; readonly artifactSha256: string };
+         readonly registryBindings?: {
+           readonly runtimeChannel?: {
+             readonly schema?: string;
+             readonly currentVersion?: string;
+             readonly minimumReaderVersion?: string;
+           };
+           readonly contractRegistry?: PackagedTrackBContractRegistryBinding;
+         };
+         readonly runtimeChannelContext?: Partial<RuntimeChannelContext>;
+         readonly publicRuntimeAdapter?: {
+           readonly modulePath: string;
+           readonly artifactSha256: string;
+           readonly routerRoot: string;
+         };
+         readonly extensions: readonly {
+           readonly descriptor: {
+             readonly id: string;
+             readonly protocolVersion: string;
+             readonly capabilities: readonly string[];
+             readonly channelContractVersion?: string;
+           };
+           readonly modulePath: string;
+           readonly artifactSha256: string;
+         }[];
+       };
+       if (
+         manifest.schemaVersion !== "role-model.track-b-runtime-distribution.v1" &&
+         manifest.schemaVersion !== "role-model.track-b-runtime-distribution.v2"
+       ) {
+         throw new Error("unsupported packaged Track B distribution");
+       }
+       if (
+         manifest.schemaVersion === "role-model.track-b-runtime-distribution.v2" &&
+         !manifest.publicRuntimeAdapter
+       ) {
+         throw new Error("v2 Track B distribution is missing its public runtime adapter");
+       }
+       const distributionRoot = path.dirname(trackBManifestPath);
+       if (packagedReleaseId) {
+         validateRun88PrivateDistributionIdentity(
+           {
+             generation:
+               manifest.schemaVersion === "role-model.track-b-runtime-distribution.v2" ? "N" : "N-1",
+             manifestSha256: createHash("sha256").update(trackBManifestText).digest("hex"),
+             channel: packagedProfile?.channel ?? "development",
+           },
+           {
+             channel: "stage",
+             manifestSha256: String(packagedManifestRecord?.private_distribution_sha256 ?? ""),
+             publicGeneration: "N",
+           },
+         );
+       }
+       // Run 99 R23: one definition of the Track B state root, shared with the policy resolver.
+       const trackBStateRoot = resolveLearningPolicyStateRoot({
+         runtimeStateRoot: options.runtimeStateRoot,
+         scopeId: options.scopeId,
+       });
+       const runtimeChannel = packagedProfile?.channel ?? "development";
+       const writerContext: RuntimeChannelContext = {
+         channel: packagedProfile?.channel ?? runtimeChannel,
+         scopeId: packagedProfile?.scope_id ?? options.scopeId,
+         authorizationEpoch: 1,
+       };
+       const readerContext: RuntimeChannelContext = {
+         channel: runtimeChannel,
+         scopeId: options.scopeId,
+         authorizationEpoch: 1,
+       };
+       const contractRegistryBinding = manifest.registryBindings?.contractRegistry;
+       const contractRegistryText = contractRegistryBinding?.registryPath
+         ? await readFile(
+             (() => {
+               const registryPath = contractRegistryBinding.registryPath;
+               if (
+                 path.isAbsolute(registryPath) ||
+                 registryPath.split(/[\\/]/u).some((segment) => segment === "..")
+               ) {
+                 throw new Error("Track B packaged contract registry path is invalid");
+               }
+               return path.resolve(path.dirname(trackBManifestPath), registryPath);
+             })(),
+             "utf8",
+           )
+         : undefined;
+       negotiatePackagedTrackBStartup({
+         channel: runtimeChannel,
+         scopeId: options.scopeId,
+         authorizationEpoch: 1,
+         manifest,
+         writerContext,
+         readerContext,
+         contractRegistryText,
+       });
+       const destinationTrustMaterialFile =
+         args.values["destination-material-file"] ??
+         args.values["destination-trust-material-file"] ??
+         process.env.ROLE_MODEL_DESTINATION_AUTH_SECRET_FILE;
+       const aggregateEndpoint =
+         args.values["aggregate-ingestion-url"] ??
+         process.env.ROLE_MODEL_AGGREGATE_INGESTION_URL ??
+         (runtimeChannel === "stage" && destinationTrustMaterialFile
+           ? "https://ingest-stage.role-model.dev/contribution/aggregate"
+           : undefined);
+       const aggregateScope =
+         args.values["aggregate-scope"] ??
+         process.env.ROLE_MODEL_AGGREGATE_SCOPE ??
+         (runtimeChannel === "stage" && destinationTrustMaterialFile
+           ? "standalone-runtime-stage"
+           : undefined);
+       const developmentVerificationLeaseFile =
+         args.values["development-verification-lease-file"] ??
+         process.env.ROLE_MODEL_DEVELOPMENT_VERIFICATION_LEASE_FILE;
+       const developmentVerificationTrustKeyFile =
+         args.values["development-verification-trust-key-file"] ??
+         process.env.ROLE_MODEL_DEVELOPMENT_VERIFICATION_TRUST_KEY_FILE;
+       const developmentVerificationDeploymentIds = (
+         args.values["development-verification-deployment-ids"] ??
+         process.env.ROLE_MODEL_DEVELOPMENT_VERIFICATION_DEPLOYMENT_IDS ??
+         ""
+       )
+         .split(",")
+         .map((value) => value.trim())
+         .filter(Boolean);
+       const developmentVerificationRevocationEpochRaw =
+         args.values["development-verification-revocation-epoch"] ??
+         process.env.ROLE_MODEL_DEVELOPMENT_VERIFICATION_REVOCATION_EPOCH;
+       const developmentVerificationRevocationEpoch =
+         developmentVerificationRevocationEpochRaw === undefined
+           ? undefined
+           : Number(developmentVerificationRevocationEpochRaw);
+       const hasDevelopmentVerificationInput = Boolean(
+         developmentVerificationLeaseFile ||
+           developmentVerificationTrustKeyFile ||
+           developmentVerificationDeploymentIds.length > 0 ||
+           developmentVerificationRevocationEpochRaw !== undefined,
+       );
+       if (runtimeChannel !== "development" && hasDevelopmentVerificationInput) {
+         throw new Error(
+           "development verification capability is valid only for development runtimes",
+         );
+       }
+       if (hasDevelopmentVerificationInput) {
+         const requiredDevelopmentVerificationRevocationEpoch =
+           developmentVerificationRevocationEpoch;
+         if (
+           typeof requiredDevelopmentVerificationRevocationEpoch !== "number" ||
+           !Number.isSafeInteger(requiredDevelopmentVerificationRevocationEpoch) ||
+           requiredDevelopmentVerificationRevocationEpoch < 0
+         ) {
+           throw new Error(
+             "development verification upload requires a non-negative current revocation epoch",
+           );
+         }
+         if (
+           !developmentVerificationLeaseFile ||
+           !developmentVerificationTrustKeyFile ||
+           developmentVerificationDeploymentIds.length === 0 ||
+           !aggregateEndpoint ||
+           !aggregateScope
+         ) {
+           throw new Error(
+             "development verification upload requires lease, trust key, deployment IDs, a non-negative current revocation epoch, aggregate endpoint, and aggregate scope",
+           );
+         }
+         const authorization = JSON.parse(
+           readFileSync(developmentVerificationLeaseFile, "utf8"),
+         ) as DevelopmentVerificationAuthorization;
+         const trustMaterial = parseDevelopmentVerificationTrustMaterial(
+           readFileSync(developmentVerificationTrustKeyFile, "utf8"),
+         );
+         negotiateDevelopmentVerificationCapability({
+           runtimeChannel,
+           sourceScopeId: aggregateScope,
+           authorization,
+           trustedPublicKey: createPublicKey(trustMaterial.publicKey),
+           expectedKeyId: trustMaterial.keyId,
+           requiredRevocationEpoch: requiredDevelopmentVerificationRevocationEpoch,
+           destinationDeploymentIds: developmentVerificationDeploymentIds,
+         });
+       }
+       const artifactKeyFiles = await resolveManagedArtifactKeyFiles({
+         channel: runtimeChannel,
+         stateRoot: trackBStateRoot,
+         artifactDigestKeyFile:
+           args.values["artifact-digest-key-file"] ??
+           process.env.ROLE_MODEL_ARTIFACT_DIGEST_KEY_FILE,
+         artifactEncryptionKeyFile:
+           args.values["artifact-encryption-key-file"] ??
+           process.env.ROLE_MODEL_ARTIFACT_ENCRYPTION_KEY_FILE,
+       });
+       // Start extension-host registration in parallel with sidecar/backend bring-up, but
+       // do not advertise readiness until every canonical worker and startup probe is healthy.
+       extensionRuntimeOwner = createCliExtensionRuntimeOwner(
+         createProductionExtensionRuntime({
+           stateRoot: path.join(trackBStateRoot, "extensions"),
+           authorizationEpoch: 1,
+           repoRoot: options.repoRoot,
+           channel: runtimeChannel,
+           extensions: manifest.extensions.map((extension) => ({
+             ...extension,
+             modulePath: path.resolve(distributionRoot, extension.modulePath),
+           })),
+           qaExtensions,
+         }),
+       );
+       packagedRuntime = await createPackagedProductionRuntime({
+         stateRoot: trackBStateRoot,
+         sidecar: createOwnedTrackBSidecarSpec({
+           artifactPath: path.resolve(distributionRoot, manifest.sidecar.modulePath),
+           artifactSha256: manifest.sidecar.artifactSha256,
+           stateRoot: trackBStateRoot,
+           channel: runtimeChannel,
+           // Run 98 R17: the operator boundary must validate the same runtime scope
+           // identity the host sends on operator requests.
+           runtimeScope: options.scopeId,
+           // Run 98 R7/R17: the sidecar composes its supervised evaluation and rollout
+           // domains from the same staged manifest the host reads.
+           ...(trackBManifestPath ? { manifestPath: trackBManifestPath } : {}),
+           artifactDigestKeyFile: artifactKeyFiles.artifactDigestKeyFile,
+           artifactEncryptionKeyFile: artifactKeyFiles.artifactEncryptionKeyFile,
+           trustMaterialFile: destinationTrustMaterialFile,
+           aggregateEndpoint,
+           aggregateScope,
+           developmentVerificationLeaseFile,
+           developmentVerificationTrustKeyFile,
+           developmentVerificationDeploymentIds,
+           developmentVerificationRevocationEpoch,
+           ...(aggregateCorrelationReleaseId && aggregateCorrelationCohortId
+             ? {
+                 aggregateCorrelationReleaseId,
+                 aggregateCorrelationCohortId,
+                 aggregateCorrelationOperationId: "aggregate.upload",
+               }
+             : {}),
+           ...(manifest.publicRuntimeAdapter
+             ? {
+                 sqliteDatabasePath: path.join(
+                   options.runtimeStateRoot,
+                   options.scopeId,
+                   "memory",
+                   "memory.sqlite",
+                 ),
+                 publicRuntimeAdapterPath: path.resolve(
+                   distributionRoot,
+                   manifest.publicRuntimeAdapter.modulePath,
+                 ),
+                 publicRouterRoot: path.resolve(
+                   distributionRoot,
+                   manifest.publicRuntimeAdapter.routerRoot,
+                 ),
+                 migrationScope: options.scopeId,
+               }
+             : {}),
+         }),
+         createBackend: ({ trackBOperationsEndpoint, trackBOperationsToken }) =>
+           createBackend(
+             trackBOperationsEndpoint,
+             trackBOperationsToken,
+             trackBDistributionRequiresSQLiteMaintenance(manifest),
+           ),
+       });
+       extensionRuntime = await awaitCliExtensionRuntime(
+         extensionRuntimeOwner.promise,
+         bootstrapState,
+         {
+           expectedExtensionIds: TRACK_B_CANONICAL_EXTENSION_IDS,
+           closeRuntime: extensionRuntimeOwner.close,
+           beforeReady: async (runtime) => {
+             for (const extension of qaExtensions) {
+               const capability = extension.descriptor.capabilities.find(
+                 (candidate) => candidate !== "health:probe",
+               );
+               if (!capability)
+                 throw new Error(
+                   `QA extension has no business capability: ${extension.descriptor.id}`,
+                 );
+               const requestId = `run87:packaged-qa:${extension.descriptor.id}`;
+               const receipt = await runtime.invoke(extension.descriptor.id, {
+                 requestId,
+                 protocolVersion: extension.descriptor.protocolVersion,
+                 channel: packagedProfile?.channel ?? "development",
+                 scope: options.scopeId,
+                 authorizationEpoch: 1,
+                 capability,
+                 payload: { packagedQa: true },
+               });
+               qaStartupReceipts.set(extension.descriptor.id, { ...receipt, requestId });
+             }
+             await drainPostObservationOutbox(runtime);
+             // A prior cloud outage must not require an unrelated new provider request
+             // before its already-authorized, durable aggregate is retried.
+             await currentPostObservationOperations()?.retryContributionAggregates();
+             extensionRuntimeRef.current = runtime;
+             const postObservationDrainInterval = setInterval(() => {
+               schedulePostObservationDrain(extensionRuntimeRef.current);
+             }, 5_000);
+             postObservationDrainInterval.unref?.();
+             // Run 99 R24 / addendum 06: publish the durable operator advisory so an activated
+             // pack can influence routing instead of only the transient replay candidate.
+             startDurableRouteAdvisoryRefresh({
+               getRuntime: () => extensionRuntimeRef.current,
+               repoRoot: options.repoRoot,
+               stateRoot: trackBStateRoot,
+               runtimeStateRoot: options.runtimeStateRoot,
+               channel: runtimeChannel,
+               scopeId: options.scopeId,
+             });
+           },
+         },
+       );
+       backend = packagedRuntime.backend;
+       stopExtensionRuntimeWatchdog = startCliExtensionRuntimeWatchdog({
+         getRuntime: () => extensionRuntimeRef.current,
+         bootstrapState,
+         expectedExtensionIds: TRACK_B_CANONICAL_EXTENSION_IDS,
+         onFailure: failExtensionRuntime,
+       });
+     } else {
+       backend = await createBackend();
+       bootstrapState.status = "ready";
+       delete bootstrapState.message;
+     }
+   } catch (error) {
+     await failExtensionRuntime(error);
+     console.error("runtime backend initialization failed", error);
+   }
+ }
+

 ❯ test/run105-review-challenge-evidence.test.ts:175:15
    173|  const source = await readFile(new URL("../src/cli.ts", import.meta.ur…
    174|  const loop = source.slice(source.indexOf("const loop = startAutoRepla…
    175|  expect(loop).toContain("readRouteReplayableCaptures:");
       |               ^
    176| });
    177| test("CLI finalized and enumerable callbacks actually bind authenticat…

⎯⎯⎯⎯⎯⎯⎯⎯⎯⎯⎯⎯⎯⎯⎯⎯⎯⎯⎯⎯⎯⎯⎯⎯[4/4]⎯


 Test Files  1 failed (1)
      Tests  4 failed | 15 passed (19)
   Start at  18:48:58
   Duration  8.63s (transform 3.74s, setup 0ms, collect 1.10s, tests 6.92s, environment 0ms, prepare 198ms)

