(node:21432) ExperimentalWarning: SQLite is an experimental feature and might change at any time
(Use `role-model-dev --trace-warnings ...` to show where the warning was created)
{
  "status": "listening",
  "host": "127.0.0.1",
  "port": 3458
}
[track-b-sidecar] (node:17572) ExperimentalWarning: SQLite is an experimental feature and might change at any time
[track-b-sidecar] (Use `node --trace-warnings ...` to show where the warning was created)
[run105] durable task advisory refresh: scope=standalone-runtime-dev pairs=0 stage=S4
[run104-pending] captures=0 scoped=0 first= only=none pendingCount=0 captureCount=0
[run105] ladder materialization degraded: configured endpoint count must be 1..64
[run101] replay job scope: derived runtime:e22187fbf8a85949e6e4b00d1c480633
[run101] recovery page payload shape: value,businessOutput,durableLocator,evidenceRef,readCapability,workerPid
[run101] recovery page came back empty: scope=runtime:e22187fbf8a85949e6e4b00d1c480633 channel=development cursor=start
[run104-pending] captures=0 scoped=0 first= only=none pendingCount=0 captureCount=0
[run105] ladder materialization degraded: configured endpoint count must be 1..64
[run104-pending] captures=0 scoped=0 first= only=none pendingCount=0 captureCount=0
[run105] ladder materialization degraded: configured endpoint count must be 1..64
[run104-pending] captures=0 scoped=0 first= only=none pendingCount=0 captureCount=0
[run105] ladder materialization degraded: configured endpoint count must be 1..64
[run104-pending] captures=0 scoped=0 first= only=none pendingCount=0 captureCount=0
[run105] ladder materialization degraded: configured endpoint count must be 1..64
[run104-pending] captures=0 scoped=0 first= only=none pendingCount=0 captureCount=0
[run105] ladder materialization degraded: configured endpoint count must be 1..64
[run104-pending] captures=0 scoped=0 first= only=none pendingCount=0 captureCount=0
[run105] ladder materialization degraded: configured endpoint count must be 1..64
[run104-pending] captures=0 scoped=0 first= only=none pendingCount=0 captureCount=0
[run105] ladder materialization degraded: configured endpoint count must be 1..64
[run104-pending] captures=0 scoped=0 first= only=none pendingCount=0 captureCount=0
[run105] ladder materialization degraded: configured endpoint count must be 1..64
[run104-pending] captures=0 scoped=0 first= only=none pendingCount=0 captureCount=0
[run105] ladder materialization degraded: configured endpoint count must be 1..64
[run104-pending] captures=0 scoped=0 first= only=none pendingCount=0 captureCount=0
[run105] ladder materialization degraded: configured endpoint count must be 1..64
[run104-pending] captures=0 scoped=0 first= only=none pendingCount=0 captureCount=0
[run105] ladder materialization degraded: configured endpoint count must be 1..64
[run104-pending] captures=0 scoped=0 first= only=none pendingCount=0 captureCount=0
[run105] ladder materialization degraded: configured endpoint count must be 1..64
[run104-pending] captures=0 scoped=0 first= only=none pendingCount=0 captureCount=0
[run105] ladder materialization degraded: configured endpoint count must be 1..64
[run104-pending] captures=0 scoped=0 first= only=none pendingCount=0 captureCount=0
[run105] ladder materialization degraded: configured endpoint count must be 1..64
[run104-pending] captures=0 scoped=0 first= only=none pendingCount=0 captureCount=0
[run105] ladder materialization degraded: configured endpoint count must be 1..64
[run104-pending] captures=0 scoped=0 first= only=none pendingCount=0 captureCount=0
[run105] ladder materialization degraded: configured endpoint count must be 1..64
[run104-pending] captures=0 scoped=0 first= only=none pendingCount=0 captureCount=0
[run105] ladder materialization degraded: configured endpoint count must be 1..64
[run104-pending] captures=0 scoped=0 first= only=none pendingCount=0 captureCount=0
[run105] ladder materialization degraded: configured endpoint count must be 1..64
[run104-pending] captures=0 scoped=0 first= only=none pendingCount=0 captureCount=0
[run105] ladder materialization degraded: configured endpoint count must be 1..64
[run104-pending] captures=0 scoped=0 first= only=none pendingCount=0 captureCount=0
[run105] ladder materialization degraded: configured endpoint count must be 1..64
[run104-pending] captures=0 scoped=0 first= only=none pendingCount=0 captureCount=0
[run105] ladder materialization degraded: configured endpoint count must be 1..64
[run104-pending] captures=0 scoped=0 first= only=none pendingCount=0 captureCount=0
[run105] ladder materialization degraded: configured endpoint count must be 1..64
[run104-pending] captures=0 scoped=0 first= only=none pendingCount=0 captureCount=0
[run105] ladder materialization degraded: configured endpoint count must be 1..64
[run104-pending] captures=0 scoped=0 first= only=none pendingCount=0 captureCount=0
[run105] ladder materialization degraded: configured endpoint count must be 1..64
[run104-pending] captures=0 scoped=0 first= only=none pendingCount=0 captureCount=0
[run105] ladder materialization degraded: configured endpoint count must be 1..64
[run104-pending] captures=0 scoped=0 first= only=none pendingCount=0 captureCount=0
[run105] ladder materialization degraded: configured endpoint count must be 1..64
[run104-pending] captures=0 scoped=0 first= only=none pendingCount=0 captureCount=0
[run105] ladder materialization degraded: configured endpoint count must be 1..64
[run104-pending] captures=0 scoped=0 first= only=none pendingCount=0 captureCount=0
[run105] ladder materialization degraded: configured endpoint count must be 1..64
[run104-pending] captures=0 scoped=0 first= only=none pendingCount=0 captureCount=0
[run105] ladder materialization degraded: configured endpoint count must be 1..64
[run104-pending] captures=0 scoped=0 first= only=none pendingCount=0 captureCount=0
[run105] ladder materialization degraded: configured endpoint count must be 1..64
[run104-pending] captures=0 scoped=0 first= only=none pendingCount=0 captureCount=0
[run105] ladder materialization degraded: configured endpoint count must be 1..64
[run104-pending] captures=0 scoped=0 first= only=none pendingCount=0 captureCount=0
[run105] ladder materialization degraded: configured endpoint count must be 1..64
[run104-pending] captures=0 scoped=0 first= only=none pendingCount=0 captureCount=0
[run105] ladder materialization degraded: configured endpoint count must be 1..64
[run104-pending] captures=0 scoped=0 first= only=none pendingCount=0 captureCount=0
[run105] ladder materialization degraded: configured endpoint count must be 1..64
[run104-pending] captures=0 scoped=0 first= only=none pendingCount=0 captureCount=0
[run105] ladder materialization degraded: configured endpoint count must be 1..64
[run104-pending] captures=0 scoped=0 first= only=none pendingCount=0 captureCount=0
[run105] ladder materialization degraded: configured endpoint count must be 1..64
[run104-pending] captures=0 scoped=0 first= only=none pendingCount=0 captureCount=0
[run105] ladder materialization degraded: configured endpoint count must be 1..64
[run104-pending] captures=0 scoped=0 first= only=none pendingCount=0 captureCount=0
[run105] ladder materialization degraded: configured endpoint count must be 1..64
[run104-pending] captures=0 scoped=0 first= only=none pendingCount=0 captureCount=0
[run105] ladder materialization degraded: configured endpoint count must be 1..64
[run104-pending] captures=0 scoped=0 first= only=none pendingCount=0 captureCount=0
[run105] ladder materialization degraded: configured endpoint count must be 1..64
[run104-pending] captures=0 scoped=0 first= only=none pendingCount=0 captureCount=0
[run105] ladder materialization degraded: configured endpoint count must be 1..64
[run104-pending] captures=0 scoped=0 first= only=none pendingCount=0 captureCount=0
[run105] ladder materialization degraded: configured endpoint count must be 1..64
[run104-pending] captures=0 scoped=0 first= only=none pendingCount=0 captureCount=0
[run105] ladder materialization degraded: configured endpoint count must be 1..64
[run104-pending] captures=0 scoped=0 first= only=none pendingCount=0 captureCount=0
[run105] ladder materialization degraded: configured endpoint count must be 1..64
[run104-pending] captures=0 scoped=0 first= only=none pendingCount=0 captureCount=0
[run105] ladder materialization degraded: configured endpoint count must be 1..64
[run104-pending] captures=0 scoped=0 first= only=none pendingCount=0 captureCount=0
[run105] ladder materialization degraded: configured endpoint count must be 1..64
[run104-pending] captures=0 scoped=0 first= only=none pendingCount=0 captureCount=0
[run105] ladder materialization degraded: configured endpoint count must be 1..64
[run104-pending] captures=0 scoped=0 first= only=none pendingCount=0 captureCount=0
[run105] ladder materialization degraded: configured endpoint count must be 1..64
[run104-pending] captures=0 scoped=0 first= only=none pendingCount=0 captureCount=0
[run105] ladder materialization degraded: configured endpoint count must be 1..64
[run104-pending] captures=0 scoped=0 first= only=none pendingCount=0 captureCount=0
[run105] ladder materialization degraded: configured endpoint count must be 1..64
[run104-pending] captures=0 scoped=0 first= only=none pendingCount=0 captureCount=0
[run105] ladder materialization degraded: configured endpoint count must be 1..64
[run104-pending] captures=0 scoped=0 first= only=none pendingCount=0 captureCount=0
[run105] ladder materialization degraded: configured endpoint count must be 1..64
[run104-pending] captures=0 scoped=0 first= only=none pendingCount=0 captureCount=0
[run105] ladder materialization degraded: configured endpoint count must be 1..64
[run104-pending] captures=0 scoped=0 first= only=none pendingCount=0 captureCount=0
[run105] ladder materialization degraded: configured endpoint count must be 1..64
[run104-pending] captures=0 scoped=0 first= only=none pendingCount=0 captureCount=0
[run105] ladder materialization degraded: configured endpoint count must be 1..64
[run104-pending] captures=0 scoped=0 first= only=none pendingCount=0 captureCount=0
[run105] ladder materialization degraded: configured endpoint count must be 1..64
[run104-pending] captures=0 scoped=0 first= only=none pendingCount=0 captureCount=0
[run105] ladder materialization degraded: configured endpoint count must be 1..64
[run104-pending] captures=0 scoped=0 first= only=none pendingCount=0 captureCount=0
[run105] ladder materialization degraded: configured endpoint count must be 1..64
[run104-pending] captures=0 scoped=0 first= only=none pendingCount=0 captureCount=0
[run105] ladder materialization degraded: configured endpoint count must be 1..64
[run104-pending] captures=0 scoped=0 first= only=none pendingCount=0 captureCount=0
[run105] ladder materialization degraded: configured endpoint count must be 1..64
[run104-pending] captures=0 scoped=0 first= only=none pendingCount=0 captureCount=0
[run105] ladder materialization degraded: configured endpoint count must be 1..64
[run104-pending] captures=0 scoped=0 first= only=none pendingCount=0 captureCount=0
[run105] ladder materialization degraded: configured endpoint count must be 1..64
[run104-pending] captures=0 scoped=0 first= only=none pendingCount=0 captureCount=0
[run105] ladder materialization degraded: configured endpoint count must be 1..64
[run104-pending] captures=0 scoped=0 first= only=none pendingCount=0 captureCount=0
[run105] ladder materialization degraded: configured endpoint count must be 1..64
[run104-pending] captures=0 scoped=0 first= only=none pendingCount=0 captureCount=0
[run105] ladder materialization degraded: configured endpoint count must be 1..64
[run104-pending] captures=0 scoped=0 first= only=none pendingCount=0 captureCount=0
[run105] ladder materialization degraded: configured endpoint count must be 1..64
[run104-pending] captures=0 scoped=0 first= only=none pendingCount=0 captureCount=0
[run105] ladder materialization degraded: configured endpoint count must be 1..64
[run104-pending] captures=0 scoped=0 first= only=none pendingCount=0 captureCount=0
[run105] ladder materialization degraded: configured endpoint count must be 1..64
[run104-pending] captures=0 scoped=0 first= only=none pendingCount=0 captureCount=0
[run105] ladder materialization degraded: configured endpoint count must be 1..64
[run104-pending] captures=0 scoped=0 first= only=none pendingCount=0 captureCount=0
[run105] ladder materialization degraded: configured endpoint count must be 1..64
[run104-pending] captures=0 scoped=0 first= only=none pendingCount=0 captureCount=0
[run105] ladder materialization degraded: configured endpoint count must be 1..64
[run104-pending] captures=0 scoped=0 first= only=none pendingCount=0 captureCount=0
[run105] ladder materialization degraded: configured endpoint count must be 1..64
[run104-pending] captures=0 scoped=0 first= only=none pendingCount=0 captureCount=0
[run105] ladder materialization degraded: configured endpoint count must be 1..64
[run104-pending] captures=0 scoped=0 first= only=none pendingCount=0 captureCount=0
[run105] ladder materialization degraded: configured endpoint count must be 1..64
[run104-pending] captures=0 scoped=0 first= only=none pendingCount=0 captureCount=0
[run105] ladder materialization degraded: configured endpoint count must be 1..64
[run104-pending] captures=0 scoped=0 first= only=none pendingCount=0 captureCount=0
[run105] ladder materialization degraded: configured endpoint count must be 1..64
[run104-pending] captures=0 scoped=0 first= only=none pendingCount=0 captureCount=0
[run105] ladder materialization degraded: configured endpoint count must be 1..64
[run104-pending] captures=0 scoped=0 first= only=none pendingCount=0 captureCount=0
[run105] ladder materialization degraded: configured endpoint count must be 1..64
[run104-pending] captures=0 scoped=0 first= only=none pendingCount=0 captureCount=0
[run105] ladder materialization degraded: configured endpoint count must be 1..64
[run104-pending] captures=0 scoped=0 first= only=none pendingCount=0 captureCount=0
[run105] ladder materialization degraded: configured endpoint count must be 1..64
[run104-pending] captures=0 scoped=0 first= only=none pendingCount=0 captureCount=0
[run105] ladder materialization degraded: configured endpoint count must be 1..64
[run104-pending] captures=0 scoped=0 first= only=none pendingCount=0 captureCount=0
[run105] ladder materialization degraded: configured endpoint count must be 1..64
[run104-pending] captures=0 scoped=0 first= only=none pendingCount=0 captureCount=0
[run105] ladder materialization degraded: configured endpoint count must be 1..64
[track-b-sidecar] [run140] profile invoke capability=profile:current-estimate scope=standalone-runtime-dev sessionId=operator filePath=E:\tmp\run105-full2-verification-state\standalone-runtime-dev\track-b\extensions\workers\profile-learner\profile-e983a260667256b09d300ef178f609d323eef2ceb50df234f6aeb1066c279f63.json
[track-b-sidecar] [run140] profile invoke capability=profile:current-estimate scope=standalone-runtime-dev sessionId=operator filePath=E:\tmp\run105-full2-verification-state\standalone-runtime-dev\track-b\extensions\workers\profile-learner\profile-e983a260667256b09d300ef178f609d323eef2ceb50df234f6aeb1066c279f63.json
[track-b-sidecar] [run138] learning profile hop empty (input={"scopeId":null,"scope":null,"generationKey":null})
[track-b-sidecar] [run137] profile readback empty from the operator hop (input={"scope":null,"scopeId":null,"generationKey":null})
[run104-pending] captures=0 scoped=0 first= only=none pendingCount=0 captureCount=0
[run105] ladder materialization degraded: configured endpoint count must be 1..64
[run104-pending] captures=0 scoped=0 first= only=none pendingCount=0 captureCount=0
[run105] ladder materialization degraded: configured endpoint count must be 1..64
[run104-pending] captures=0 scoped=0 first= only=none pendingCount=0 captureCount=0
[run105] ladder materialization degraded: configured endpoint count must be 1..64
[track-b-sidecar] [run140] profile invoke capability=profile:current-estimate scope=standalone-runtime-dev sessionId=operator filePath=E:\tmp\run105-full2-verification-state\standalone-runtime-dev\track-b\extensions\workers\profile-learner\profile-e983a260667256b09d300ef178f609d323eef2ceb50df234f6aeb1066c279f63.json
[track-b-sidecar] [run140] profile invoke capability=profile:current-estimate scope=standalone-runtime-dev sessionId=operator filePath=E:\tmp\run105-full2-verification-state\standalone-runtime-dev\track-b\extensions\workers\profile-learner\profile-e983a260667256b09d300ef178f609d323eef2ceb50df234f6aeb1066c279f63.json
[track-b-sidecar] [run138] learning profile hop empty (input={"scopeId":null,"scope":null,"generationKey":null})
[track-b-sidecar] [run137] profile readback empty from the operator hop (input={"scope":null,"scopeId":null,"generationKey":null})
[run104-pending] captures=0 scoped=0 first= only=none pendingCount=0 captureCount=0
[run105] ladder materialization degraded: configured endpoint count must be 1..64
[track-b-sidecar] [run140] profile invoke capability=profile:current-estimate scope=standalone-runtime-dev sessionId=operator filePath=E:\tmp\run105-full2-verification-state\standalone-runtime-dev\track-b\extensions\workers\profile-learner\profile-e983a260667256b09d300ef178f609d323eef2ceb50df234f6aeb1066c279f63.json
[track-b-sidecar] [run140] profile invoke capability=profile:current-estimate scope=standalone-runtime-dev sessionId=operator filePath=E:\tmp\run105-full2-verification-state\standalone-runtime-dev\track-b\extensions\workers\profile-learner\profile-e983a260667256b09d300ef178f609d323eef2ceb50df234f6aeb1066c279f63.json
[track-b-sidecar] [run138] learning profile hop empty (input={"scopeId":null,"scope":null,"generationKey":null})
[track-b-sidecar] [run137] profile readback empty from the operator hop (input={"scope":null,"scopeId":null,"generationKey":null})
[run104-pending] captures=0 scoped=0 first= only=none pendingCount=0 captureCount=0
[run105] ladder materialization degraded: configured endpoint count must be 1..64
[run104-pending] captures=0 scoped=0 first= only=none pendingCount=0 captureCount=0
[run105] ladder materialization degraded: configured endpoint count must be 1..64
[run104-pending] captures=0 scoped=0 first= only=none pendingCount=0 captureCount=0
[run105] ladder materialization degraded: configured endpoint count must be 1..64
[run104-pending] captures=0 scoped=0 first= only=none pendingCount=0 captureCount=0
[run105] ladder materialization degraded: configured endpoint count must be 1..64
[track-b-sidecar] [run140] profile invoke capability=profile:current-estimate scope=standalone-runtime-dev sessionId=operator filePath=E:\tmp\run105-full2-verification-state\standalone-runtime-dev\track-b\extensions\workers\profile-learner\profile-e983a260667256b09d300ef178f609d323eef2ceb50df234f6aeb1066c279f63.json
[track-b-sidecar] [run140] profile invoke capability=profile:current-estimate scope=standalone-runtime-dev sessionId=operator filePath=E:\tmp\run105-full2-verification-state\standalone-runtime-dev\track-b\extensions\workers\profile-learner\profile-e983a260667256b09d300ef178f609d323eef2ceb50df234f6aeb1066c279f63.json
[track-b-sidecar] [run138] learning profile hop empty (input={"scopeId":null,"scope":null,"generationKey":null})
[track-b-sidecar] [run137] profile readback empty from the operator hop (input={"scope":null,"scopeId":null,"generationKey":null})
[track-b-sidecar] [run140] profile invoke capability=profile:current-estimate scope=standalone-runtime-dev sessionId=operator filePath=E:\tmp\run105-full2-verification-state\standalone-runtime-dev\track-b\extensions\workers\profile-learner\profile-e983a260667256b09d300ef178f609d323eef2ceb50df234f6aeb1066c279f63.json
[track-b-sidecar] [run140] profile invoke capability=profile:current-estimate scope=standalone-runtime-dev sessionId=operator filePath=E:\tmp\run105-full2-verification-state\standalone-runtime-dev\track-b\extensions\workers\profile-learner\profile-e983a260667256b09d300ef178f609d323eef2ceb50df234f6aeb1066c279f63.json
[track-b-sidecar] [run138] learning profile hop empty (input={"scopeId":null,"scope":null,"generationKey":null})
[track-b-sidecar] [run137] profile readback empty from the operator hop (input={"scope":null,"scopeId":null,"generationKey":null})
[run104-pending] captures=0 scoped=0 first= only=none pendingCount=0 captureCount=0
[run105] ladder materialization degraded: configured endpoint count must be 1..64
[track-b-sidecar] [run140] profile invoke capability=profile:current-estimate scope=standalone-runtime-dev sessionId=operator filePath=E:\tmp\run105-full2-verification-state\standalone-runtime-dev\track-b\extensions\workers\profile-learner\profile-e983a260667256b09d300ef178f609d323eef2ceb50df234f6aeb1066c279f63.json
[track-b-sidecar] [run140] profile invoke capability=profile:current-estimate scope=standalone-runtime-dev sessionId=operator filePath=E:\tmp\run105-full2-verification-state\standalone-runtime-dev\track-b\extensions\workers\profile-learner\profile-e983a260667256b09d300ef178f609d323eef2ceb50df234f6aeb1066c279f63.json
[track-b-sidecar] [run138] learning profile hop empty (input={"scopeId":null,"scope":null,"generationKey":null})
[track-b-sidecar] [run137] profile readback empty from the operator hop (input={"scope":null,"scopeId":null,"generationKey":null})
[run104-pending] captures=0 scoped=0 first= only=none pendingCount=0 captureCount=0
[run105] ladder materialization degraded: configured endpoint count must be 1..64
[run104-pending] captures=0 scoped=0 first= only=none pendingCount=0 captureCount=0
[run105] ladder materialization degraded: configured endpoint count must be 1..64
[run104-pending] captures=0 scoped=0 first= only=none pendingCount=0 captureCount=0
[run105] ladder materialization degraded: configured endpoint count must be 1..64
[run104-pending] captures=0 scoped=0 first= only=none pendingCount=0 captureCount=0
[run105] ladder materialization degraded: configured endpoint count must be 1..64
[run104-pending] captures=0 scoped=0 first= only=none pendingCount=0 captureCount=0
[run105] ladder materialization degraded: configured endpoint count must be 1..64
[run104-pending] captures=0 scoped=0 first= only=none pendingCount=0 captureCount=0
[run105] ladder materialization degraded: configured endpoint count must be 1..64
[run104-pending] captures=0 scoped=0 first= only=none pendingCount=0 captureCount=0
[track-b-sidecar] [run140] profile invoke capability=profile:current-estimate scope=standalone-runtime-dev sessionId=operator filePath=E:\tmp\run105-full2-verification-state\standalone-runtime-dev\track-b\extensions\workers\profile-learner\profile-e983a260667256b09d300ef178f609d323eef2ceb50df234f6aeb1066c279f63.json
[track-b-sidecar] [run140] profile invoke capability=profile:current-estimate scope=standalone-runtime-dev sessionId=operator filePath=E:\tmp\run105-full2-verification-state\standalone-runtime-dev\track-b\extensions\workers\profile-learner\profile-e983a260667256b09d300ef178f609d323eef2ceb50df234f6aeb1066c279f63.json
[track-b-sidecar] [run138] learning profile hop empty (input={"scopeId":null,"scope":null,"generationKey":null})
[run105] ladder materialization degraded: configured endpoint count must be 1..64
[track-b-sidecar] [run137] profile readback empty from the operator hop (input={"scope":null,"scopeId":null,"generationKey":null})
[track-b-sidecar] [run140] profile invoke capability=profile:current-estimate scope=standalone-runtime-dev sessionId=operator filePath=E:\tmp\run105-full2-verification-state\standalone-runtime-dev\track-b\extensions\workers\profile-learner\profile-e983a260667256b09d300ef178f609d323eef2ceb50df234f6aeb1066c279f63.json
[track-b-sidecar] [run140] profile invoke capability=profile:current-estimate scope=standalone-runtime-dev sessionId=operator filePath=E:\tmp\run105-full2-verification-state\standalone-runtime-dev\track-b\extensions\workers\profile-learner\profile-e983a260667256b09d300ef178f609d323eef2ceb50df234f6aeb1066c279f63.json
[track-b-sidecar] [run138] learning profile hop empty (input={"scopeId":null,"scope":null,"generationKey":null})
[track-b-sidecar] [run137] profile readback empty from the operator hop (input={"scope":null,"scopeId":null,"generationKey":null})
[track-b-sidecar] [run140] profile invoke capability=profile:current-estimate scope=standalone-runtime-dev sessionId=operator filePath=E:\tmp\run105-full2-verification-state\standalone-runtime-dev\track-b\extensions\workers\profile-learner\profile-e983a260667256b09d300ef178f609d323eef2ceb50df234f6aeb1066c279f63.json
[track-b-sidecar] [run140] profile invoke capability=profile:current-estimate scope=standalone-runtime-dev sessionId=operator filePath=E:\tmp\run105-full2-verification-state\standalone-runtime-dev\track-b\extensions\workers\profile-learner\profile-e983a260667256b09d300ef178f609d323eef2ceb50df234f6aeb1066c279f63.json
[track-b-sidecar] [run138] learning profile hop empty (input={"scopeId":null,"scope":null,"generationKey":null})
[track-b-sidecar] [run137] profile readback empty from the operator hop (input={"scope":null,"scopeId":null,"generationKey":null})
[track-b-sidecar] [run140] profile invoke capability=profile:current-estimate scope=standalone-runtime-dev sessionId=operator filePath=E:\tmp\run105-full2-verification-state\standalone-runtime-dev\track-b\extensions\workers\profile-learner\profile-e983a260667256b09d300ef178f609d323eef2ceb50df234f6aeb1066c279f63.json
[track-b-sidecar] [run140] profile invoke capability=profile:current-estimate scope=standalone-runtime-dev sessionId=operator filePath=E:\tmp\run105-full2-verification-state\standalone-runtime-dev\track-b\extensions\workers\profile-learner\profile-e983a260667256b09d300ef178f609d323eef2ceb50df234f6aeb1066c279f63.json
[track-b-sidecar] [run138] learning profile hop empty (input={"scopeId":null,"scope":null,"generationKey":null})
[track-b-sidecar] [run137] profile readback empty from the operator hop (input={"scope":null,"scopeId":null,"generationKey":null})
[run104-pending] captures=0 scoped=0 first= only=none pendingCount=0 captureCount=0
[run105] ladder materialization degraded: configured endpoint count must be 1..64
[run104-pending] captures=0 scoped=0 first= only=none pendingCount=0 captureCount=0
[run105] ladder materialization degraded: configured endpoint count must be 1..64
[run104-pending] captures=0 scoped=0 first= only=none pendingCount=0 captureCount=0
[run105] ladder materialization degraded: configured endpoint count must be 1..64
[run104-pending] captures=0 scoped=0 first= only=none pendingCount=0 captureCount=0
[run105] ladder materialization degraded: configured endpoint count must be 1..64
[run104-pending] captures=0 scoped=0 first= only=none pendingCount=0 captureCount=0
[run105] ladder materialization degraded: configured endpoint count must be 1..64
[run104-pending] captures=0 scoped=0 first= only=none pendingCount=0 captureCount=0
[run105] ladder materialization degraded: configured endpoint count must be 1..64
[run104-pending] captures=0 scoped=0 first= only=none pendingCount=0 captureCount=0
[run105] ladder materialization degraded: configured endpoint count must be 1..64
[run104-pending] captures=0 scoped=0 first= only=none pendingCount=0 captureCount=0
[run105] ladder materialization degraded: configured endpoint count must be 1..64
[run104-pending] captures=0 scoped=0 first= only=none pendingCount=0 captureCount=0
[run105] ladder materialization degraded: configured endpoint count must be 1..64
[run104-pending] captures=0 scoped=0 first= only=none pendingCount=0 captureCount=0
[run105] ladder materialization degraded: configured endpoint count must be 1..64
[run104-pending] captures=0 scoped=0 first= only=none pendingCount=0 captureCount=0
[run105] ladder materialization degraded: configured endpoint count must be 1..64
[run104-pending] captures=0 scoped=0 first= only=none pendingCount=0 captureCount=0
[run105] ladder materialization degraded: configured endpoint count must be 1..64
[run104-pending] captures=0 scoped=0 first= only=none pendingCount=0 captureCount=0
[run105] ladder materialization degraded: configured endpoint count must be 1..64
[run104-pending] captures=0 scoped=0 first= only=none pendingCount=0 captureCount=0
[run105] ladder materialization degraded: configured endpoint count must be 1..64
[run104-pending] captures=0 scoped=0 first= only=none pendingCount=0 captureCount=0
[run105] ladder materialization degraded: configured endpoint count must be 1..64
[run104-pending] captures=0 scoped=0 first= only=none pendingCount=0 captureCount=0
[run105] ladder materialization degraded: configured endpoint count must be 1..64
[run104-pending] captures=0 scoped=0 first= only=none pendingCount=0 captureCount=0
[run105] ladder materialization degraded: configured endpoint count must be 1..64
[run104-pending] captures=0 scoped=0 first= only=none pendingCount=0 captureCount=0
[run105] ladder materialization degraded: configured endpoint count must be 1..64
[run104-pending] captures=0 scoped=0 first= only=none pendingCount=0 captureCount=0
[run105] ladder materialization degraded: configured endpoint count must be 1..64
[run104-pending] captures=0 scoped=0 first= only=none pendingCount=0 captureCount=0
[run105] ladder materialization degraded: configured endpoint count must be 1..64
[run104-pending] captures=0 scoped=0 first= only=none pendingCount=0 captureCount=0
[run105] ladder materialization degraded: configured endpoint count must be 1..64
[run104-pending] captures=0 scoped=0 first= only=none pendingCount=0 captureCount=0
[run105] ladder materialization degraded: configured endpoint count must be 1..64
[run104-pending] captures=0 scoped=0 first= only=none pendingCount=0 captureCount=0
[run105] ladder materialization degraded: configured endpoint count must be 1..64
[run104-pending] captures=0 scoped=0 first= only=none pendingCount=0 captureCount=0
[run105] ladder materialization degraded: configured endpoint count must be 1..64
[run104-pending] captures=0 scoped=0 first= only=none pendingCount=0 captureCount=0
[run105] ladder materialization degraded: configured endpoint count must be 1..64
[run104-pending] captures=0 scoped=0 first= only=none pendingCount=0 captureCount=0
[run105] ladder materialization degraded: configured endpoint count must be 1..64
[run104-pending] captures=0 scoped=0 first= only=none pendingCount=0 captureCount=0
[run105] ladder materialization degraded: configured endpoint count must be 1..64
[run104-pending] captures=0 scoped=0 first= only=none pendingCount=0 captureCount=0
[run105] ladder materialization degraded: configured endpoint count must be 1..64
[run104-pending] captures=0 scoped=0 first= only=none pendingCount=0 captureCount=0
[run105] ladder materialization degraded: configured endpoint count must be 1..64
[run104-pending] captures=0 scoped=0 first= only=none pendingCount=0 captureCount=0
[run105] ladder materialization degraded: configured endpoint count must be 1..64
[run104-pending] captures=0 scoped=0 first= only=none pendingCount=0 captureCount=0
[run105] ladder materialization degraded: configured endpoint count must be 1..64
[run104-pending] captures=0 scoped=0 first= only=none pendingCount=0 captureCount=0
[run105] ladder materialization degraded: configured endpoint count must be 1..64
[run104-pending] captures=0 scoped=0 first= only=none pendingCount=0 captureCount=0
[run105] ladder materialization degraded: configured endpoint count must be 1..64
[run104-pending] captures=0 scoped=0 first= only=none pendingCount=0 captureCount=0
[run105] ladder materialization degraded: configured endpoint count must be 1..64
[run104-pending] captures=0 scoped=0 first= only=none pendingCount=0 captureCount=0
[run105] ladder materialization degraded: configured endpoint count must be 1..64
[run104-pending] captures=0 scoped=0 first= only=none pendingCount=0 captureCount=0
[run105] ladder materialization degraded: configured endpoint count must be 1..64
[run104-pending] captures=0 scoped=0 first= only=none pendingCount=0 captureCount=0
[run105] ladder materialization degraded: configured endpoint count must be 1..64
[run104-pending] captures=0 scoped=0 first= only=none pendingCount=0 captureCount=0
[run105] ladder materialization degraded: configured endpoint count must be 1..64
[run104-pending] captures=0 scoped=0 first= only=none pendingCount=0 captureCount=0
[run105] ladder materialization degraded: configured endpoint count must be 1..64
[run104-pending] captures=0 scoped=0 first= only=none pendingCount=0 captureCount=0
[run105] ladder materialization degraded: configured endpoint count must be 1..64
[run104-pending] captures=0 scoped=0 first= only=none pendingCount=0 captureCount=0
[run105] ladder materialization degraded: configured endpoint count must be 1..64
[run104-pending] captures=0 scoped=0 first= only=none pendingCount=0 captureCount=0
[run105] ladder materialization degraded: configured endpoint count must be 1..64
[run104-pending] captures=0 scoped=0 first= only=none pendingCount=0 captureCount=0
[run105] ladder materialization degraded: configured endpoint count must be 1..64
[run104-pending] captures=0 scoped=0 first= only=none pendingCount=0 captureCount=0
[run105] ladder materialization degraded: configured endpoint count must be 1..64
[run104-pending] captures=0 scoped=0 first= only=none pendingCount=0 captureCount=0
[run105] ladder materialization degraded: configured endpoint count must be 1..64
[run104-pending] captures=0 scoped=0 first= only=none pendingCount=0 captureCount=0
[run105] ladder materialization degraded: configured endpoint count must be 1..64
[run104-pending] captures=0 scoped=0 first= only=none pendingCount=0 captureCount=0
[run105] ladder materialization degraded: configured endpoint count must be 1..64
[run104-pending] captures=0 scoped=0 first= only=none pendingCount=0 captureCount=0
[run105] ladder materialization degraded: configured endpoint count must be 1..64
[run104-pending] captures=0 scoped=0 first= only=none pendingCount=0 captureCount=0
[run105] ladder materialization degraded: configured endpoint count must be 1..64
[run104-pending] captures=0 scoped=0 first= only=none pendingCount=0 captureCount=0
[run105] ladder materialization degraded: configured endpoint count must be 1..64
[run104-pending] captures=0 scoped=0 first= only=none pendingCount=0 captureCount=0
[run105] ladder materialization degraded: configured endpoint count must be 1..64
[run104-pending] captures=0 scoped=0 first= only=none pendingCount=0 captureCount=0
[run105] ladder materialization degraded: configured endpoint count must be 1..64
[run104-pending] captures=0 scoped=0 first= only=none pendingCount=0 captureCount=0
[run105] ladder materialization degraded: configured endpoint count must be 1..64
[run104-pending] captures=0 scoped=0 first= only=none pendingCount=0 captureCount=0
[run105] ladder materialization degraded: configured endpoint count must be 1..64
[run104-pending] captures=0 scoped=0 first= only=none pendingCount=0 captureCount=0
[run105] ladder materialization degraded: configured endpoint count must be 1..64
[run104-pending] captures=0 scoped=0 first= only=none pendingCount=0 captureCount=0
[run105] ladder materialization degraded: configured endpoint count must be 1..64
[run104-pending] captures=0 scoped=0 first= only=none pendingCount=0 captureCount=0
[run105] ladder materialization degraded: configured endpoint count must be 1..64
[run104-pending] captures=0 scoped=0 first= only=none pendingCount=0 captureCount=0
[run105] ladder materialization degraded: configured endpoint count must be 1..64
[run104-pending] captures=0 scoped=0 first= only=none pendingCount=0 captureCount=0
[run105] ladder materialization degraded: configured endpoint count must be 1..64
[run104-pending] captures=0 scoped=0 first= only=none pendingCount=0 captureCount=0
[run105] ladder materialization degraded: configured endpoint count must be 1..64
[run104-pending] captures=0 scoped=0 first= only=none pendingCount=0 captureCount=0
[run105] ladder materialization degraded: configured endpoint count must be 1..64
[run104-pending] captures=0 scoped=0 first= only=none pendingCount=0 captureCount=0
[run105] ladder materialization degraded: configured endpoint count must be 1..64
[run104-pending] captures=0 scoped=0 first= only=none pendingCount=0 captureCount=0
[run105] ladder materialization degraded: configured endpoint count must be 1..64
[run104-pending] captures=0 scoped=0 first= only=none pendingCount=0 captureCount=0
[run105] ladder materialization degraded: configured endpoint count must be 1..64
[run104-pending] captures=0 scoped=0 first= only=none pendingCount=0 captureCount=0
[run105] ladder materialization degraded: configured endpoint count must be 1..64
[run104-pending] captures=0 scoped=0 first= only=none pendingCount=0 captureCount=0
[run105] ladder materialization degraded: configured endpoint count must be 1..64
[run104-pending] captures=0 scoped=0 first= only=none pendingCount=0 captureCount=0
[run105] ladder materialization degraded: configured endpoint count must be 1..64
[run104-pending] captures=0 scoped=0 first= only=none pendingCount=0 captureCount=0
[run105] ladder materialization degraded: configured endpoint count must be 1..64
[run104-pending] captures=0 scoped=0 first= only=none pendingCount=0 captureCount=0
[run105] ladder materialization degraded: configured endpoint count must be 1..64
[run104-pending] captures=0 scoped=0 first= only=none pendingCount=0 captureCount=0
[run105] ladder materialization degraded: configured endpoint count must be 1..64
[run104-pending] captures=0 scoped=0 first= only=none pendingCount=0 captureCount=0
[run105] ladder materialization degraded: configured endpoint count must be 1..64
[run104-pending] captures=0 scoped=0 first= only=none pendingCount=0 captureCount=0
[run105] ladder materialization degraded: configured endpoint count must be 1..64
[run104-pending] captures=0 scoped=0 first= only=none pendingCount=0 captureCount=0
[run105] ladder materialization degraded: configured endpoint count must be 1..64
[run104-pending] captures=0 scoped=0 first= only=none pendingCount=0 captureCount=0
[run105] ladder materialization degraded: configured endpoint count must be 1..64
[run104-pending] captures=0 scoped=0 first= only=none pendingCount=0 captureCount=0
[run105] ladder materialization degraded: configured endpoint count must be 1..64
[run104-pending] captures=0 scoped=0 first= only=none pendingCount=0 captureCount=0
[run105] ladder materialization degraded: configured endpoint count must be 1..64
[run104-pending] captures=0 scoped=0 first= only=none pendingCount=0 captureCount=0
[run105] ladder materialization degraded: configured endpoint count must be 1..64
[run104-pending] captures=0 scoped=0 first= only=none pendingCount=0 captureCount=0
[run105] ladder materialization degraded: configured endpoint count must be 1..64
[run104-pending] captures=0 scoped=0 first= only=none pendingCount=0 captureCount=0
[run105] ladder materialization degraded: configured endpoint count must be 1..64
[run104-pending] captures=0 scoped=0 first= only=none pendingCount=0 captureCount=0
[run105] ladder materialization degraded: configured endpoint count must be 1..64
[run104-pending] captures=0 scoped=0 first= only=none pendingCount=0 captureCount=0
[run105] ladder materialization degraded: configured endpoint count must be 1..64
[run104-pending] captures=0 scoped=0 first= only=none pendingCount=0 captureCount=0
[run105] ladder materialization degraded: configured endpoint count must be 1..64
[run104-pending] captures=0 scoped=0 first= only=none pendingCount=0 captureCount=0
[run105] ladder materialization degraded: configured endpoint count must be 1..64
[run104-pending] captures=0 scoped=0 first= only=none pendingCount=0 captureCount=0
[run105] ladder materialization degraded: configured endpoint count must be 1..64
[run104-pending] captures=0 scoped=0 first= only=none pendingCount=0 captureCount=0
[run105] ladder materialization degraded: configured endpoint count must be 1..64
[run104-pending] captures=0 scoped=0 first= only=none pendingCount=0 captureCount=0
[run105] ladder materialization degraded: configured endpoint count must be 1..64
[run104-pending] captures=0 scoped=0 first= only=none pendingCount=0 captureCount=0
[run105] ladder materialization degraded: configured endpoint count must be 1..64
[run104-pending] captures=0 scoped=0 first= only=none pendingCount=0 captureCount=0
[run105] ladder materialization degraded: configured endpoint count must be 1..64
[run104-pending] captures=0 scoped=0 first= only=none pendingCount=0 captureCount=0
[run105] ladder materialization degraded: configured endpoint count must be 1..64
[run104-pending] captures=0 scoped=0 first= only=none pendingCount=0 captureCount=0
[run105] ladder materialization degraded: configured endpoint count must be 1..64
[run104-pending] captures=0 scoped=0 first= only=none pendingCount=0 captureCount=0
[run105] ladder materialization degraded: configured endpoint count must be 1..64
[run104-pending] captures=0 scoped=0 first= only=none pendingCount=0 captureCount=0
[run105] ladder materialization degraded: configured endpoint count must be 1..64
[run104-pending] captures=0 scoped=0 first= only=none pendingCount=0 captureCount=0
[run105] ladder materialization degraded: configured endpoint count must be 1..64
[run104-pending] captures=0 scoped=0 first= only=none pendingCount=0 captureCount=0
[run105] ladder materialization degraded: configured endpoint count must be 1..64
[run104-pending] captures=0 scoped=0 first= only=none pendingCount=0 captureCount=0
[run105] ladder materialization degraded: configured endpoint count must be 1..64
[run104-pending] captures=0 scoped=0 first= only=none pendingCount=0 captureCount=0
[run105] ladder materialization degraded: configured endpoint count must be 1..64
[run104-pending] captures=0 scoped=0 first= only=none pendingCount=0 captureCount=0
[run105] ladder materialization degraded: configured endpoint count must be 1..64
[run104-pending] captures=0 scoped=0 first= only=none pendingCount=0 captureCount=0
[run105] ladder materialization degraded: configured endpoint count must be 1..64
[run104-pending] captures=0 scoped=0 first= only=none pendingCount=0 captureCount=0
[run105] ladder materialization degraded: configured endpoint count must be 1..64
[run104-pending] captures=0 scoped=0 first= only=none pendingCount=0 captureCount=0
[run105] ladder materialization degraded: configured endpoint count must be 1..64
[run104-pending] captures=0 scoped=0 first= only=none pendingCount=0 captureCount=0
[run105] ladder materialization degraded: configured endpoint count must be 1..64
[run104-pending] captures=0 scoped=0 first= only=none pendingCount=0 captureCount=0
[run105] ladder materialization degraded: configured endpoint count must be 1..64
[run104-pending] captures=0 scoped=0 first= only=none pendingCount=0 captureCount=0
[run105] ladder materialization degraded: configured endpoint count must be 1..64
[run104-pending] captures=0 scoped=0 first= only=none pendingCount=0 captureCount=0
[run105] ladder materialization degraded: configured endpoint count must be 1..64
[run104-pending] captures=0 scoped=0 first= only=none pendingCount=0 captureCount=0
[run105] ladder materialization degraded: configured endpoint count must be 1..64
[run104-pending] captures=0 scoped=0 first= only=none pendingCount=0 captureCount=0
[run105] ladder materialization degraded: configured endpoint count must be 1..64
[run104-pending] captures=0 scoped=0 first= only=none pendingCount=0 captureCount=0
[run105] ladder materialization degraded: configured endpoint count must be 1..64
[run104-pending] captures=0 scoped=0 first= only=none pendingCount=0 captureCount=0
[run105] ladder materialization degraded: configured endpoint count must be 1..64
[run104-pending] captures=0 scoped=0 first= only=none pendingCount=0 captureCount=0
[run105] ladder materialization degraded: configured endpoint count must be 1..64
[run104-pending] captures=0 scoped=0 first= only=none pendingCount=0 captureCount=0
[run105] ladder materialization degraded: configured endpoint count must be 1..64
[run104-pending] captures=0 scoped=0 first= only=none pendingCount=0 captureCount=0
[run105] ladder materialization degraded: configured endpoint count must be 1..64
[run104-pending] captures=0 scoped=0 first= only=none pendingCount=0 captureCount=0
[run105] ladder materialization degraded: configured endpoint count must be 1..64
[run104-pending] captures=0 scoped=0 first= only=none pendingCount=0 captureCount=0
[run105] ladder materialization degraded: configured endpoint count must be 1..64
[run104-pending] captures=0 scoped=0 first= only=none pendingCount=0 captureCount=0
[run105] ladder materialization degraded: configured endpoint count must be 1..64
[run104-pending] captures=0 scoped=0 first= only=none pendingCount=0 captureCount=0
[run105] ladder materialization degraded: configured endpoint count must be 1..64
[run104-pending] captures=0 scoped=0 first= only=none pendingCount=0 captureCount=0
[run105] ladder materialization degraded: configured endpoint count must be 1..64
[run104-pending] captures=0 scoped=0 first= only=none pendingCount=0 captureCount=0
[run105] ladder materialization degraded: configured endpoint count must be 1..64
[run104-pending] captures=0 scoped=0 first= only=none pendingCount=0 captureCount=0
[run105] ladder materialization degraded: configured endpoint count must be 1..64
[run104-pending] captures=0 scoped=0 first= only=none pendingCount=0 captureCount=0
[run105] ladder materialization degraded: configured endpoint count must be 1..64
[run104-pending] captures=0 scoped=0 first= only=none pendingCount=0 captureCount=0
[run105] ladder materialization degraded: configured endpoint count must be 1..64
[run104-pending] captures=0 scoped=0 first= only=none pendingCount=0 captureCount=0
[run105] ladder materialization degraded: configured endpoint count must be 1..64
[run104-pending] captures=0 scoped=0 first= only=none pendingCount=0 captureCount=0
[run105] ladder materialization degraded: configured endpoint count must be 1..64
[run104-pending] captures=0 scoped=0 first= only=none pendingCount=0 captureCount=0
[run105] ladder materialization degraded: configured endpoint count must be 1..64
[run104-pending] captures=0 scoped=0 first= only=none pendingCount=0 captureCount=0
[run105] ladder materialization degraded: configured endpoint count must be 1..64
[run104-pending] captures=0 scoped=0 first= only=none pendingCount=0 captureCount=0
[run105] ladder materialization degraded: configured endpoint count must be 1..64
[run104-pending] captures=0 scoped=0 first= only=none pendingCount=0 captureCount=0
[run105] ladder materialization degraded: configured endpoint count must be 1..64
[run104-pending] captures=0 scoped=0 first= only=none pendingCount=0 captureCount=0
[run105] ladder materialization degraded: configured endpoint count must be 1..64
[run104-pending] captures=0 scoped=0 first= only=none pendingCount=0 captureCount=0
[run105] ladder materialization degraded: configured endpoint count must be 1..64
[run104-pending] captures=0 scoped=0 first= only=none pendingCount=0 captureCount=0
[run105] ladder materialization degraded: configured endpoint count must be 1..64
[run104-pending] captures=0 scoped=0 first= only=none pendingCount=0 captureCount=0
[run105] ladder materialization degraded: configured endpoint count must be 1..64
[run104-pending] captures=0 scoped=0 first= only=none pendingCount=0 captureCount=0
[run105] ladder materialization degraded: configured endpoint count must be 1..64
[run104-pending] captures=0 scoped=0 first= only=none pendingCount=0 captureCount=0
[run105] ladder materialization degraded: configured endpoint count must be 1..64
[run104-pending] captures=0 scoped=0 first= only=none pendingCount=0 captureCount=0
[run105] ladder materialization degraded: configured endpoint count must be 1..64
[run104-pending] captures=0 scoped=0 first= only=none pendingCount=0 captureCount=0
[run105] ladder materialization degraded: configured endpoint count must be 1..64
[run104-pending] captures=0 scoped=0 first= only=none pendingCount=0 captureCount=0
[run105] ladder materialization degraded: configured endpoint count must be 1..64
[run104-pending] captures=0 scoped=0 first= only=none pendingCount=0 captureCount=0
[run105] ladder materialization degraded: configured endpoint count must be 1..64
[run104-pending] captures=0 scoped=0 first= only=none pendingCount=0 captureCount=0
[run105] ladder materialization degraded: configured endpoint count must be 1..64
[run104-pending] captures=0 scoped=0 first= only=none pendingCount=0 captureCount=0
[run105] ladder materialization degraded: configured endpoint count must be 1..64
[run104-pending] captures=0 scoped=0 first= only=none pendingCount=0 captureCount=0
[run105] ladder materialization degraded: configured endpoint count must be 1..64
[run104-pending] captures=0 scoped=0 first= only=none pendingCount=0 captureCount=0
[run105] ladder materialization degraded: configured endpoint count must be 1..64
[run104-pending] captures=0 scoped=0 first= only=none pendingCount=0 captureCount=0
[run105] ladder materialization degraded: configured endpoint count must be 1..64
[run104-pending] captures=0 scoped=0 first= only=none pendingCount=0 captureCount=0
[run105] ladder materialization degraded: configured endpoint count must be 1..64
[run104-pending] captures=0 scoped=0 first= only=none pendingCount=0 captureCount=0
[run105] ladder materialization degraded: configured endpoint count must be 1..64
[run104-pending] captures=0 scoped=0 first= only=none pendingCount=0 captureCount=0
[run105] ladder materialization degraded: configured endpoint count must be 1..64
[run104-pending] captures=0 scoped=0 first= only=none pendingCount=0 captureCount=0
[run105] ladder materialization degraded: configured endpoint count must be 1..64
[run104-pending] captures=0 scoped=0 first= only=none pendingCount=0 captureCount=0
[run105] ladder materialization degraded: configured endpoint count must be 1..64
[run104-pending] captures=0 scoped=0 first= only=none pendingCount=0 captureCount=0
[run105] ladder materialization degraded: configured endpoint count must be 1..64
[run104-pending] captures=0 scoped=0 first= only=none pendingCount=0 captureCount=0
[run105] ladder materialization degraded: configured endpoint count must be 1..64
[run104-pending] captures=0 scoped=0 first= only=none pendingCount=0 captureCount=0
[run105] ladder materialization degraded: configured endpoint count must be 1..64
[run104-pending] captures=0 scoped=0 first= only=none pendingCount=0 captureCount=0
[run105] ladder materialization degraded: configured endpoint count must be 1..64
[run104-pending] captures=0 scoped=0 first= only=none pendingCount=0 captureCount=0
[run105] ladder materialization degraded: configured endpoint count must be 1..64
[run104-pending] captures=0 scoped=0 first= only=none pendingCount=0 captureCount=0
[run105] ladder materialization degraded: configured endpoint count must be 1..64
[run104-pending] captures=0 scoped=0 first= only=none pendingCount=0 captureCount=0
[run105] ladder materialization degraded: configured endpoint count must be 1..64
[run104-pending] captures=0 scoped=0 first= only=none pendingCount=0 captureCount=0
[run105] ladder materialization degraded: configured endpoint count must be 1..64
[run104-pending] captures=0 scoped=0 first= only=none pendingCount=0 captureCount=0
[run105] ladder materialization degraded: configured endpoint count must be 1..64
[run104-pending] captures=0 scoped=0 first= only=none pendingCount=0 captureCount=0
[run105] ladder materialization degraded: configured endpoint count must be 1..64
[run104-pending] captures=0 scoped=0 first= only=none pendingCount=0 captureCount=0
[run105] ladder materialization degraded: configured endpoint count must be 1..64
[run104-pending] captures=0 scoped=0 first= only=none pendingCount=0 captureCount=0
[run105] ladder materialization degraded: configured endpoint count must be 1..64
[run104-pending] captures=0 scoped=0 first= only=none pendingCount=0 captureCount=0
[run105] ladder materialization degraded: configured endpoint count must be 1..64
[run104-pending] captures=0 scoped=0 first= only=none pendingCount=0 captureCount=0
[run105] ladder materialization degraded: configured endpoint count must be 1..64
[run104-pending] captures=0 scoped=0 first= only=none pendingCount=0 captureCount=0
[run105] ladder materialization degraded: configured endpoint count must be 1..64
[run104-pending] captures=0 scoped=0 first= only=none pendingCount=0 captureCount=0
[run105] ladder materialization degraded: configured endpoint count must be 1..64
[run104-pending] captures=0 scoped=0 first= only=none pendingCount=0 captureCount=0
[run105] ladder materialization degraded: configured endpoint count must be 1..64
[run104-pending] captures=0 scoped=0 first= only=none pendingCount=0 captureCount=0
[run105] ladder materialization degraded: configured endpoint count must be 1..64
[run104-pending] captures=0 scoped=0 first= only=none pendingCount=0 captureCount=0
[run105] ladder materialization degraded: configured endpoint count must be 1..64
[run104-pending] captures=0 scoped=0 first= only=none pendingCount=0 captureCount=0
[run105] ladder materialization degraded: configured endpoint count must be 1..64
[run104-pending] captures=0 scoped=0 first= only=none pendingCount=0 captureCount=0
[run105] ladder materialization degraded: configured endpoint count must be 1..64
[run104-pending] captures=0 scoped=0 first= only=none pendingCount=0 captureCount=0
[run105] ladder materialization degraded: configured endpoint count must be 1..64
[run104-pending] captures=0 scoped=0 first= only=none pendingCount=0 captureCount=0
[run105] ladder materialization degraded: configured endpoint count must be 1..64
[run104-pending] captures=0 scoped=0 first= only=none pendingCount=0 captureCount=0
[run105] ladder materialization degraded: configured endpoint count must be 1..64
[run104-pending] captures=0 scoped=0 first= only=none pendingCount=0 captureCount=0
[run105] ladder materialization degraded: configured endpoint count must be 1..64
[run104-pending] captures=0 scoped=0 first= only=none pendingCount=0 captureCount=0
[run105] ladder materialization degraded: configured endpoint count must be 1..64
[run104-pending] captures=0 scoped=0 first= only=none pendingCount=0 captureCount=0
[run105] ladder materialization degraded: configured endpoint count must be 1..64
[run104-pending] captures=0 scoped=0 first= only=none pendingCount=0 captureCount=0
[run105] ladder materialization degraded: configured endpoint count must be 1..64
[run104-pending] captures=0 scoped=0 first= only=none pendingCount=0 captureCount=0
[run105] ladder materialization degraded: configured endpoint count must be 1..64
[run104-pending] captures=0 scoped=0 first= only=none pendingCount=0 captureCount=0
[run105] ladder materialization degraded: configured endpoint count must be 1..64
[run104-pending] captures=0 scoped=0 first= only=none pendingCount=0 captureCount=0
[run105] ladder materialization degraded: configured endpoint count must be 1..64
[run104-pending] captures=0 scoped=0 first= only=none pendingCount=0 captureCount=0
[run105] ladder materialization degraded: configured endpoint count must be 1..64
[run104-pending] captures=0 scoped=0 first= only=none pendingCount=0 captureCount=0
[run105] ladder materialization degraded: configured endpoint count must be 1..64
[run104-pending] captures=0 scoped=0 first= only=none pendingCount=0 captureCount=0
[run105] ladder materialization degraded: configured endpoint count must be 1..64
[run104-pending] captures=0 scoped=0 first= only=none pendingCount=0 captureCount=0
[run105] ladder materialization degraded: configured endpoint count must be 1..64
[run104-pending] captures=0 scoped=0 first= only=none pendingCount=0 captureCount=0
[run105] ladder materialization degraded: configured endpoint count must be 1..64
[run104-pending] captures=0 scoped=0 first= only=none pendingCount=0 captureCount=0
[run105] ladder materialization degraded: configured endpoint count must be 1..64
[run104-pending] captures=0 scoped=0 first= only=none pendingCount=0 captureCount=0
[run105] ladder materialization degraded: configured endpoint count must be 1..64
[run104-pending] captures=0 scoped=0 first= only=none pendingCount=0 captureCount=0
[run105] ladder materialization degraded: configured endpoint count must be 1..64
[run104-pending] captures=0 scoped=0 first= only=none pendingCount=0 captureCount=0
[run105] ladder materialization degraded: configured endpoint count must be 1..64
[run104-pending] captures=0 scoped=0 first= only=none pendingCount=0 captureCount=0
[run105] ladder materialization degraded: configured endpoint count must be 1..64
[run104-pending] captures=0 scoped=0 first= only=none pendingCount=0 captureCount=0
[run105] ladder materialization degraded: configured endpoint count must be 1..64
[run104-pending] captures=0 scoped=0 first= only=none pendingCount=0 captureCount=0
[run105] ladder materialization degraded: configured endpoint count must be 1..64
[run104-pending] captures=0 scoped=0 first= only=none pendingCount=0 captureCount=0
[run105] ladder materialization degraded: configured endpoint count must be 1..64
[run104-pending] captures=0 scoped=0 first= only=none pendingCount=0 captureCount=0
[run105] ladder materialization degraded: configured endpoint count must be 1..64
[run104-pending] captures=0 scoped=0 first= only=none pendingCount=0 captureCount=0
[run105] ladder materialization degraded: configured endpoint count must be 1..64
[run104-pending] captures=0 scoped=0 first= only=none pendingCount=0 captureCount=0
[run105] ladder materialization degraded: configured endpoint count must be 1..64
[run104-pending] captures=0 scoped=0 first= only=none pendingCount=0 captureCount=0
[run105] ladder materialization degraded: configured endpoint count must be 1..64
[run104-pending] captures=0 scoped=0 first= only=none pendingCount=0 captureCount=0
[run105] ladder materialization degraded: configured endpoint count must be 1..64
[run104-pending] captures=0 scoped=0 first= only=none pendingCount=0 captureCount=0
[run105] ladder materialization degraded: configured endpoint count must be 1..64
[run104-pending] captures=0 scoped=0 first= only=none pendingCount=0 captureCount=0
[run105] ladder materialization degraded: configured endpoint count must be 1..64
[run104-pending] captures=0 scoped=0 first= only=none pendingCount=0 captureCount=0
[run105] ladder materialization degraded: configured endpoint count must be 1..64
[run104-pending] captures=0 scoped=0 first= only=none pendingCount=0 captureCount=0
[run105] ladder materialization degraded: configured endpoint count must be 1..64
[run104-pending] captures=0 scoped=0 first= only=none pendingCount=0 captureCount=0
[run105] ladder materialization degraded: configured endpoint count must be 1..64
[run104-pending] captures=0 scoped=0 first= only=none pendingCount=0 captureCount=0
[run105] ladder materialization degraded: configured endpoint count must be 1..64
[run104-pending] captures=0 scoped=0 first= only=none pendingCount=0 captureCount=0
[run105] ladder materialization degraded: configured endpoint count must be 1..64
[run104-pending] captures=0 scoped=0 first= only=none pendingCount=0 captureCount=0
[run105] ladder materialization degraded: configured endpoint count must be 1..64
[run104-pending] captures=0 scoped=0 first= only=none pendingCount=0 captureCount=0
[run105] ladder materialization degraded: configured endpoint count must be 1..64
[run104-pending] captures=0 scoped=0 first= only=none pendingCount=0 captureCount=0
[run105] ladder materialization degraded: configured endpoint count must be 1..64
[run104-pending] captures=0 scoped=0 first= only=none pendingCount=0 captureCount=0
[run105] ladder materialization degraded: configured endpoint count must be 1..64
[run104-pending] captures=0 scoped=0 first= only=none pendingCount=0 captureCount=0
[run105] ladder materialization degraded: configured endpoint count must be 1..64
[run104-pending] captures=0 scoped=0 first= only=none pendingCount=0 captureCount=0
[run105] ladder materialization degraded: configured endpoint count must be 1..64
[run104-pending] captures=0 scoped=0 first= only=none pendingCount=0 captureCount=0
[run105] ladder materialization degraded: configured endpoint count must be 1..64
[run104-pending] captures=0 scoped=0 first= only=none pendingCount=0 captureCount=0
[run105] ladder materialization degraded: configured endpoint count must be 1..64
[run104-pending] captures=0 scoped=0 first= only=none pendingCount=0 captureCount=0
[run105] ladder materialization degraded: configured endpoint count must be 1..64
[run104-pending] captures=0 scoped=0 first= only=none pendingCount=0 captureCount=0
[run105] ladder materialization degraded: configured endpoint count must be 1..64
[run104-pending] captures=0 scoped=0 first= only=none pendingCount=0 captureCount=0
[run105] ladder materialization degraded: configured endpoint count must be 1..64
[run104-pending] captures=0 scoped=0 first= only=none pendingCount=0 captureCount=0
[run105] ladder materialization degraded: configured endpoint count must be 1..64
[run104-pending] captures=0 scoped=0 first= only=none pendingCount=0 captureCount=0
[run105] ladder materialization degraded: configured endpoint count must be 1..64
[run104-pending] captures=0 scoped=0 first= only=none pendingCount=0 captureCount=0
[run105] ladder materialization degraded: configured endpoint count must be 1..64
[run104-pending] captures=0 scoped=0 first= only=none pendingCount=0 captureCount=0
[run105] ladder materialization degraded: configured endpoint count must be 1..64
[run104-pending] captures=0 scoped=0 first= only=none pendingCount=0 captureCount=0
[run105] ladder materialization degraded: configured endpoint count must be 1..64
[run104-pending] captures=0 scoped=0 first= only=none pendingCount=0 captureCount=0
[run105] ladder materialization degraded: configured endpoint count must be 1..64
[run104-pending] captures=0 scoped=0 first= only=none pendingCount=0 captureCount=0
[run105] ladder materialization degraded: configured endpoint count must be 1..64
[run104-pending] captures=0 scoped=0 first= only=none pendingCount=0 captureCount=0
[run105] ladder materialization degraded: configured endpoint count must be 1..64
[run104-pending] captures=0 scoped=0 first= only=none pendingCount=0 captureCount=0
[run105] ladder materialization degraded: configured endpoint count must be 1..64
[run104-pending] captures=0 scoped=0 first= only=none pendingCount=0 captureCount=0
[run105] ladder materialization degraded: configured endpoint count must be 1..64
[run104-pending] captures=0 scoped=0 first= only=none pendingCount=0 captureCount=0
[run105] ladder materialization degraded: configured endpoint count must be 1..64
[run104-pending] captures=0 scoped=0 first= only=none pendingCount=0 captureCount=0
[run105] ladder materialization degraded: configured endpoint count must be 1..64
[run104-pending] captures=0 scoped=0 first= only=none pendingCount=0 captureCount=0
[run105] ladder materialization degraded: configured endpoint count must be 1..64
[run104-pending] captures=0 scoped=0 first= only=none pendingCount=0 captureCount=0
[run105] ladder materialization degraded: configured endpoint count must be 1..64
[run104-pending] captures=0 scoped=0 first= only=none pendingCount=0 captureCount=0
[run105] ladder materialization degraded: configured endpoint count must be 1..64
[run104-pending] captures=0 scoped=0 first= only=none pendingCount=0 captureCount=0
[run105] ladder materialization degraded: configured endpoint count must be 1..64
[run104-pending] captures=0 scoped=0 first= only=none pendingCount=0 captureCount=0
[run105] ladder materialization degraded: configured endpoint count must be 1..64
[run104-pending] captures=0 scoped=0 first= only=none pendingCount=0 captureCount=0
[run105] ladder materialization degraded: configured endpoint count must be 1..64
[run104-pending] captures=0 scoped=0 first= only=none pendingCount=0 captureCount=0
[run105] ladder materialization degraded: configured endpoint count must be 1..64
[run104-pending] captures=0 scoped=0 first= only=none pendingCount=0 captureCount=0
[run105] ladder materialization degraded: configured endpoint count must be 1..64
[run104-pending] captures=0 scoped=0 first= only=none pendingCount=0 captureCount=0
[run105] ladder materialization degraded: configured endpoint count must be 1..64
[run104-pending] captures=0 scoped=0 first= only=none pendingCount=0 captureCount=0
[run105] ladder materialization degraded: configured endpoint count must be 1..64
[run104-pending] captures=0 scoped=0 first= only=none pendingCount=0 captureCount=0
[run105] ladder materialization degraded: configured endpoint count must be 1..64
[run104-pending] captures=0 scoped=0 first= only=none pendingCount=0 captureCount=0
[run105] ladder materialization degraded: configured endpoint count must be 1..64
[run104-pending] captures=0 scoped=0 first= only=none pendingCount=0 captureCount=0
[run105] ladder materialization degraded: configured endpoint count must be 1..64
[run104-pending] captures=0 scoped=0 first= only=none pendingCount=0 captureCount=0
[run105] ladder materialization degraded: configured endpoint count must be 1..64
[run104-pending] captures=0 scoped=0 first= only=none pendingCount=0 captureCount=0
[run105] ladder materialization degraded: configured endpoint count must be 1..64
[run104-pending] captures=0 scoped=0 first= only=none pendingCount=0 captureCount=0
[run105] ladder materialization degraded: configured endpoint count must be 1..64
[run104-pending] captures=0 scoped=0 first= only=none pendingCount=0 captureCount=0
[run105] ladder materialization degraded: configured endpoint count must be 1..64
[run104-pending] captures=0 scoped=0 first= only=none pendingCount=0 captureCount=0
[run105] ladder materialization degraded: configured endpoint count must be 1..64
[run104-pending] captures=0 scoped=0 first= only=none pendingCount=0 captureCount=0
[run105] ladder materialization degraded: configured endpoint count must be 1..64
[run104-pending] captures=0 scoped=0 first= only=none pendingCount=0 captureCount=0
[run105] ladder materialization degraded: configured endpoint count must be 1..64
[run104-pending] captures=0 scoped=0 first= only=none pendingCount=0 captureCount=0
[run105] ladder materialization degraded: configured endpoint count must be 1..64
[run104-pending] captures=0 scoped=0 first= only=none pendingCount=0 captureCount=0
[run105] ladder materialization degraded: configured endpoint count must be 1..64
[run104-pending] captures=0 scoped=0 first= only=none pendingCount=0 captureCount=0
[run105] ladder materialization degraded: configured endpoint count must be 1..64
[run104-pending] captures=0 scoped=0 first= only=none pendingCount=0 captureCount=0
[run105] ladder materialization degraded: configured endpoint count must be 1..64
[run104-pending] captures=0 scoped=0 first= only=none pendingCount=0 captureCount=0
[run105] ladder materialization degraded: configured endpoint count must be 1..64
[run104-pending] captures=0 scoped=0 first= only=none pendingCount=0 captureCount=0
[run105] ladder materialization degraded: configured endpoint count must be 1..64
[run104-pending] captures=0 scoped=0 first= only=none pendingCount=0 captureCount=0
[run105] ladder materialization degraded: configured endpoint count must be 1..64
[run104-pending] captures=0 scoped=0 first= only=none pendingCount=0 captureCount=0
[run105] ladder materialization degraded: configured endpoint count must be 1..64
[run104-pending] captures=0 scoped=0 first= only=none pendingCount=0 captureCount=0
[run105] ladder materialization degraded: configured endpoint count must be 1..64
[run104-pending] captures=0 scoped=0 first= only=none pendingCount=0 captureCount=0
[run105] ladder materialization degraded: configured endpoint count must be 1..64
[run104-pending] captures=0 scoped=0 first= only=none pendingCount=0 captureCount=0
[run105] ladder materialization degraded: configured endpoint count must be 1..64
[run104-pending] captures=0 scoped=0 first= only=none pendingCount=0 captureCount=0
[run105] ladder materialization degraded: configured endpoint count must be 1..64
[run104-pending] captures=0 scoped=0 first= only=none pendingCount=0 captureCount=0
[run105] ladder materialization degraded: configured endpoint count must be 1..64
[run104-pending] captures=0 scoped=0 first= only=none pendingCount=0 captureCount=0
[run105] ladder materialization degraded: configured endpoint count must be 1..64
[run104-pending] captures=0 scoped=0 first= only=none pendingCount=0 captureCount=0
[run105] ladder materialization degraded: configured endpoint count must be 1..64
[run104-pending] captures=0 scoped=0 first= only=none pendingCount=0 captureCount=0
[run105] ladder materialization degraded: configured endpoint count must be 1..64
[run104-pending] captures=0 scoped=0 first= only=none pendingCount=0 captureCount=0
[run105] ladder materialization degraded: configured endpoint count must be 1..64
[run104-pending] captures=0 scoped=0 first= only=none pendingCount=0 captureCount=0
[run105] ladder materialization degraded: configured endpoint count must be 1..64
[run104-pending] captures=0 scoped=0 first= only=none pendingCount=0 captureCount=0
[run105] ladder materialization degraded: configured endpoint count must be 1..64
[run104-pending] captures=0 scoped=0 first= only=none pendingCount=0 captureCount=0
[run105] ladder materialization degraded: configured endpoint count must be 1..64
[run104-pending] captures=0 scoped=0 first= only=none pendingCount=0 captureCount=0
[run105] ladder materialization degraded: configured endpoint count must be 1..64
[run104-pending] captures=0 scoped=0 first= only=none pendingCount=0 captureCount=0
[run105] ladder materialization degraded: configured endpoint count must be 1..64
[run104-pending] captures=0 scoped=0 first= only=none pendingCount=0 captureCount=0
[run105] ladder materialization degraded: configured endpoint count must be 1..64
[run104-pending] captures=0 scoped=0 first= only=none pendingCount=0 captureCount=0
[run105] ladder materialization degraded: configured endpoint count must be 1..64
[run104-pending] captures=0 scoped=0 first= only=none pendingCount=0 captureCount=0
[run105] ladder materialization degraded: configured endpoint count must be 1..64
[run104-pending] captures=0 scoped=0 first= only=none pendingCount=0 captureCount=0
[run105] ladder materialization degraded: configured endpoint count must be 1..64
[run104-pending] captures=0 scoped=0 first= only=none pendingCount=0 captureCount=0
[run105] ladder materialization degraded: configured endpoint count must be 1..64
[run104-pending] captures=0 scoped=0 first= only=none pendingCount=0 captureCount=0
[run105] ladder materialization degraded: configured endpoint count must be 1..64
[run104-pending] captures=0 scoped=0 first= only=none pendingCount=0 captureCount=0
[run105] ladder materialization degraded: configured endpoint count must be 1..64
[run104-pending] captures=0 scoped=0 first= only=none pendingCount=0 captureCount=0
[run105] ladder materialization degraded: configured endpoint count must be 1..64
[run104-pending] captures=0 scoped=0 first= only=none pendingCount=0 captureCount=0
[run105] ladder materialization degraded: configured endpoint count must be 1..64
[run104-pending] captures=0 scoped=0 first= only=none pendingCount=0 captureCount=0
[run105] ladder materialization degraded: configured endpoint count must be 1..64
[run104-pending] captures=0 scoped=0 first= only=none pendingCount=0 captureCount=0
[run105] ladder materialization degraded: configured endpoint count must be 1..64
[run104-pending] captures=0 scoped=0 first= only=none pendingCount=0 captureCount=0
[run105] ladder materialization degraded: configured endpoint count must be 1..64
[run104-pending] captures=0 scoped=0 first= only=none pendingCount=0 captureCount=0
[run105] ladder materialization degraded: configured endpoint count must be 1..64
[run104-pending] captures=0 scoped=0 first= only=none pendingCount=0 captureCount=0
[run105] ladder materialization degraded: configured endpoint count must be 1..64
[run104-pending] captures=0 scoped=0 first= only=none pendingCount=0 captureCount=0
[run105] ladder materialization degraded: configured endpoint count must be 1..64
[run104-pending] captures=0 scoped=0 first= only=none pendingCount=0 captureCount=0
[run105] ladder materialization degraded: configured endpoint count must be 1..64
[run104-pending] captures=0 scoped=0 first= only=none pendingCount=0 captureCount=0
[run105] ladder materialization degraded: configured endpoint count must be 1..64
[run104-pending] captures=0 scoped=0 first= only=none pendingCount=0 captureCount=0
[run105] ladder materialization degraded: configured endpoint count must be 1..64
[run104-pending] captures=0 scoped=0 first= only=none pendingCount=0 captureCount=0
[run105] ladder materialization degraded: configured endpoint count must be 1..64
[run104-pending] captures=0 scoped=0 first= only=none pendingCount=0 captureCount=0
[run105] ladder materialization degraded: configured endpoint count must be 1..64
[run104-pending] captures=0 scoped=0 first= only=none pendingCount=0 captureCount=0
[run105] ladder materialization degraded: configured endpoint count must be 1..64
[run104-pending] captures=0 scoped=0 first= only=none pendingCount=0 captureCount=0
[run105] ladder materialization degraded: configured endpoint count must be 1..64
[run104-pending] captures=0 scoped=0 first= only=none pendingCount=0 captureCount=0
[run105] ladder materialization degraded: configured endpoint count must be 1..64
[run104-pending] captures=0 scoped=0 first= only=none pendingCount=0 captureCount=0
[run105] ladder materialization degraded: configured endpoint count must be 1..64
[run104-pending] captures=0 scoped=0 first= only=none pendingCount=0 captureCount=0
[run105] ladder materialization degraded: configured endpoint count must be 1..64
[run104-pending] captures=0 scoped=0 first= only=none pendingCount=0 captureCount=0
[run105] ladder materialization degraded: configured endpoint count must be 1..64
[run104-pending] captures=0 scoped=0 first= only=none pendingCount=0 captureCount=0
[run105] ladder materialization degraded: configured endpoint count must be 1..64
[run104-pending] captures=0 scoped=0 first= only=none pendingCount=0 captureCount=0
[run105] ladder materialization degraded: configured endpoint count must be 1..64
[run104-pending] captures=0 scoped=0 first= only=none pendingCount=0 captureCount=0
[run105] ladder materialization degraded: configured endpoint count must be 1..64
[run104-pending] captures=0 scoped=0 first= only=none pendingCount=0 captureCount=0
[run105] ladder materialization degraded: configured endpoint count must be 1..64
[run104-pending] captures=0 scoped=0 first= only=none pendingCount=0 captureCount=0
[run105] ladder materialization degraded: configured endpoint count must be 1..64
[run104-pending] captures=0 scoped=0 first= only=none pendingCount=0 captureCount=0
[run105] ladder materialization degraded: configured endpoint count must be 1..64
[run104-pending] captures=0 scoped=0 first= only=none pendingCount=0 captureCount=0
[run105] ladder materialization degraded: configured endpoint count must be 1..64
[run104-pending] captures=0 scoped=0 first= only=none pendingCount=0 captureCount=0
[run105] ladder materialization degraded: configured endpoint count must be 1..64
[run104-pending] captures=0 scoped=0 first= only=none pendingCount=0 captureCount=0
[run105] ladder materialization degraded: configured endpoint count must be 1..64
[run104-pending] captures=0 scoped=0 first= only=none pendingCount=0 captureCount=0
[run105] ladder materialization degraded: configured endpoint count must be 1..64
[run104-pending] captures=0 scoped=0 first= only=none pendingCount=0 captureCount=0
[run105] ladder materialization degraded: configured endpoint count must be 1..64
[run104-pending] captures=0 scoped=0 first= only=none pendingCount=0 captureCount=0
[run105] ladder materialization degraded: configured endpoint count must be 1..64
[run104-pending] captures=0 scoped=0 first= only=none pendingCount=0 captureCount=0
[run105] ladder materialization degraded: configured endpoint count must be 1..64
[run104-pending] captures=0 scoped=0 first= only=none pendingCount=0 captureCount=0
[run105] ladder materialization degraded: configured endpoint count must be 1..64
[run104-pending] captures=0 scoped=0 first= only=none pendingCount=0 captureCount=0
[run105] ladder materialization degraded: configured endpoint count must be 1..64
[run104-pending] captures=0 scoped=0 first= only=none pendingCount=0 captureCount=0
[run105] ladder materialization degraded: configured endpoint count must be 1..64
[run104-pending] captures=0 scoped=0 first= only=none pendingCount=0 captureCount=0
[run105] ladder materialization degraded: configured endpoint count must be 1..64
[run104-pending] captures=0 scoped=0 first= only=none pendingCount=0 captureCount=0
[run105] ladder materialization degraded: configured endpoint count must be 1..64
[run104-pending] captures=0 scoped=0 first= only=none pendingCount=0 captureCount=0
[run105] ladder materialization degraded: configured endpoint count must be 1..64
[run104-pending] captures=0 scoped=0 first= only=none pendingCount=0 captureCount=0
[run105] ladder materialization degraded: configured endpoint count must be 1..64
[run104-pending] captures=0 scoped=0 first= only=none pendingCount=0 captureCount=0
[run105] ladder materialization degraded: configured endpoint count must be 1..64
[run104-pending] captures=0 scoped=0 first= only=none pendingCount=0 captureCount=0
[run105] ladder materialization degraded: configured endpoint count must be 1..64
[run104-pending] captures=0 scoped=0 first= only=none pendingCount=0 captureCount=0
[run105] ladder materialization degraded: configured endpoint count must be 1..64
[run104-pending] captures=0 scoped=0 first= only=none pendingCount=0 captureCount=0
[run105] ladder materialization degraded: configured endpoint count must be 1..64
[run104-pending] captures=0 scoped=0 first= only=none pendingCount=0 captureCount=0
[run105] ladder materialization degraded: configured endpoint count must be 1..64
[run104-pending] captures=0 scoped=0 first= only=none pendingCount=0 captureCount=0
[run105] ladder materialization degraded: configured endpoint count must be 1..64
[run104-pending] captures=0 scoped=0 first= only=none pendingCount=0 captureCount=0
[run105] ladder materialization degraded: configured endpoint count must be 1..64
[run104-pending] captures=0 scoped=0 first= only=none pendingCount=0 captureCount=0
[run105] ladder materialization degraded: configured endpoint count must be 1..64
[run104-pending] captures=0 scoped=0 first= only=none pendingCount=0 captureCount=0
[run105] ladder materialization degraded: configured endpoint count must be 1..64
[run104-pending] captures=0 scoped=0 first= only=none pendingCount=0 captureCount=0
[run105] ladder materialization degraded: configured endpoint count must be 1..64
[run104-pending] captures=0 scoped=0 first= only=none pendingCount=0 captureCount=0
[run105] ladder materialization degraded: configured endpoint count must be 1..64
[run104-pending] captures=0 scoped=0 first= only=none pendingCount=0 captureCount=0
[run105] ladder materialization degraded: configured endpoint count must be 1..64
[run104-pending] captures=0 scoped=0 first= only=none pendingCount=0 captureCount=0
[run105] ladder materialization degraded: configured endpoint count must be 1..64
[run104-pending] captures=0 scoped=0 first= only=none pendingCount=0 captureCount=0
[run105] ladder materialization degraded: configured endpoint count must be 1..64
[run104-pending] captures=0 scoped=0 first= only=none pendingCount=0 captureCount=0
[run105] ladder materialization degraded: configured endpoint count must be 1..64
[run104-pending] captures=0 scoped=0 first= only=none pendingCount=0 captureCount=0
[run105] ladder materialization degraded: configured endpoint count must be 1..64
[run104-pending] captures=0 scoped=0 first= only=none pendingCount=0 captureCount=0
[run105] ladder materialization degraded: configured endpoint count must be 1..64
[run104-pending] captures=0 scoped=0 first= only=none pendingCount=0 captureCount=0
[run105] ladder materialization degraded: configured endpoint count must be 1..64
[run104-pending] captures=0 scoped=0 first= only=none pendingCount=0 captureCount=0
[run105] ladder materialization degraded: configured endpoint count must be 1..64
[run104-pending] captures=0 scoped=0 first= only=none pendingCount=0 captureCount=0
[run105] ladder materialization degraded: configured endpoint count must be 1..64
[run104-pending] captures=0 scoped=0 first= only=none pendingCount=0 captureCount=0
[run105] ladder materialization degraded: configured endpoint count must be 1..64
[run104-pending] captures=0 scoped=0 first= only=none pendingCount=0 captureCount=0
[run105] ladder materialization degraded: configured endpoint count must be 1..64
[run104-pending] captures=0 scoped=0 first= only=none pendingCount=0 captureCount=0
[run105] ladder materialization degraded: configured endpoint count must be 1..64
[run104-pending] captures=0 scoped=0 first= only=none pendingCount=0 captureCount=0
[run105] ladder materialization degraded: configured endpoint count must be 1..64
[run104-pending] captures=0 scoped=0 first= only=none pendingCount=0 captureCount=0
[run105] ladder materialization degraded: configured endpoint count must be 1..64
[run104-pending] captures=0 scoped=0 first= only=none pendingCount=0 captureCount=0
[run105] ladder materialization degraded: configured endpoint count must be 1..64
[run104-pending] captures=0 scoped=0 first= only=none pendingCount=0 captureCount=0
[run105] ladder materialization degraded: configured endpoint count must be 1..64
[run104-pending] captures=0 scoped=0 first= only=none pendingCount=0 captureCount=0
[run105] ladder materialization degraded: configured endpoint count must be 1..64
[run104-pending] captures=0 scoped=0 first= only=none pendingCount=0 captureCount=0
[run105] ladder materialization degraded: configured endpoint count must be 1..64
[run104-pending] captures=0 scoped=0 first= only=none pendingCount=0 captureCount=0
[run105] ladder materialization degraded: configured endpoint count must be 1..64
[run104-pending] captures=0 scoped=0 first= only=none pendingCount=0 captureCount=0
[run105] ladder materialization degraded: configured endpoint count must be 1..64
[run104-pending] captures=0 scoped=0 first= only=none pendingCount=0 captureCount=0
[run105] ladder materialization degraded: configured endpoint count must be 1..64
[run104-pending] captures=0 scoped=0 first= only=none pendingCount=0 captureCount=0
[run105] ladder materialization degraded: configured endpoint count must be 1..64
[run104-pending] captures=0 scoped=0 first= only=none pendingCount=0 captureCount=0
[run105] ladder materialization degraded: configured endpoint count must be 1..64
[run104-pending] captures=0 scoped=0 first= only=none pendingCount=0 captureCount=0
[run105] ladder materialization degraded: configured endpoint count must be 1..64
[run104-pending] captures=0 scoped=0 first= only=none pendingCount=0 captureCount=0
[run105] ladder materialization degraded: configured endpoint count must be 1..64
[run104-pending] captures=0 scoped=0 first= only=none pendingCount=0 captureCount=0
[run105] ladder materialization degraded: configured endpoint count must be 1..64
[run104-pending] captures=0 scoped=0 first= only=none pendingCount=0 captureCount=0
[run105] ladder materialization degraded: configured endpoint count must be 1..64
[run104-pending] captures=0 scoped=0 first= only=none pendingCount=0 captureCount=0
[run105] ladder materialization degraded: configured endpoint count must be 1..64
[run104-pending] captures=0 scoped=0 first= only=none pendingCount=0 captureCount=0
[run105] ladder materialization degraded: configured endpoint count must be 1..64
[run104-pending] captures=0 scoped=0 first= only=none pendingCount=0 captureCount=0
[run105] ladder materialization degraded: configured endpoint count must be 1..64
[run104-pending] captures=0 scoped=0 first= only=none pendingCount=0 captureCount=0
[run105] ladder materialization degraded: configured endpoint count must be 1..64
[run104-pending] captures=0 scoped=0 first= only=none pendingCount=0 captureCount=0
[run105] ladder materialization degraded: configured endpoint count must be 1..64
[run104-pending] captures=0 scoped=0 first= only=none pendingCount=0 captureCount=0
[run105] ladder materialization degraded: configured endpoint count must be 1..64
[run104-pending] captures=0 scoped=0 first= only=none pendingCount=0 captureCount=0
[run105] ladder materialization degraded: configured endpoint count must be 1..64
[run104-pending] captures=0 scoped=0 first= only=none pendingCount=0 captureCount=0
[run105] ladder materialization degraded: configured endpoint count must be 1..64
[run104-pending] captures=0 scoped=0 first= only=none pendingCount=0 captureCount=0
[run105] ladder materialization degraded: configured endpoint count must be 1..64
[run104-pending] captures=0 scoped=0 first= only=none pendingCount=0 captureCount=0
[run105] ladder materialization degraded: configured endpoint count must be 1..64
[run104-pending] captures=0 scoped=0 first= only=none pendingCount=0 captureCount=0
[run105] ladder materialization degraded: configured endpoint count must be 1..64
[run104-pending] captures=0 scoped=0 first= only=none pendingCount=0 captureCount=0
[run105] ladder materialization degraded: configured endpoint count must be 1..64
[run104-pending] captures=0 scoped=0 first= only=none pendingCount=0 captureCount=0
[run105] ladder materialization degraded: configured endpoint count must be 1..64
[run104-pending] captures=0 scoped=0 first= only=none pendingCount=0 captureCount=0
[run105] ladder materialization degraded: configured endpoint count must be 1..64
[run104-pending] captures=0 scoped=0 first= only=none pendingCount=0 captureCount=0
[run105] ladder materialization degraded: configured endpoint count must be 1..64
[run104-pending] captures=0 scoped=0 first= only=none pendingCount=0 captureCount=0
[run105] ladder materialization degraded: configured endpoint count must be 1..64
[run104-pending] captures=0 scoped=0 first= only=none pendingCount=0 captureCount=0
[run105] ladder materialization degraded: configured endpoint count must be 1..64
[run104-pending] captures=0 scoped=0 first= only=none pendingCount=0 captureCount=0
[run105] ladder materialization degraded: configured endpoint count must be 1..64
[run104-pending] captures=0 scoped=0 first= only=none pendingCount=0 captureCount=0
[run105] ladder materialization degraded: configured endpoint count must be 1..64
[run104-pending] captures=0 scoped=0 first= only=none pendingCount=0 captureCount=0
[run105] ladder materialization degraded: configured endpoint count must be 1..64
[run104-pending] captures=0 scoped=0 first= only=none pendingCount=0 captureCount=0
[run105] ladder materialization degraded: configured endpoint count must be 1..64
[run104-pending] captures=0 scoped=0 first= only=none pendingCount=0 captureCount=0
[run105] ladder materialization degraded: configured endpoint count must be 1..64
[run104-pending] captures=0 scoped=0 first= only=none pendingCount=0 captureCount=0
[run105] ladder materialization degraded: configured endpoint count must be 1..64
[run104-pending] captures=0 scoped=0 first= only=none pendingCount=0 captureCount=0
[run105] ladder materialization degraded: configured endpoint count must be 1..64
[run104-pending] captures=0 scoped=0 first= only=none pendingCount=0 captureCount=0
[run105] ladder materialization degraded: configured endpoint count must be 1..64
[run104-pending] captures=0 scoped=0 first= only=none pendingCount=0 captureCount=0
[run105] ladder materialization degraded: configured endpoint count must be 1..64
[run104-pending] captures=0 scoped=0 first= only=none pendingCount=0 captureCount=0
[run105] ladder materialization degraded: configured endpoint count must be 1..64
[run104-pending] captures=0 scoped=0 first= only=none pendingCount=0 captureCount=0
[run105] ladder materialization degraded: configured endpoint count must be 1..64
[run104-pending] captures=0 scoped=0 first= only=none pendingCount=0 captureCount=0
[run105] ladder materialization degraded: configured endpoint count must be 1..64
[run104-pending] captures=0 scoped=0 first= only=none pendingCount=0 captureCount=0
[run105] ladder materialization degraded: configured endpoint count must be 1..64
[run104-pending] captures=0 scoped=0 first= only=none pendingCount=0 captureCount=0
[run105] ladder materialization degraded: configured endpoint count must be 1..64
[run104-pending] captures=0 scoped=0 first= only=none pendingCount=0 captureCount=0
[run105] ladder materialization degraded: configured endpoint count must be 1..64
[run104-pending] captures=0 scoped=0 first= only=none pendingCount=0 captureCount=0
[run105] ladder materialization degraded: configured endpoint count must be 1..64
[run104-pending] captures=0 scoped=0 first= only=none pendingCount=0 captureCount=0
[run105] ladder materialization degraded: configured endpoint count must be 1..64
[run104-pending] captures=0 scoped=0 first= only=none pendingCount=0 captureCount=0
[run105] ladder materialization degraded: configured endpoint count must be 1..64
[run104-pending] captures=0 scoped=0 first= only=none pendingCount=0 captureCount=0
[run105] ladder materialization degraded: configured endpoint count must be 1..64
[run104-pending] captures=0 scoped=0 first= only=none pendingCount=0 captureCount=0
[run105] ladder materialization degraded: configured endpoint count must be 1..64
[run104-pending] captures=0 scoped=0 first= only=none pendingCount=0 captureCount=0
[run105] ladder materialization degraded: configured endpoint count must be 1..64
[run104-pending] captures=0 scoped=0 first= only=none pendingCount=0 captureCount=0
[run105] ladder materialization degraded: configured endpoint count must be 1..64
[run104-pending] captures=0 scoped=0 first= only=none pendingCount=0 captureCount=0
[run105] ladder materialization degraded: configured endpoint count must be 1..64
[run104-pending] captures=0 scoped=0 first= only=none pendingCount=0 captureCount=0
[run105] ladder materialization degraded: configured endpoint count must be 1..64
[run104-pending] captures=0 scoped=0 first= only=none pendingCount=0 captureCount=0
[run105] ladder materialization degraded: configured endpoint count must be 1..64
[run104-pending] captures=0 scoped=0 first= only=none pendingCount=0 captureCount=0
[run105] ladder materialization degraded: configured endpoint count must be 1..64
[run104-pending] captures=0 scoped=0 first= only=none pendingCount=0 captureCount=0
[run105] ladder materialization degraded: configured endpoint count must be 1..64
[run104-pending] captures=0 scoped=0 first= only=none pendingCount=0 captureCount=0
[run105] ladder materialization degraded: configured endpoint count must be 1..64
[run104-pending] captures=0 scoped=0 first= only=none pendingCount=0 captureCount=0
[run105] ladder materialization degraded: configured endpoint count must be 1..64
[run104-pending] captures=0 scoped=0 first= only=none pendingCount=0 captureCount=0
[run105] ladder materialization degraded: configured endpoint count must be 1..64
[run104-pending] captures=0 scoped=0 first= only=none pendingCount=0 captureCount=0
[run105] ladder materialization degraded: configured endpoint count must be 1..64
[run104-pending] captures=0 scoped=0 first= only=none pendingCount=0 captureCount=0
[run105] ladder materialization degraded: configured endpoint count must be 1..64
[run104-pending] captures=0 scoped=0 first= only=none pendingCount=0 captureCount=0
[run105] ladder materialization degraded: configured endpoint count must be 1..64
[run104-pending] captures=0 scoped=0 first= only=none pendingCount=0 captureCount=0
[run105] ladder materialization degraded: configured endpoint count must be 1..64
[run104-pending] captures=0 scoped=0 first= only=none pendingCount=0 captureCount=0
[run105] ladder materialization degraded: configured endpoint count must be 1..64
[run104-pending] captures=0 scoped=0 first= only=none pendingCount=0 captureCount=0
[run105] ladder materialization degraded: configured endpoint count must be 1..64
[run104-pending] captures=0 scoped=0 first= only=none pendingCount=0 captureCount=0
[run105] ladder materialization degraded: configured endpoint count must be 1..64
[run104-pending] captures=0 scoped=0 first= only=none pendingCount=0 captureCount=0
[run105] ladder materialization degraded: configured endpoint count must be 1..64
[run104-pending] captures=0 scoped=0 first= only=none pendingCount=0 captureCount=0
[run105] ladder materialization degraded: configured endpoint count must be 1..64
[run104-pending] captures=0 scoped=0 first= only=none pendingCount=0 captureCount=0
[run105] ladder materialization degraded: configured endpoint count must be 1..64
[run104-pending] captures=0 scoped=0 first= only=none pendingCount=0 captureCount=0
[run105] ladder materialization degraded: configured endpoint count must be 1..64
[run104-pending] captures=0 scoped=0 first= only=none pendingCount=0 captureCount=0
[run105] ladder materialization degraded: configured endpoint count must be 1..64
[run104-pending] captures=0 scoped=0 first= only=none pendingCount=0 captureCount=0
[run105] ladder materialization degraded: configured endpoint count must be 1..64
[run104-pending] captures=0 scoped=0 first= only=none pendingCount=0 captureCount=0
[run105] ladder materialization degraded: configured endpoint count must be 1..64
[run104-pending] captures=0 scoped=0 first= only=none pendingCount=0 captureCount=0
[run105] ladder materialization degraded: configured endpoint count must be 1..64
[run104-pending] captures=0 scoped=0 first= only=none pendingCount=0 captureCount=0
[run105] ladder materialization degraded: configured endpoint count must be 1..64
[run104-pending] captures=0 scoped=0 first= only=none pendingCount=0 captureCount=0
[run105] ladder materialization degraded: configured endpoint count must be 1..64
[run104-pending] captures=0 scoped=0 first= only=none pendingCount=0 captureCount=0
[run105] ladder materialization degraded: configured endpoint count must be 1..64
[run104-pending] captures=0 scoped=0 first= only=none pendingCount=0 captureCount=0
[run105] ladder materialization degraded: configured endpoint count must be 1..64
[run104-pending] captures=0 scoped=0 first= only=none pendingCount=0 captureCount=0
[run105] ladder materialization degraded: configured endpoint count must be 1..64
[run104-pending] captures=0 scoped=0 first= only=none pendingCount=0 captureCount=0
[run105] ladder materialization degraded: configured endpoint count must be 1..64
[run104-pending] captures=0 scoped=0 first= only=none pendingCount=0 captureCount=0
[run105] ladder materialization degraded: configured endpoint count must be 1..64
[run104-pending] captures=0 scoped=0 first= only=none pendingCount=0 captureCount=0
[run105] ladder materialization degraded: configured endpoint count must be 1..64
[run104-pending] captures=0 scoped=0 first= only=none pendingCount=0 captureCount=0
[run105] ladder materialization degraded: configured endpoint count must be 1..64
[run104-pending] captures=0 scoped=0 first= only=none pendingCount=0 captureCount=0
[run105] ladder materialization degraded: configured endpoint count must be 1..64
[run104-pending] captures=0 scoped=0 first= only=none pendingCount=0 captureCount=0
[run105] ladder materialization degraded: configured endpoint count must be 1..64
[run104-pending] captures=0 scoped=0 first= only=none pendingCount=0 captureCount=0
[run105] ladder materialization degraded: configured endpoint count must be 1..64
[run104-pending] captures=0 scoped=0 first= only=none pendingCount=0 captureCount=0
[run105] ladder materialization degraded: configured endpoint count must be 1..64
[run104-pending] captures=0 scoped=0 first= only=none pendingCount=0 captureCount=0
[run105] ladder materialization degraded: configured endpoint count must be 1..64
[run104-pending] captures=0 scoped=0 first= only=none pendingCount=0 captureCount=0
[run105] ladder materialization degraded: configured endpoint count must be 1..64
[run104-pending] captures=0 scoped=0 first= only=none pendingCount=0 captureCount=0
[run105] ladder materialization degraded: configured endpoint count must be 1..64
[run104-pending] captures=0 scoped=0 first= only=none pendingCount=0 captureCount=0
[run105] ladder materialization degraded: configured endpoint count must be 1..64
[run104-pending] captures=0 scoped=0 first= only=none pendingCount=0 captureCount=0
[run105] ladder materialization degraded: configured endpoint count must be 1..64
[run104-pending] captures=0 scoped=0 first= only=none pendingCount=0 captureCount=0
[run105] ladder materialization degraded: configured endpoint count must be 1..64
[run104-pending] captures=0 scoped=0 first= only=none pendingCount=0 captureCount=0
[run105] ladder materialization degraded: configured endpoint count must be 1..64
[run104-pending] captures=0 scoped=0 first= only=none pendingCount=0 captureCount=0
[run105] ladder materialization degraded: configured endpoint count must be 1..64
[run104-pending] captures=0 scoped=0 first= only=none pendingCount=0 captureCount=0
[run105] ladder materialization degraded: configured endpoint count must be 1..64
[run104-pending] captures=0 scoped=0 first= only=none pendingCount=0 captureCount=0
[run105] ladder materialization degraded: configured endpoint count must be 1..64
[run104-pending] captures=0 scoped=0 first= only=none pendingCount=0 captureCount=0
[run105] ladder materialization degraded: configured endpoint count must be 1..64
[run104-pending] captures=0 scoped=0 first= only=none pendingCount=0 captureCount=0
[run105] ladder materialization degraded: configured endpoint count must be 1..64
[run104-pending] captures=0 scoped=0 first= only=none pendingCount=0 captureCount=0
[run105] ladder materialization degraded: configured endpoint count must be 1..64
[run104-pending] captures=0 scoped=0 first= only=none pendingCount=0 captureCount=0
[run105] ladder materialization degraded: configured endpoint count must be 1..64
[run104-pending] captures=0 scoped=0 first= only=none pendingCount=0 captureCount=0
[run105] ladder materialization degraded: configured endpoint count must be 1..64
[run104-pending] captures=0 scoped=0 first= only=none pendingCount=0 captureCount=0
[run105] ladder materialization degraded: configured endpoint count must be 1..64
[run104-pending] captures=0 scoped=0 first= only=none pendingCount=0 captureCount=0
[run105] ladder materialization degraded: configured endpoint count must be 1..64
[run104-pending] captures=0 scoped=0 first= only=none pendingCount=0 captureCount=0
[run105] ladder materialization degraded: configured endpoint count must be 1..64
[run104-pending] captures=0 scoped=0 first= only=none pendingCount=0 captureCount=0
[run105] ladder materialization degraded: configured endpoint count must be 1..64
[run104-pending] captures=0 scoped=0 first= only=none pendingCount=0 captureCount=0
[run105] ladder materialization degraded: configured endpoint count must be 1..64
[run104-pending] captures=0 scoped=0 first= only=none pendingCount=0 captureCount=0
[run105] ladder materialization degraded: configured endpoint count must be 1..64
[run104-pending] captures=0 scoped=0 first= only=none pendingCount=0 captureCount=0
[run105] ladder materialization degraded: configured endpoint count must be 1..64
[run104-pending] captures=0 scoped=0 first= only=none pendingCount=0 captureCount=0
[run105] ladder materialization degraded: configured endpoint count must be 1..64
[run104-pending] captures=0 scoped=0 first= only=none pendingCount=0 captureCount=0
[run105] ladder materialization degraded: configured endpoint count must be 1..64
[run104-pending] captures=0 scoped=0 first= only=none pendingCount=0 captureCount=0
[run105] ladder materialization degraded: configured endpoint count must be 1..64
[run104-pending] captures=0 scoped=0 first= only=none pendingCount=0 captureCount=0
[run105] ladder materialization degraded: configured endpoint count must be 1..64
[run104-pending] captures=0 scoped=0 first= only=none pendingCount=0 captureCount=0
[run105] ladder materialization degraded: configured endpoint count must be 1..64
[run104-pending] captures=0 scoped=0 first= only=none pendingCount=0 captureCount=0
[run105] ladder materialization degraded: configured endpoint count must be 1..64
[run104-pending] captures=0 scoped=0 first= only=none pendingCount=0 captureCount=0
[run105] ladder materialization degraded: configured endpoint count must be 1..64
[run104-pending] captures=0 scoped=0 first= only=none pendingCount=0 captureCount=0
[run105] ladder materialization degraded: configured endpoint count must be 1..64
[run104-pending] captures=0 scoped=0 first= only=none pendingCount=0 captureCount=0
[run105] ladder materialization degraded: configured endpoint count must be 1..64
[run104-pending] captures=0 scoped=0 first= only=none pendingCount=0 captureCount=0
[run105] ladder materialization degraded: configured endpoint count must be 1..64
[run104-pending] captures=0 scoped=0 first= only=none pendingCount=0 captureCount=0
[run105] ladder materialization degraded: configured endpoint count must be 1..64
[run104-pending] captures=0 scoped=0 first= only=none pendingCount=0 captureCount=0
[run105] ladder materialization degraded: configured endpoint count must be 1..64
[run104-pending] captures=0 scoped=0 first= only=none pendingCount=0 captureCount=0
[run105] ladder materialization degraded: configured endpoint count must be 1..64
[run104-pending] captures=0 scoped=0 first= only=none pendingCount=0 captureCount=0
[run105] ladder materialization degraded: configured endpoint count must be 1..64
[run104-pending] captures=0 scoped=0 first= only=none pendingCount=0 captureCount=0
[run105] ladder materialization degraded: configured endpoint count must be 1..64
[run104-pending] captures=0 scoped=0 first= only=none pendingCount=0 captureCount=0
[run105] ladder materialization degraded: configured endpoint count must be 1..64
[run104-pending] captures=0 scoped=0 first= only=none pendingCount=0 captureCount=0
[run105] ladder materialization degraded: configured endpoint count must be 1..64
[run104-pending] captures=0 scoped=0 first= only=none pendingCount=0 captureCount=0
[run105] ladder materialization degraded: configured endpoint count must be 1..64
[run104-pending] captures=0 scoped=0 first= only=none pendingCount=0 captureCount=0
[run105] ladder materialization degraded: configured endpoint count must be 1..64
[run104-pending] captures=0 scoped=0 first= only=none pendingCount=0 captureCount=0
[run105] ladder materialization degraded: configured endpoint count must be 1..64
[run104-pending] captures=0 scoped=0 first= only=none pendingCount=0 captureCount=0
[run105] ladder materialization degraded: configured endpoint count must be 1..64
[run104-pending] captures=0 scoped=0 first= only=none pendingCount=0 captureCount=0
[run105] ladder materialization degraded: configured endpoint count must be 1..64
[run104-pending] captures=0 scoped=0 first= only=none pendingCount=0 captureCount=0
[run105] ladder materialization degraded: configured endpoint count must be 1..64
[run104-pending] captures=0 scoped=0 first= only=none pendingCount=0 captureCount=0
[run105] ladder materialization degraded: configured endpoint count must be 1..64
[run104-pending] captures=0 scoped=0 first= only=none pendingCount=0 captureCount=0
[run105] ladder materialization degraded: configured endpoint count must be 1..64
[run104-pending] captures=0 scoped=0 first= only=none pendingCount=0 captureCount=0
[run105] ladder materialization degraded: configured endpoint count must be 1..64
[run104-pending] captures=0 scoped=0 first= only=none pendingCount=0 captureCount=0
[run105] ladder materialization degraded: configured endpoint count must be 1..64
[run104-pending] captures=0 scoped=0 first= only=none pendingCount=0 captureCount=0
[run105] ladder materialization degraded: configured endpoint count must be 1..64
[run104-pending] captures=0 scoped=0 first= only=none pendingCount=0 captureCount=0
[run105] ladder materialization degraded: configured endpoint count must be 1..64
[run104-pending] captures=0 scoped=0 first= only=none pendingCount=0 captureCount=0
[run105] ladder materialization degraded: configured endpoint count must be 1..64
[run104-pending] captures=0 scoped=0 first= only=none pendingCount=0 captureCount=0
[run105] ladder materialization degraded: configured endpoint count must be 1..64
[run104-pending] captures=0 scoped=0 first= only=none pendingCount=0 captureCount=0
[run105] ladder materialization degraded: configured endpoint count must be 1..64
[run104-pending] captures=0 scoped=0 first= only=none pendingCount=0 captureCount=0
[run105] ladder materialization degraded: configured endpoint count must be 1..64
[run104-pending] captures=0 scoped=0 first= only=none pendingCount=0 captureCount=0
[run105] ladder materialization degraded: configured endpoint count must be 1..64
[run104-pending] captures=0 scoped=0 first= only=none pendingCount=0 captureCount=0
[run105] ladder materialization degraded: configured endpoint count must be 1..64
[run104-pending] captures=0 scoped=0 first= only=none pendingCount=0 captureCount=0
[run105] ladder materialization degraded: configured endpoint count must be 1..64
[run104-pending] captures=0 scoped=0 first= only=none pendingCount=0 captureCount=0
[run105] ladder materialization degraded: configured endpoint count must be 1..64
[run104-pending] captures=0 scoped=0 first= only=none pendingCount=0 captureCount=0
[run105] ladder materialization degraded: configured endpoint count must be 1..64
[run104-pending] captures=0 scoped=0 first= only=none pendingCount=0 captureCount=0
[run105] ladder materialization degraded: configured endpoint count must be 1..64
[run104-pending] captures=0 scoped=0 first= only=none pendingCount=0 captureCount=0
[run105] ladder materialization degraded: configured endpoint count must be 1..64
[run104-pending] captures=0 scoped=0 first= only=none pendingCount=0 captureCount=0
[run105] ladder materialization degraded: configured endpoint count must be 1..64
[run104-pending] captures=0 scoped=0 first= only=none pendingCount=0 captureCount=0
[run105] ladder materialization degraded: configured endpoint count must be 1..64
[run104-pending] captures=0 scoped=0 first= only=none pendingCount=0 captureCount=0
[run105] ladder materialization degraded: configured endpoint count must be 1..64
[run104-pending] captures=0 scoped=0 first= only=none pendingCount=0 captureCount=0
[run105] ladder materialization degraded: configured endpoint count must be 1..64
[run104-pending] captures=0 scoped=0 first= only=none pendingCount=0 captureCount=0
[run105] ladder materialization degraded: configured endpoint count must be 1..64
[run104-pending] captures=0 scoped=0 first= only=none pendingCount=0 captureCount=0
[run105] ladder materialization degraded: configured endpoint count must be 1..64
[run104-pending] captures=0 scoped=0 first= only=none pendingCount=0 captureCount=0
[run105] ladder materialization degraded: configured endpoint count must be 1..64
[run104-pending] captures=0 scoped=0 first= only=none pendingCount=0 captureCount=0
[run105] ladder materialization degraded: configured endpoint count must be 1..64
[run104-pending] captures=0 scoped=0 first= only=none pendingCount=0 captureCount=0
[run105] ladder materialization degraded: configured endpoint count must be 1..64
[run104-pending] captures=0 scoped=0 first= only=none pendingCount=0 captureCount=0
[run105] ladder materialization degraded: configured endpoint count must be 1..64
[run104-pending] captures=0 scoped=0 first= only=none pendingCount=0 captureCount=0
[run105] ladder materialization degraded: configured endpoint count must be 1..64
[run104-pending] captures=0 scoped=0 first= only=none pendingCount=0 captureCount=0
[run105] ladder materialization degraded: configured endpoint count must be 1..64
[run104-pending] captures=0 scoped=0 first= only=none pendingCount=0 captureCount=0
[run105] ladder materialization degraded: configured endpoint count must be 1..64
[run104-pending] captures=0 scoped=0 first= only=none pendingCount=0 captureCount=0
[run105] ladder materialization degraded: configured endpoint count must be 1..64
[run104-pending] captures=0 scoped=0 first= only=none pendingCount=0 captureCount=0
[run105] ladder materialization degraded: configured endpoint count must be 1..64
[run104-pending] captures=0 scoped=0 first= only=none pendingCount=0 captureCount=0
[run105] ladder materialization degraded: configured endpoint count must be 1..64
[run104-pending] captures=0 scoped=0 first= only=none pendingCount=0 captureCount=0
[run105] ladder materialization degraded: configured endpoint count must be 1..64
[run104-pending] captures=0 scoped=0 first= only=none pendingCount=0 captureCount=0
[run105] ladder materialization degraded: configured endpoint count must be 1..64
[run104-pending] captures=0 scoped=0 first= only=none pendingCount=0 captureCount=0
[run105] ladder materialization degraded: configured endpoint count must be 1..64
[run104-pending] captures=0 scoped=0 first= only=none pendingCount=0 captureCount=0
[run105] ladder materialization degraded: configured endpoint count must be 1..64
[run104-pending] captures=0 scoped=0 first= only=none pendingCount=0 captureCount=0
[run105] ladder materialization degraded: configured endpoint count must be 1..64
[run104-pending] captures=0 scoped=0 first= only=none pendingCount=0 captureCount=0
[run105] ladder materialization degraded: configured endpoint count must be 1..64
[run104-pending] captures=0 scoped=0 first= only=none pendingCount=0 captureCount=0
[run105] ladder materialization degraded: configured endpoint count must be 1..64
[run104-pending] captures=0 scoped=0 first= only=none pendingCount=0 captureCount=0
[run105] ladder materialization degraded: configured endpoint count must be 1..64
[run104-pending] captures=0 scoped=0 first= only=none pendingCount=0 captureCount=0
[run105] ladder materialization degraded: configured endpoint count must be 1..64
[run104-pending] captures=0 scoped=0 first= only=none pendingCount=0 captureCount=0
[run105] ladder materialization degraded: configured endpoint count must be 1..64
[run104-pending] captures=0 scoped=0 first= only=none pendingCount=0 captureCount=0
[run105] ladder materialization degraded: configured endpoint count must be 1..64
[run104-pending] captures=0 scoped=0 first= only=none pendingCount=0 captureCount=0
[run105] ladder materialization degraded: configured endpoint count must be 1..64
[run104-pending] captures=0 scoped=0 first= only=none pendingCount=0 captureCount=0
[run105] ladder materialization degraded: configured endpoint count must be 1..64
[run104-pending] captures=0 scoped=0 first= only=none pendingCount=0 captureCount=0
[run105] ladder materialization degraded: configured endpoint count must be 1..64
[run104-pending] captures=0 scoped=0 first= only=none pendingCount=0 captureCount=0
[run105] ladder materialization degraded: configured endpoint count must be 1..64
[run104-pending] captures=0 scoped=0 first= only=none pendingCount=0 captureCount=0
[run105] ladder materialization degraded: configured endpoint count must be 1..64
[run104-pending] captures=0 scoped=0 first= only=none pendingCount=0 captureCount=0
[run105] ladder materialization degraded: configured endpoint count must be 1..64
[run104-pending] captures=0 scoped=0 first= only=none pendingCount=0 captureCount=0
[run105] ladder materialization degraded: configured endpoint count must be 1..64
[run104-pending] captures=0 scoped=0 first= only=none pendingCount=0 captureCount=0
[run105] ladder materialization degraded: configured endpoint count must be 1..64
[run104-pending] captures=0 scoped=0 first= only=none pendingCount=0 captureCount=0
[run105] ladder materialization degraded: configured endpoint count must be 1..64
[run104-pending] captures=0 scoped=0 first= only=none pendingCount=0 captureCount=0
[run105] ladder materialization degraded: configured endpoint count must be 1..64
[run104-pending] captures=0 scoped=0 first= only=none pendingCount=0 captureCount=0
[run105] ladder materialization degraded: configured endpoint count must be 1..64
[run104-pending] captures=0 scoped=0 first= only=none pendingCount=0 captureCount=0
[run105] ladder materialization degraded: configured endpoint count must be 1..64
[run104-pending] captures=0 scoped=0 first= only=none pendingCount=0 captureCount=0
[run105] ladder materialization degraded: configured endpoint count must be 1..64
[run104-pending] captures=0 scoped=0 first= only=none pendingCount=0 captureCount=0
[run105] ladder materialization degraded: configured endpoint count must be 1..64
[run104-pending] captures=0 scoped=0 first= only=none pendingCount=0 captureCount=0
[run105] ladder materialization degraded: configured endpoint count must be 1..64
[run104-pending] captures=0 scoped=0 first= only=none pendingCount=0 captureCount=0
[run105] ladder materialization degraded: configured endpoint count must be 1..64
[run104-pending] captures=0 scoped=0 first= only=none pendingCount=0 captureCount=0
[run105] ladder materialization degraded: configured endpoint count must be 1..64
[run104-pending] captures=0 scoped=0 first= only=none pendingCount=0 captureCount=0
[run105] ladder materialization degraded: configured endpoint count must be 1..64
[run104-pending] captures=0 scoped=0 first= only=none pendingCount=0 captureCount=0
[run105] ladder materialization degraded: configured endpoint count must be 1..64
[run104-pending] captures=0 scoped=0 first= only=none pendingCount=0 captureCount=0
[run105] ladder materialization degraded: configured endpoint count must be 1..64
[run104-pending] captures=0 scoped=0 first= only=none pendingCount=0 captureCount=0
[run105] ladder materialization degraded: configured endpoint count must be 1..64
[run104-pending] captures=0 scoped=0 first= only=none pendingCount=0 captureCount=0
[run105] ladder materialization degraded: configured endpoint count must be 1..64
[run104-pending] captures=0 scoped=0 first= only=none pendingCount=0 captureCount=0
[run105] ladder materialization degraded: configured endpoint count must be 1..64
[run104-pending] captures=0 scoped=0 first= only=none pendingCount=0 captureCount=0
[run105] ladder materialization degraded: configured endpoint count must be 1..64
[run104-pending] captures=0 scoped=0 first= only=none pendingCount=0 captureCount=0
[run105] ladder materialization degraded: configured endpoint count must be 1..64
[run104-pending] captures=0 scoped=0 first= only=none pendingCount=0 captureCount=0
[run105] ladder materialization degraded: configured endpoint count must be 1..64
[run104-pending] captures=0 scoped=0 first= only=none pendingCount=0 captureCount=0
[run105] ladder materialization degraded: configured endpoint count must be 1..64
[run104-pending] captures=0 scoped=0 first= only=none pendingCount=0 captureCount=0
[run105] ladder materialization degraded: configured endpoint count must be 1..64
[run104-pending] captures=0 scoped=0 first= only=none pendingCount=0 captureCount=0
[run105] ladder materialization degraded: configured endpoint count must be 1..64
[run104-pending] captures=0 scoped=0 first= only=none pendingCount=0 captureCount=0
[run105] ladder materialization degraded: configured endpoint count must be 1..64
[run104-pending] captures=0 scoped=0 first= only=none pendingCount=0 captureCount=0
[run105] ladder materialization degraded: configured endpoint count must be 1..64
[run104-pending] captures=0 scoped=0 first= only=none pendingCount=0 captureCount=0
[run105] ladder materialization degraded: configured endpoint count must be 1..64
[run104-pending] captures=0 scoped=0 first= only=none pendingCount=0 captureCount=0
[run105] ladder materialization degraded: configured endpoint count must be 1..64
[run104-pending] captures=0 scoped=0 first= only=none pendingCount=0 captureCount=0
[run105] ladder materialization degraded: configured endpoint count must be 1..64
[run104-pending] captures=0 scoped=0 first= only=none pendingCount=0 captureCount=0
[run105] ladder materialization degraded: configured endpoint count must be 1..64
[run104-pending] captures=0 scoped=0 first= only=none pendingCount=0 captureCount=0
[run105] ladder materialization degraded: configured endpoint count must be 1..64
[run104-pending] captures=0 scoped=0 first= only=none pendingCount=0 captureCount=0
[run105] ladder materialization degraded: configured endpoint count must be 1..64
[run104-pending] captures=0 scoped=0 first= only=none pendingCount=0 captureCount=0
[run105] ladder materialization degraded: configured endpoint count must be 1..64
[run104-pending] captures=0 scoped=0 first= only=none pendingCount=0 captureCount=0
[run105] ladder materialization degraded: configured endpoint count must be 1..64
[run104-pending] captures=0 scoped=0 first= only=none pendingCount=0 captureCount=0
[run105] ladder materialization degraded: configured endpoint count must be 1..64
[run104-pending] captures=0 scoped=0 first= only=none pendingCount=0 captureCount=0
[run105] ladder materialization degraded: configured endpoint count must be 1..64
[run104-pending] captures=0 scoped=0 first= only=none pendingCount=0 captureCount=0
[run105] ladder materialization degraded: configured endpoint count must be 1..64
[run104-pending] captures=0 scoped=0 first= only=none pendingCount=0 captureCount=0
[run105] ladder materialization degraded: configured endpoint count must be 1..64
[run104-pending] captures=0 scoped=0 first= only=none pendingCount=0 captureCount=0
[run105] ladder materialization degraded: configured endpoint count must be 1..64
[run104-pending] captures=0 scoped=0 first= only=none pendingCount=0 captureCount=0
[run105] ladder materialization degraded: configured endpoint count must be 1..64
[run104-pending] captures=0 scoped=0 first= only=none pendingCount=0 captureCount=0
[run105] ladder materialization degraded: configured endpoint count must be 1..64
[run104-pending] captures=0 scoped=0 first= only=none pendingCount=0 captureCount=0
[run105] ladder materialization degraded: configured endpoint count must be 1..64
[run104-pending] captures=0 scoped=0 first= only=none pendingCount=0 captureCount=0
[run105] ladder materialization degraded: configured endpoint count must be 1..64
[run104-pending] captures=0 scoped=0 first= only=none pendingCount=0 captureCount=0
[run105] ladder materialization degraded: configured endpoint count must be 1..64
[run104-pending] captures=0 scoped=0 first= only=none pendingCount=0 captureCount=0
[run105] ladder materialization degraded: configured endpoint count must be 1..64
[run104-pending] captures=0 scoped=0 first= only=none pendingCount=0 captureCount=0
[run105] ladder materialization degraded: configured endpoint count must be 1..64
[run104-pending] captures=0 scoped=0 first= only=none pendingCount=0 captureCount=0
[run105] ladder materialization degraded: configured endpoint count must be 1..64
[run104-pending] captures=0 scoped=0 first= only=none pendingCount=0 captureCount=0
[run105] ladder materialization degraded: configured endpoint count must be 1..64
[run104-pending] captures=0 scoped=0 first= only=none pendingCount=0 captureCount=0
[run105] ladder materialization degraded: configured endpoint count must be 1..64
[run104-pending] captures=0 scoped=0 first= only=none pendingCount=0 captureCount=0
[run105] ladder materialization degraded: configured endpoint count must be 1..64
[run104-pending] captures=0 scoped=0 first= only=none pendingCount=0 captureCount=0
[run105] ladder materialization degraded: configured endpoint count must be 1..64
[run104-pending] captures=0 scoped=0 first= only=none pendingCount=0 captureCount=0
[run105] ladder materialization degraded: configured endpoint count must be 1..64
[run104-pending] captures=0 scoped=0 first= only=none pendingCount=0 captureCount=0
[run105] ladder materialization degraded: configured endpoint count must be 1..64
[run104-pending] captures=0 scoped=0 first= only=none pendingCount=0 captureCount=0
[run105] ladder materialization degraded: configured endpoint count must be 1..64
[run104-pending] captures=0 scoped=0 first= only=none pendingCount=0 captureCount=0
[run105] ladder materialization degraded: configured endpoint count must be 1..64
[run104-pending] captures=0 scoped=0 first= only=none pendingCount=0 captureCount=0
[run105] ladder materialization degraded: configured endpoint count must be 1..64
[run104-pending] captures=0 scoped=0 first= only=none pendingCount=0 captureCount=0
[run105] ladder materialization degraded: configured endpoint count must be 1..64
[run104-pending] captures=0 scoped=0 first= only=none pendingCount=0 captureCount=0
[run105] ladder materialization degraded: configured endpoint count must be 1..64
[run104-pending] captures=0 scoped=0 first= only=none pendingCount=0 captureCount=0
[run105] ladder materialization degraded: configured endpoint count must be 1..64
[run104-pending] captures=0 scoped=0 first= only=none pendingCount=0 captureCount=0
[run105] ladder materialization degraded: configured endpoint count must be 1..64
[run104-pending] captures=0 scoped=0 first= only=none pendingCount=0 captureCount=0
[run105] ladder materialization degraded: configured endpoint count must be 1..64
[run104-pending] captures=0 scoped=0 first= only=none pendingCount=0 captureCount=0
[run105] ladder materialization degraded: configured endpoint count must be 1..64
[run104-pending] captures=0 scoped=0 first= only=none pendingCount=0 captureCount=0
[run105] ladder materialization degraded: configured endpoint count must be 1..64
[run104-pending] captures=0 scoped=0 first= only=none pendingCount=0 captureCount=0
[run105] ladder materialization degraded: configured endpoint count must be 1..64
[run104-pending] captures=0 scoped=0 first= only=none pendingCount=0 captureCount=0
[run105] ladder materialization degraded: configured endpoint count must be 1..64
[run104-pending] captures=0 scoped=0 first= only=none pendingCount=0 captureCount=0
[run105] ladder materialization degraded: configured endpoint count must be 1..64
[run104-pending] captures=0 scoped=0 first= only=none pendingCount=0 captureCount=0
[run105] ladder materialization degraded: configured endpoint count must be 1..64
[run104-pending] captures=0 scoped=0 first= only=none pendingCount=0 captureCount=0
[run105] ladder materialization degraded: configured endpoint count must be 1..64
[run104-pending] captures=0 scoped=0 first= only=none pendingCount=0 captureCount=0
[run105] ladder materialization degraded: configured endpoint count must be 1..64
[run104-pending] captures=0 scoped=0 first= only=none pendingCount=0 captureCount=0
[run105] ladder materialization degraded: configured endpoint count must be 1..64
[run104-pending] captures=0 scoped=0 first= only=none pendingCount=0 captureCount=0
[run105] ladder materialization degraded: configured endpoint count must be 1..64
[run104-pending] captures=0 scoped=0 first= only=none pendingCount=0 captureCount=0
[run105] ladder materialization degraded: configured endpoint count must be 1..64
[run104-pending] captures=0 scoped=0 first= only=none pendingCount=0 captureCount=0
[run105] ladder materialization degraded: configured endpoint count must be 1..64
[run104-pending] captures=0 scoped=0 first= only=none pendingCount=0 captureCount=0
[run105] ladder materialization degraded: configured endpoint count must be 1..64
[run104-pending] captures=0 scoped=0 first= only=none pendingCount=0 captureCount=0
[run105] ladder materialization degraded: configured endpoint count must be 1..64
[run104-pending] captures=0 scoped=0 first= only=none pendingCount=0 captureCount=0
[run105] ladder materialization degraded: configured endpoint count must be 1..64
[run104-pending] captures=0 scoped=0 first= only=none pendingCount=0 captureCount=0
[run105] ladder materialization degraded: configured endpoint count must be 1..64
[run104-pending] captures=0 scoped=0 first= only=none pendingCount=0 captureCount=0
[run105] ladder materialization degraded: configured endpoint count must be 1..64
[run104-pending] captures=0 scoped=0 first= only=none pendingCount=0 captureCount=0
[run105] ladder materialization degraded: configured endpoint count must be 1..64
[run104-pending] captures=0 scoped=0 first= only=none pendingCount=0 captureCount=0
[run105] ladder materialization degraded: configured endpoint count must be 1..64
[run104-pending] captures=0 scoped=0 first= only=none pendingCount=0 captureCount=0
[run105] ladder materialization degraded: configured endpoint count must be 1..64
[run104-pending] captures=0 scoped=0 first= only=none pendingCount=0 captureCount=0
[run105] ladder materialization degraded: configured endpoint count must be 1..64
[run104-pending] captures=0 scoped=0 first= only=none pendingCount=0 captureCount=0
[run105] ladder materialization degraded: configured endpoint count must be 1..64
[run104-pending] captures=0 scoped=0 first= only=none pendingCount=0 captureCount=0
[run105] ladder materialization degraded: configured endpoint count must be 1..64
[run104-pending] captures=0 scoped=0 first= only=none pendingCount=0 captureCount=0
[run105] ladder materialization degraded: configured endpoint count must be 1..64
[run104-pending] captures=0 scoped=0 first= only=none pendingCount=0 captureCount=0
[run105] ladder materialization degraded: configured endpoint count must be 1..64
[run104-pending] captures=0 scoped=0 first= only=none pendingCount=0 captureCount=0
[run105] ladder materialization degraded: configured endpoint count must be 1..64
[run104-pending] captures=0 scoped=0 first= only=none pendingCount=0 captureCount=0
[run105] ladder materialization degraded: configured endpoint count must be 1..64
[run104-pending] captures=0 scoped=0 first= only=none pendingCount=0 captureCount=0
[run105] ladder materialization degraded: configured endpoint count must be 1..64
[run104-pending] captures=0 scoped=0 first= only=none pendingCount=0 captureCount=0
[run105] ladder materialization degraded: configured endpoint count must be 1..64
[run104-pending] captures=0 scoped=0 first= only=none pendingCount=0 captureCount=0
[run105] ladder materialization degraded: configured endpoint count must be 1..64
[run104-pending] captures=0 scoped=0 first= only=none pendingCount=0 captureCount=0
[run105] ladder materialization degraded: configured endpoint count must be 1..64
[run104-pending] captures=0 scoped=0 first= only=none pendingCount=0 captureCount=0
[run105] ladder materialization degraded: configured endpoint count must be 1..64
[run104-pending] captures=0 scoped=0 first= only=none pendingCount=0 captureCount=0
[run105] ladder materialization degraded: configured endpoint count must be 1..64
[run104-pending] captures=0 scoped=0 first= only=none pendingCount=0 captureCount=0
[run105] ladder materialization degraded: configured endpoint count must be 1..64
[run104-pending] captures=0 scoped=0 first= only=none pendingCount=0 captureCount=0
[run105] ladder materialization degraded: configured endpoint count must be 1..64
[run104-pending] captures=0 scoped=0 first= only=none pendingCount=0 captureCount=0
[run105] ladder materialization degraded: configured endpoint count must be 1..64
[run104-pending] captures=0 scoped=0 first= only=none pendingCount=0 captureCount=0
[run105] ladder materialization degraded: configured endpoint count must be 1..64
[run104-pending] captures=0 scoped=0 first= only=none pendingCount=0 captureCount=0
[run105] ladder materialization degraded: configured endpoint count must be 1..64
[run104-pending] captures=0 scoped=0 first= only=none pendingCount=0 captureCount=0
[run105] ladder materialization degraded: configured endpoint count must be 1..64
[run104-pending] captures=0 scoped=0 first= only=none pendingCount=0 captureCount=0
[run105] ladder materialization degraded: configured endpoint count must be 1..64
[run104-pending] captures=0 scoped=0 first= only=none pendingCount=0 captureCount=0
[run105] ladder materialization degraded: configured endpoint count must be 1..64
[run104-pending] captures=0 scoped=0 first= only=none pendingCount=0 captureCount=0
[run105] ladder materialization degraded: configured endpoint count must be 1..64
[run104-pending] captures=0 scoped=0 first= only=none pendingCount=0 captureCount=0
[run105] ladder materialization degraded: configured endpoint count must be 1..64
[run104-pending] captures=0 scoped=0 first= only=none pendingCount=0 captureCount=0
[run105] ladder materialization degraded: configured endpoint count must be 1..64
[run104-pending] captures=0 scoped=0 first= only=none pendingCount=0 captureCount=0
[run105] ladder materialization degraded: configured endpoint count must be 1..64
[run104-pending] captures=0 scoped=0 first= only=none pendingCount=0 captureCount=0
[run105] ladder materialization degraded: configured endpoint count must be 1..64
[run104-pending] captures=0 scoped=0 first= only=none pendingCount=0 captureCount=0
[run105] ladder materialization degraded: configured endpoint count must be 1..64
[run104-pending] captures=0 scoped=0 first= only=none pendingCount=0 captureCount=0
[run105] ladder materialization degraded: configured endpoint count must be 1..64
[run104-pending] captures=0 scoped=0 first= only=none pendingCount=0 captureCount=0
[run105] ladder materialization degraded: configured endpoint count must be 1..64
[run104-pending] captures=0 scoped=0 first= only=none pendingCount=0 captureCount=0
[run105] ladder materialization degraded: configured endpoint count must be 1..64
[run104-pending] captures=0 scoped=0 first= only=none pendingCount=0 captureCount=0
[run105] ladder materialization degraded: configured endpoint count must be 1..64
[run104-pending] captures=0 scoped=0 first= only=none pendingCount=0 captureCount=0
[run105] ladder materialization degraded: configured endpoint count must be 1..64
[run104-pending] captures=0 scoped=0 first= only=none pendingCount=0 captureCount=0
[run105] ladder materialization degraded: configured endpoint count must be 1..64
[run104-pending] captures=0 scoped=0 first= only=none pendingCount=0 captureCount=0
[run105] ladder materialization degraded: configured endpoint count must be 1..64
[run104-pending] captures=0 scoped=0 first= only=none pendingCount=0 captureCount=0
[run105] ladder materialization degraded: configured endpoint count must be 1..64
[run104-pending] captures=0 scoped=0 first= only=none pendingCount=0 captureCount=0
[run105] ladder materialization degraded: configured endpoint count must be 1..64
[run104-pending] captures=0 scoped=0 first= only=none pendingCount=0 captureCount=0
[run105] ladder materialization degraded: configured endpoint count must be 1..64
[run104-pending] captures=0 scoped=0 first= only=none pendingCount=0 captureCount=0
[run105] ladder materialization degraded: configured endpoint count must be 1..64
[run104-pending] captures=0 scoped=0 first= only=none pendingCount=0 captureCount=0
[run105] ladder materialization degraded: configured endpoint count must be 1..64
[run104-pending] captures=0 scoped=0 first= only=none pendingCount=0 captureCount=0
[run105] ladder materialization degraded: configured endpoint count must be 1..64
[run104-pending] captures=0 scoped=0 first= only=none pendingCount=0 captureCount=0
[run105] ladder materialization degraded: configured endpoint count must be 1..64
[run104-pending] captures=0 scoped=0 first= only=none pendingCount=0 captureCount=0
[run105] ladder materialization degraded: configured endpoint count must be 1..64
[run104-pending] captures=0 scoped=0 first= only=none pendingCount=0 captureCount=0
[run105] ladder materialization degraded: configured endpoint count must be 1..64
[run104-pending] captures=0 scoped=0 first= only=none pendingCount=0 captureCount=0
[run105] ladder materialization degraded: configured endpoint count must be 1..64
[run104-pending] captures=0 scoped=0 first= only=none pendingCount=0 captureCount=0
[run105] ladder materialization degraded: configured endpoint count must be 1..64
[run104-pending] captures=0 scoped=0 first= only=none pendingCount=0 captureCount=0
[run105] ladder materialization degraded: configured endpoint count must be 1..64
[run104-pending] captures=0 scoped=0 first= only=none pendingCount=0 captureCount=0
[run105] ladder materialization degraded: configured endpoint count must be 1..64
[run104-pending] captures=0 scoped=0 first= only=none pendingCount=0 captureCount=0
[run105] ladder materialization degraded: configured endpoint count must be 1..64
[run104-pending] captures=0 scoped=0 first= only=none pendingCount=0 captureCount=0
[run105] ladder materialization degraded: configured endpoint count must be 1..64
[run104-pending] captures=0 scoped=0 first= only=none pendingCount=0 captureCount=0
[run105] ladder materialization degraded: configured endpoint count must be 1..64
[run104-pending] captures=0 scoped=0 first= only=none pendingCount=0 captureCount=0
[run105] ladder materialization degraded: configured endpoint count must be 1..64
[run104-pending] captures=0 scoped=0 first= only=none pendingCount=0 captureCount=0
[run105] ladder materialization degraded: configured endpoint count must be 1..64
[run104-pending] captures=0 scoped=0 first= only=none pendingCount=0 captureCount=0
[run105] ladder materialization degraded: configured endpoint count must be 1..64
[run104-pending] captures=0 scoped=0 first= only=none pendingCount=0 captureCount=0
[run105] ladder materialization degraded: configured endpoint count must be 1..64
[run104-pending] captures=0 scoped=0 first= only=none pendingCount=0 captureCount=0
[run105] ladder materialization degraded: configured endpoint count must be 1..64
[run104-pending] captures=0 scoped=0 first= only=none pendingCount=0 captureCount=0
[run105] ladder materialization degraded: configured endpoint count must be 1..64
[run104-pending] captures=0 scoped=0 first= only=none pendingCount=0 captureCount=0
[run105] ladder materialization degraded: configured endpoint count must be 1..64
[run104-pending] captures=0 scoped=0 first= only=none pendingCount=0 captureCount=0
[run105] ladder materialization degraded: configured endpoint count must be 1..64
[run104-pending] captures=0 scoped=0 first= only=none pendingCount=0 captureCount=0
[run105] ladder materialization degraded: configured endpoint count must be 1..64
[run104-pending] captures=0 scoped=0 first= only=none pendingCount=0 captureCount=0
[run105] ladder materialization degraded: configured endpoint count must be 1..64
[run104-pending] captures=0 scoped=0 first= only=none pendingCount=0 captureCount=0
[run105] ladder materialization degraded: configured endpoint count must be 1..64
[run104-pending] captures=0 scoped=0 first= only=none pendingCount=0 captureCount=0
[run105] ladder materialization degraded: configured endpoint count must be 1..64
[run104-pending] captures=0 scoped=0 first= only=none pendingCount=0 captureCount=0
[run105] ladder materialization degraded: configured endpoint count must be 1..64
[run104-pending] captures=0 scoped=0 first= only=none pendingCount=0 captureCount=0
[run105] ladder materialization degraded: configured endpoint count must be 1..64
[run104-pending] captures=0 scoped=0 first= only=none pendingCount=0 captureCount=0
[run105] ladder materialization degraded: configured endpoint count must be 1..64
[run104-pending] captures=0 scoped=0 first= only=none pendingCount=0 captureCount=0
[run105] ladder materialization degraded: configured endpoint count must be 1..64
[run104-pending] captures=0 scoped=0 first= only=none pendingCount=0 captureCount=0
[run105] ladder materialization degraded: configured endpoint count must be 1..64
[run104-pending] captures=0 scoped=0 first= only=none pendingCount=0 captureCount=0
[run105] ladder materialization degraded: configured endpoint count must be 1..64
[run104-pending] captures=0 scoped=0 first= only=none pendingCount=0 captureCount=0
[run105] ladder materialization degraded: configured endpoint count must be 1..64
[run104-pending] captures=0 scoped=0 first= only=none pendingCount=0 captureCount=0
[run105] ladder materialization degraded: configured endpoint count must be 1..64
[run104-pending] captures=0 scoped=0 first= only=none pendingCount=0 captureCount=0
[run105] ladder materialization degraded: configured endpoint count must be 1..64
[run104-pending] captures=0 scoped=0 first= only=none pendingCount=0 captureCount=0
[run105] ladder materialization degraded: configured endpoint count must be 1..64
[run104-pending] captures=0 scoped=0 first= only=none pendingCount=0 captureCount=0
[run105] ladder materialization degraded: configured endpoint count must be 1..64
[run104-pending] captures=0 scoped=0 first= only=none pendingCount=0 captureCount=0
[run105] ladder materialization degraded: configured endpoint count must be 1..64
[run104-pending] captures=0 scoped=0 first= only=none pendingCount=0 captureCount=0
[run105] ladder materialization degraded: configured endpoint count must be 1..64
[run104-pending] captures=0 scoped=0 first= only=none pendingCount=0 captureCount=0
[run105] ladder materialization degraded: configured endpoint count must be 1..64
[run104-pending] captures=0 scoped=0 first= only=none pendingCount=0 captureCount=0
[run105] ladder materialization degraded: configured endpoint count must be 1..64
[run104-pending] captures=0 scoped=0 first= only=none pendingCount=0 captureCount=0
[run105] ladder materialization degraded: configured endpoint count must be 1..64
[run104-pending] captures=0 scoped=0 first= only=none pendingCount=0 captureCount=0
[run105] ladder materialization degraded: configured endpoint count must be 1..64
[run104-pending] captures=0 scoped=0 first= only=none pendingCount=0 captureCount=0
[run105] ladder materialization degraded: configured endpoint count must be 1..64
[run104-pending] captures=0 scoped=0 first= only=none pendingCount=0 captureCount=0
[run105] ladder materialization degraded: configured endpoint count must be 1..64
[run104-pending] captures=0 scoped=0 first= only=none pendingCount=0 captureCount=0
[run105] ladder materialization degraded: configured endpoint count must be 1..64
[run104-pending] captures=0 scoped=0 first= only=none pendingCount=0 captureCount=0
[run105] ladder materialization degraded: configured endpoint count must be 1..64
[run104-pending] captures=0 scoped=0 first= only=none pendingCount=0 captureCount=0
[run105] ladder materialization degraded: configured endpoint count must be 1..64
[run104-pending] captures=0 scoped=0 first= only=none pendingCount=0 captureCount=0
[run105] ladder materialization degraded: configured endpoint count must be 1..64
[run104-pending] captures=0 scoped=0 first= only=none pendingCount=0 captureCount=0
[run105] ladder materialization degraded: configured endpoint count must be 1..64
[run104-pending] captures=0 scoped=0 first= only=none pendingCount=0 captureCount=0
[run105] ladder materialization degraded: configured endpoint count must be 1..64
[run104-pending] captures=0 scoped=0 first= only=none pendingCount=0 captureCount=0
[run105] ladder materialization degraded: configured endpoint count must be 1..64
[run104-pending] captures=0 scoped=0 first= only=none pendingCount=0 captureCount=0
[run105] ladder materialization degraded: configured endpoint count must be 1..64
[run104-pending] captures=0 scoped=0 first= only=none pendingCount=0 captureCount=0
[run105] ladder materialization degraded: configured endpoint count must be 1..64
[run104-pending] captures=0 scoped=0 first= only=none pendingCount=0 captureCount=0
[run105] ladder materialization degraded: configured endpoint count must be 1..64
[run104-pending] captures=0 scoped=0 first= only=none pendingCount=0 captureCount=0
[run105] ladder materialization degraded: configured endpoint count must be 1..64
[run104-pending] captures=0 scoped=0 first= only=none pendingCount=0 captureCount=0
[run105] ladder materialization degraded: configured endpoint count must be 1..64
[run104-pending] captures=0 scoped=0 first= only=none pendingCount=0 captureCount=0
[run105] ladder materialization degraded: configured endpoint count must be 1..64
[run104-pending] captures=0 scoped=0 first= only=none pendingCount=0 captureCount=0
[run105] ladder materialization degraded: configured endpoint count must be 1..64
[run104-pending] captures=0 scoped=0 first= only=none pendingCount=0 captureCount=0
[run105] ladder materialization degraded: configured endpoint count must be 1..64
[run104-pending] captures=0 scoped=0 first= only=none pendingCount=0 captureCount=0
[run105] ladder materialization degraded: configured endpoint count must be 1..64
[run104-pending] captures=0 scoped=0 first= only=none pendingCount=0 captureCount=0
[run105] ladder materialization degraded: configured endpoint count must be 1..64
[run104-pending] captures=0 scoped=0 first= only=none pendingCount=0 captureCount=0
[run105] ladder materialization degraded: configured endpoint count must be 1..64
[run104-pending] captures=0 scoped=0 first= only=none pendingCount=0 captureCount=0
[run105] ladder materialization degraded: configured endpoint count must be 1..64
[run104-pending] captures=0 scoped=0 first= only=none pendingCount=0 captureCount=0
[run105] ladder materialization degraded: configured endpoint count must be 1..64
[run104-pending] captures=0 scoped=0 first= only=none pendingCount=0 captureCount=0
[run105] ladder materialization degraded: configured endpoint count must be 1..64
[run104-pending] captures=0 scoped=0 first= only=none pendingCount=0 captureCount=0
[run105] ladder materialization degraded: configured endpoint count must be 1..64
[run104-pending] captures=0 scoped=0 first= only=none pendingCount=0 captureCount=0
[run105] ladder materialization degraded: configured endpoint count must be 1..64
[run104-pending] captures=0 scoped=0 first= only=none pendingCount=0 captureCount=0
[run105] ladder materialization degraded: configured endpoint count must be 1..64
[run104-pending] captures=0 scoped=0 first= only=none pendingCount=0 captureCount=0
[run105] ladder materialization degraded: configured endpoint count must be 1..64
[run104-pending] captures=0 scoped=0 first= only=none pendingCount=0 captureCount=0
[run105] ladder materialization degraded: configured endpoint count must be 1..64
[run104-pending] captures=0 scoped=0 first= only=none pendingCount=0 captureCount=0
[run105] ladder materialization degraded: configured endpoint count must be 1..64
[run104-pending] captures=0 scoped=0 first= only=none pendingCount=0 captureCount=0
[run105] ladder materialization degraded: configured endpoint count must be 1..64
[run104-pending] captures=0 scoped=0 first= only=none pendingCount=0 captureCount=0
[run105] ladder materialization degraded: configured endpoint count must be 1..64
[run104-pending] captures=0 scoped=0 first= only=none pendingCount=0 captureCount=0
[run105] ladder materialization degraded: configured endpoint count must be 1..64
[run104-pending] captures=0 scoped=0 first= only=none pendingCount=0 captureCount=0
[run105] ladder materialization degraded: configured endpoint count must be 1..64
[run104-pending] captures=0 scoped=0 first= only=none pendingCount=0 captureCount=0
[run105] ladder materialization degraded: configured endpoint count must be 1..64
[run104-pending] captures=0 scoped=0 first= only=none pendingCount=0 captureCount=0
[run105] ladder materialization degraded: configured endpoint count must be 1..64
[run104-pending] captures=0 scoped=0 first= only=none pendingCount=0 captureCount=0
[run105] ladder materialization degraded: configured endpoint count must be 1..64
[run104-pending] captures=0 scoped=0 first= only=none pendingCount=0 captureCount=0
[run105] ladder materialization degraded: configured endpoint count must be 1..64
[run104-pending] captures=0 scoped=0 first= only=none pendingCount=0 captureCount=0
[run105] ladder materialization degraded: configured endpoint count must be 1..64
[run104-pending] captures=0 scoped=0 first= only=none pendingCount=0 captureCount=0
[run105] ladder materialization degraded: configured endpoint count must be 1..64
[run104-pending] captures=0 scoped=0 first= only=none pendingCount=0 captureCount=0
[run105] ladder materialization degraded: configured endpoint count must be 1..64
[run104-pending] captures=0 scoped=0 first= only=none pendingCount=0 captureCount=0
[run105] ladder materialization degraded: configured endpoint count must be 1..64
[run104-pending] captures=0 scoped=0 first= only=none pendingCount=0 captureCount=0
[run105] ladder materialization degraded: configured endpoint count must be 1..64
[run104-pending] captures=0 scoped=0 first= only=none pendingCount=0 captureCount=0
[run105] ladder materialization degraded: configured endpoint count must be 1..64
[run104-pending] captures=0 scoped=0 first= only=none pendingCount=0 captureCount=0
[run105] ladder materialization degraded: configured endpoint count must be 1..64
[run104-pending] captures=0 scoped=0 first= only=none pendingCount=0 captureCount=0
[run105] ladder materialization degraded: configured endpoint count must be 1..64
[run104-pending] captures=0 scoped=0 first= only=none pendingCount=0 captureCount=0
[run105] ladder materialization degraded: configured endpoint count must be 1..64
[run104-pending] captures=0 scoped=0 first= only=none pendingCount=0 captureCount=0
[run105] ladder materialization degraded: configured endpoint count must be 1..64
[run104-pending] captures=0 scoped=0 first= only=none pendingCount=0 captureCount=0
[run105] ladder materialization degraded: configured endpoint count must be 1..64
[run104-pending] captures=0 scoped=0 first= only=none pendingCount=0 captureCount=0
[run105] ladder materialization degraded: configured endpoint count must be 1..64
[run104-pending] captures=0 scoped=0 first= only=none pendingCount=0 captureCount=0
[run105] ladder materialization degraded: configured endpoint count must be 1..64
[run104-pending] captures=0 scoped=0 first= only=none pendingCount=0 captureCount=0
[run105] ladder materialization degraded: configured endpoint count must be 1..64
[run104-pending] captures=0 scoped=0 first= only=none pendingCount=0 captureCount=0
[run105] ladder materialization degraded: configured endpoint count must be 1..64
[run104-pending] captures=0 scoped=0 first= only=none pendingCount=0 captureCount=0
[run105] ladder materialization degraded: configured endpoint count must be 1..64
[run104-pending] captures=0 scoped=0 first= only=none pendingCount=0 captureCount=0
[run105] ladder materialization degraded: configured endpoint count must be 1..64
[run104-pending] captures=0 scoped=0 first= only=none pendingCount=0 captureCount=0
[run105] ladder materialization degraded: configured endpoint count must be 1..64
[run104-pending] captures=0 scoped=0 first= only=none pendingCount=0 captureCount=0
[run105] ladder materialization degraded: configured endpoint count must be 1..64
[run104-pending] captures=0 scoped=0 first= only=none pendingCount=0 captureCount=0
[run105] ladder materialization degraded: configured endpoint count must be 1..64
[run104-pending] captures=0 scoped=0 first= only=none pendingCount=0 captureCount=0
[run105] ladder materialization degraded: configured endpoint count must be 1..64
[run104-pending] captures=0 scoped=0 first= only=none pendingCount=0 captureCount=0
[run105] ladder materialization degraded: configured endpoint count must be 1..64
[run104-pending] captures=0 scoped=0 first= only=none pendingCount=0 captureCount=0
[run105] ladder materialization degraded: configured endpoint count must be 1..64
[run104-pending] captures=0 scoped=0 first= only=none pendingCount=0 captureCount=0
[run105] ladder materialization degraded: configured endpoint count must be 1..64
[run104-pending] captures=0 scoped=0 first= only=none pendingCount=0 captureCount=0
[run105] ladder materialization degraded: configured endpoint count must be 1..64
[run104-pending] captures=0 scoped=0 first= only=none pendingCount=0 captureCount=0
[run105] ladder materialization degraded: configured endpoint count must be 1..64
[run104-pending] captures=0 scoped=0 first= only=none pendingCount=0 captureCount=0
[run105] ladder materialization degraded: configured endpoint count must be 1..64
[run104-pending] captures=0 scoped=0 first= only=none pendingCount=0 captureCount=0
[run105] ladder materialization degraded: configured endpoint count must be 1..64
[run104-pending] captures=0 scoped=0 first= only=none pendingCount=0 captureCount=0
[run105] ladder materialization degraded: configured endpoint count must be 1..64
[run104-pending] captures=0 scoped=0 first= only=none pendingCount=0 captureCount=0
[run105] ladder materialization degraded: configured endpoint count must be 1..64
[run104-pending] captures=0 scoped=0 first= only=none pendingCount=0 captureCount=0
[run105] ladder materialization degraded: configured endpoint count must be 1..64
[run104-pending] captures=0 scoped=0 first= only=none pendingCount=0 captureCount=0
[run105] ladder materialization degraded: configured endpoint count must be 1..64
[run104-pending] captures=0 scoped=0 first= only=none pendingCount=0 captureCount=0
[run105] ladder materialization degraded: configured endpoint count must be 1..64
[run104-pending] captures=0 scoped=0 first= only=none pendingCount=0 captureCount=0
[run105] ladder materialization degraded: configured endpoint count must be 1..64
[run104-pending] captures=0 scoped=0 first= only=none pendingCount=0 captureCount=0
[run105] ladder materialization degraded: configured endpoint count must be 1..64
[run104-pending] captures=0 scoped=0 first= only=none pendingCount=0 captureCount=0
[run105] ladder materialization degraded: configured endpoint count must be 1..64
[run104-pending] captures=0 scoped=0 first= only=none pendingCount=0 captureCount=0
[run105] ladder materialization degraded: configured endpoint count must be 1..64
[run104-pending] captures=0 scoped=0 first= only=none pendingCount=0 captureCount=0
[run105] ladder materialization degraded: configured endpoint count must be 1..64
[run104-pending] captures=0 scoped=0 first= only=none pendingCount=0 captureCount=0
[run105] ladder materialization degraded: configured endpoint count must be 1..64
[run104-pending] captures=0 scoped=0 first= only=none pendingCount=0 captureCount=0
[run105] ladder materialization degraded: configured endpoint count must be 1..64
[run104-pending] captures=0 scoped=0 first= only=none pendingCount=0 captureCount=0
[run105] ladder materialization degraded: configured endpoint count must be 1..64
[run104-pending] captures=0 scoped=0 first= only=none pendingCount=0 captureCount=0
[run105] ladder materialization degraded: configured endpoint count must be 1..64
[run104-pending] captures=0 scoped=0 first= only=none pendingCount=0 captureCount=0
[run105] ladder materialization degraded: configured endpoint count must be 1..64
[run104-pending] captures=0 scoped=0 first= only=none pendingCount=0 captureCount=0
[run105] ladder materialization degraded: configured endpoint count must be 1..64
[run104-pending] captures=0 scoped=0 first= only=none pendingCount=0 captureCount=0
[run105] ladder materialization degraded: configured endpoint count must be 1..64
[run104-pending] captures=0 scoped=0 first= only=none pendingCount=0 captureCount=0
[run105] ladder materialization degraded: configured endpoint count must be 1..64
[run104-pending] captures=0 scoped=0 first= only=none pendingCount=0 captureCount=0
[run105] ladder materialization degraded: configured endpoint count must be 1..64
[run104-pending] captures=0 scoped=0 first= only=none pendingCount=0 captureCount=0
[run105] ladder materialization degraded: configured endpoint count must be 1..64
[run104-pending] captures=0 scoped=0 first= only=none pendingCount=0 captureCount=0
[run105] ladder materialization degraded: configured endpoint count must be 1..64
[run104-pending] captures=0 scoped=0 first= only=none pendingCount=0 captureCount=0
[run105] ladder materialization degraded: configured endpoint count must be 1..64
[run104-pending] captures=0 scoped=0 first= only=none pendingCount=0 captureCount=0
[run105] ladder materialization degraded: configured endpoint count must be 1..64
[run104-pending] captures=0 scoped=0 first= only=none pendingCount=0 captureCount=0
[run105] ladder materialization degraded: configured endpoint count must be 1..64
[run104-pending] captures=0 scoped=0 first= only=none pendingCount=0 captureCount=0
[run105] ladder materialization degraded: configured endpoint count must be 1..64
[run104-pending] captures=0 scoped=0 first= only=none pendingCount=0 captureCount=0
[run105] ladder materialization degraded: configured endpoint count must be 1..64
[run104-pending] captures=0 scoped=0 first= only=none pendingCount=0 captureCount=0
[run105] ladder materialization degraded: configured endpoint count must be 1..64
[run104-pending] captures=0 scoped=0 first= only=none pendingCount=0 captureCount=0
[run105] ladder materialization degraded: configured endpoint count must be 1..64
[run104-pending] captures=0 scoped=0 first= only=none pendingCount=0 captureCount=0
[run105] ladder materialization degraded: configured endpoint count must be 1..64
[run104-pending] captures=0 scoped=0 first= only=none pendingCount=0 captureCount=0
[run105] ladder materialization degraded: configured endpoint count must be 1..64
[run104-pending] captures=0 scoped=0 first= only=none pendingCount=0 captureCount=0
[run105] ladder materialization degraded: configured endpoint count must be 1..64
[run104-pending] captures=0 scoped=0 first= only=none pendingCount=0 captureCount=0
[run105] ladder materialization degraded: configured endpoint count must be 1..64
[run104-pending] captures=0 scoped=0 first= only=none pendingCount=0 captureCount=0
[run105] ladder materialization degraded: configured endpoint count must be 1..64
[run104-pending] captures=0 scoped=0 first= only=none pendingCount=0 captureCount=0
[run105] ladder materialization degraded: configured endpoint count must be 1..64
[run104-pending] captures=0 scoped=0 first= only=none pendingCount=0 captureCount=0
[run105] ladder materialization degraded: configured endpoint count must be 1..64
[run104-pending] captures=0 scoped=0 first= only=none pendingCount=0 captureCount=0
[run104-pending] captures=0 scoped=0 first= only=none pendingCount=0 captureCount=0
[run104-pending] captures=0 scoped=0 first= only=none pendingCount=0 captureCount=0
[run104-pending] captures=0 scoped=0 first= only=none pendingCount=0 captureCount=0
[run99] live advisory miss: stage=S4 channel=development scope=standalone-runtime-dev
[run115] eligibility candidates=2 eligible=2 codes=none request=req-e087e7e5-ff39-49d8-affa-3505d78e9725 alias=difficulty.remote-only model=difficulty.remote-only effort=- pass=live allow=[deepseek.personal.deepseek-api-key.global.deepseek-flash,deepseek.personal.deepseek-api-key.global.deepseek-v4-pro] denied=[]
[track-b-sidecar] [run140] profile invoke capability=profile:current-estimate scope=standalone-runtime-dev sessionId=operator filePath=E:\tmp\run105-full2-verification-state\standalone-runtime-dev\track-b\extensions\workers\profile-learner\profile-e983a260667256b09d300ef178f609d323eef2ceb50df234f6aeb1066c279f63.json
[run98] remote-health recovery: deepseek.personal.deepseek-api-key.global.deepseek-flash, deepseek.personal.deepseek-api-key.global.deepseek-v4-pro
[run99] live advisory miss: stage=S4 channel=development scope=standalone-runtime-dev
[run115] eligibility candidates=2 eligible=2 codes=none request=req-8317cbd4-b062-4cee-b001-b01e85ddcda3 alias=difficulty.remote-only model=difficulty.remote-only effort=high pass=live allow=[deepseek.personal.deepseek-api-key.global.deepseek-flash,deepseek.personal.deepseek-api-key.global.deepseek-v4-pro] denied=[]
[run99] live advisory miss: stage=S4 channel=development scope=standalone-runtime-dev
[run115] eligibility candidates=2 eligible=1 codes=POLICY_DENY_ENDPOINT=1 request=req-44dad977-6011-42f3-9385-03054f6d9eb2 alias=difficulty.remote-only model=difficulty.remote-only effort=high pass=live allow=[deepseek.personal.deepseek-api-key.global.deepseek-flash,deepseek.personal.deepseek-api-key.global.deepseek-v4-pro] denied=[deepseek.personal.deepseek-api-key.global.deepseek-flash]
[run99] live advisory miss: stage=S4 channel=development scope=standalone-runtime-dev
[run115] eligibility candidates=3 eligible=2 codes=POLICY_DENY_ENDPOINT=1 request=req-3919b9a5-4c73-43c5-832f-f36b9fdb824b alias=difficulty.remote-only model=difficulty.remote-only effort=high pass=live allow=[deepseek.personal.deepseek-api-key.global.deepseek-flash,deepseek.personal.deepseek-api-key.global.deepseek-v4-pro,deepseek.personal.run105-pi-intent-mock.global.deepseek-flash-high] denied=[deepseek.personal.deepseek-api-key.global.deepseek-flash]
[run99] live advisory miss: stage=S4 channel=development scope=standalone-runtime-dev
[run115] eligibility candidates=3 eligible=2 codes=POLICY_DENY_ENDPOINT=1 request=req-27d1a00c-3b45-4e27-8929-68e9a90230ec alias=difficulty.remote-only model=difficulty.remote-only effort=high pass=live allow=[deepseek.personal.deepseek-api-key.global.deepseek-flash,deepseek.personal.deepseek-api-key.global.deepseek-v4-pro,deepseek.personal.run105-pi-intent-mock.global.deepseek-flash-high] denied=[deepseek.personal.deepseek-api-key.global.deepseek-flash]
[run99] live advisory miss: stage=S4 channel=development scope=standalone-runtime-dev
[run115] eligibility candidates=3 eligible=2 codes=POLICY_DENY_ENDPOINT=1 request=req-653049fd-0017-4049-845b-02844aae0500 alias=difficulty.remote-only model=difficulty.remote-only effort=high pass=live allow=[deepseek.personal.deepseek-api-key.global.deepseek-flash,deepseek.personal.deepseek-api-key.global.deepseek-v4-pro,deepseek.personal.run105-pi-intent-mock.global.deepseek-flash-high] denied=[deepseek.personal.deepseek-api-key.global.deepseek-flash]
[run99] live advisory miss: stage=S4 channel=development scope=standalone-runtime-dev
[run115] eligibility candidates=3 eligible=2 codes=POLICY_DENY_ENDPOINT=1 request=req-a46d93d9-05c1-4831-9382-2131c9860835 alias=difficulty.remote-only model=difficulty.remote-only effort=high pass=live allow=[deepseek.personal.deepseek-api-key.global.deepseek-flash,deepseek.personal.deepseek-api-key.global.deepseek-v4-pro,deepseek.personal.run105-pi-intent-mock.global.deepseek-flash-high] denied=[deepseek.personal.deepseek-api-key.global.deepseek-flash]
[run99] live advisory miss: stage=S4 channel=development scope=standalone-runtime-dev
[run115] eligibility candidates=3 eligible=2 codes=POLICY_DENY_ENDPOINT=1 request=req-1b00dd4d-4b75-4d8d-9f4f-24898bc39a72 alias=difficulty.remote-only model=difficulty.remote-only effort=high pass=live allow=[deepseek.personal.deepseek-api-key.global.deepseek-flash,deepseek.personal.deepseek-api-key.global.deepseek-v4-pro,deepseek.personal.run105-pi-intent-mock.global.deepseek-flash-high] denied=[deepseek.personal.deepseek-api-key.global.deepseek-flash]
[run99] live advisory miss: stage=S4 channel=development scope=standalone-runtime-dev
[run115] eligibility candidates=3 eligible=2 codes=POLICY_DENY_ENDPOINT=1 request=req-ebe19354-8e25-417c-b1af-4aa3c9c08174 alias=difficulty.remote-only model=difficulty.remote-only effort=high pass=live allow=[deepseek.personal.deepseek-api-key.global.deepseek-flash,deepseek.personal.deepseek-api-key.global.deepseek-v4-pro,deepseek.personal.run105-pi-intent-mock.global.deepseek-flash-high] denied=[deepseek.personal.deepseek-api-key.global.deepseek-flash]
[run99] live advisory miss: stage=S4 channel=development scope=standalone-runtime-dev
[run115] eligibility candidates=3 eligible=1 codes=POLICY_DENY_ENDPOINT=2 request=bench-p17-tools-multi-hard-deepseek.personal.deepseek-api-key.global.deepseek-flash-turn1-f25cc95a-1312-4515-9e0f-3ed6d27632bd alias=- model=- effort=- pass=live allow=[deepseek.personal.deepseek-api-key.global.deepseek-flash] denied=[deepseek.personal.deepseek-api-key.global.deepseek-v4-pro,deepseek.personal.run105-pi-intent-mock.global.deepseek-flash-high]
[run99] live advisory miss: stage=S4 channel=development scope=standalone-runtime-dev
[run115] eligibility candidates=3 eligible=1 codes=POLICY_DENY_ENDPOINT=2 request=bench-p17-tools-multi-hard-deepseek.personal.deepseek-api-key.global.deepseek-flash-turn2-d80172cf-d4fe-429e-97c9-fb301c6a41b2 alias=- model=- effort=- pass=live allow=[deepseek.personal.deepseek-api-key.global.deepseek-flash] denied=[deepseek.personal.deepseek-api-key.global.deepseek-v4-pro,deepseek.personal.run105-pi-intent-mock.global.deepseek-flash-high]
[run99] live advisory miss: stage=S4 channel=development scope=standalone-runtime-dev
[run115] eligibility candidates=3 eligible=1 codes=POLICY_DENY_ENDPOINT=2 request=bench-p17-tools-multi-hard-deepseek.personal.deepseek-api-key.global.deepseek-flash-turn3-57748c64-c625-4a7d-bd62-ba7d25e41744 alias=- model=- effort=- pass=live allow=[deepseek.personal.deepseek-api-key.global.deepseek-flash] denied=[deepseek.personal.deepseek-api-key.global.deepseek-v4-pro,deepseek.personal.run105-pi-intent-mock.global.deepseek-flash-high]
[run99] live advisory miss: stage=S4 channel=development scope=standalone-runtime-dev
[run115] eligibility candidates=3 eligible=1 codes=POLICY_DENY_ENDPOINT=2 request=bench-x01-max-signal-deepseek.personal.deepseek-api-key.global.deepseek-flash-turn1-7734505d-2733-405d-8896-4a096fe49927 alias=- model=- effort=- pass=live allow=[deepseek.personal.deepseek-api-key.global.deepseek-flash] denied=[deepseek.personal.deepseek-api-key.global.deepseek-v4-pro,deepseek.personal.run105-pi-intent-mock.global.deepseek-flash-high]
[run99] live advisory miss: stage=S4 channel=development scope=standalone-runtime-dev
[run115] eligibility candidates=3 eligible=1 codes=POLICY_DENY_ENDPOINT=2 request=bench-x01-max-signal-deepseek.personal.deepseek-api-key.global.deepseek-flash-turn2-01af4472-dfa6-4863-800b-1154aaaabc63 alias=- model=- effort=- pass=live allow=[deepseek.personal.deepseek-api-key.global.deepseek-flash] denied=[deepseek.personal.deepseek-api-key.global.deepseek-v4-pro,deepseek.personal.run105-pi-intent-mock.global.deepseek-flash-high]
[run99] live advisory miss: stage=S4 channel=development scope=standalone-runtime-dev
[run115] eligibility candidates=3 eligible=1 codes=POLICY_DENY_ENDPOINT=2 request=bench-x01-max-signal-deepseek.personal.deepseek-api-key.global.deepseek-flash-turn3-a030a4a5-4e19-48bb-bf1d-88f183476bea alias=- model=- effort=- pass=live allow=[deepseek.personal.deepseek-api-key.global.deepseek-flash] denied=[deepseek.personal.deepseek-api-key.global.deepseek-v4-pro,deepseek.personal.run105-pi-intent-mock.global.deepseek-flash-high]
[run99] live advisory miss: stage=S4 channel=development scope=standalone-runtime-dev
[run115] eligibility candidates=3 eligible=1 codes=POLICY_DENY_ENDPOINT=2 request=bench-h01-implement-two-sum-deepseek.personal.deepseek-api-key.global.deepseek-flash-turn1-6f5c1e7f-1e3d-4c5a-a076-2f215d88d7ea alias=- model=- effort=- pass=live allow=[deepseek.personal.deepseek-api-key.global.deepseek-flash] denied=[deepseek.personal.deepseek-api-key.global.deepseek-v4-pro,deepseek.personal.run105-pi-intent-mock.global.deepseek-flash-high]
[run99] live advisory miss: stage=S4 channel=development scope=standalone-runtime-dev
[run115] eligibility candidates=3 eligible=1 codes=POLICY_DENY_ENDPOINT=2 request=bench-h02-fix-async-counter-deepseek.personal.deepseek-api-key.global.deepseek-flash-turn1-8ef0194b-343a-4646-9545-8df107d0dac5 alias=- model=- effort=- pass=live allow=[deepseek.personal.deepseek-api-key.global.deepseek-flash] denied=[deepseek.personal.deepseek-api-key.global.deepseek-v4-pro,deepseek.personal.run105-pi-intent-mock.global.deepseek-flash-high]
[run99] live advisory miss: stage=S4 channel=development scope=standalone-runtime-dev
[run115] eligibility candidates=3 eligible=1 codes=POLICY_DENY_ENDPOINT=2 request=bench-h04-tool-read-router-deepseek.personal.deepseek-api-key.global.deepseek-flash-turn1-4938e444-c502-423e-b4c6-a5517307a8e3 alias=- model=- effort=- pass=live allow=[deepseek.personal.deepseek-api-key.global.deepseek-flash] denied=[deepseek.personal.deepseek-api-key.global.deepseek-v4-pro,deepseek.personal.run105-pi-intent-mock.global.deepseek-flash-high]
[run99] live advisory miss: stage=S4 channel=development scope=standalone-runtime-dev
[run115] eligibility candidates=3 eligible=1 codes=POLICY_DENY_ENDPOINT=2 request=bench-h04-tool-read-router-deepseek.personal.deepseek-api-key.global.deepseek-flash-turn2-acefea56-8f00-4a56-bdd8-8b8d6116e3ba alias=- model=- effort=- pass=live allow=[deepseek.personal.deepseek-api-key.global.deepseek-flash] denied=[deepseek.personal.deepseek-api-key.global.deepseek-v4-pro,deepseek.personal.run105-pi-intent-mock.global.deepseek-flash-high]
[run99] live advisory miss: stage=S4 channel=development scope=standalone-runtime-dev
[run115] eligibility candidates=3 eligible=1 codes=POLICY_DENY_ENDPOINT=2 request=bench-h05-tool-grep-eligibility-deepseek.personal.deepseek-api-key.global.deepseek-flash-turn1-22236e6a-5f7b-4b41-9ef7-d39663da6d52 alias=- model=- effort=- pass=live allow=[deepseek.personal.deepseek-api-key.global.deepseek-flash] denied=[deepseek.personal.deepseek-api-key.global.deepseek-v4-pro,deepseek.personal.run105-pi-intent-mock.global.deepseek-flash-high]
[run99] live advisory miss: stage=S4 channel=development scope=standalone-runtime-dev
[run115] eligibility candidates=3 eligible=1 codes=POLICY_DENY_ENDPOINT=2 request=bench-h05-tool-grep-eligibility-deepseek.personal.deepseek-api-key.global.deepseek-flash-turn2-83035fd8-6e93-4ae1-8a3c-9f1f87800f23 alias=- model=- effort=- pass=live allow=[deepseek.personal.deepseek-api-key.global.deepseek-flash] denied=[deepseek.personal.deepseek-api-key.global.deepseek-v4-pro,deepseek.personal.run105-pi-intent-mock.global.deepseek-flash-high]
[run99] live advisory miss: stage=S4 channel=development scope=standalone-runtime-dev
[run115] eligibility candidates=3 eligible=1 codes=POLICY_DENY_ENDPOINT=2 request=bench-h06-tool-apply-patch-deepseek.personal.deepseek-api-key.global.deepseek-flash-turn1-2e7e673f-16d2-4051-ba19-b91780d3a441 alias=- model=- effort=- pass=live allow=[deepseek.personal.deepseek-api-key.global.deepseek-flash] denied=[deepseek.personal.deepseek-api-key.global.deepseek-v4-pro,deepseek.personal.run105-pi-intent-mock.global.deepseek-flash-high]
[run99] live advisory miss: stage=S4 channel=development scope=standalone-runtime-dev
[run115] eligibility candidates=3 eligible=1 codes=POLICY_DENY_ENDPOINT=2 request=bench-h06-tool-apply-patch-deepseek.personal.deepseek-api-key.global.deepseek-flash-turn2-a78f87f3-b721-4f85-be5a-9ffe8623ed0a alias=- model=- effort=- pass=live allow=[deepseek.personal.deepseek-api-key.global.deepseek-flash] denied=[deepseek.personal.deepseek-api-key.global.deepseek-v4-pro,deepseek.personal.run105-pi-intent-mock.global.deepseek-flash-high]
[run99] live advisory miss: stage=S4 channel=development scope=standalone-runtime-dev
[run115] eligibility candidates=3 eligible=1 codes=POLICY_DENY_ENDPOINT=2 request=bench-h07-multi-turn-sla-guard-deepseek.personal.deepseek-api-key.global.deepseek-flash-turn1-baaa2fc0-485d-4911-882e-46edb93af946 alias=- model=- effort=- pass=live allow=[deepseek.personal.deepseek-api-key.global.deepseek-flash] denied=[deepseek.personal.deepseek-api-key.global.deepseek-v4-pro,deepseek.personal.run105-pi-intent-mock.global.deepseek-flash-high]
[run99] live advisory miss: stage=S4 channel=development scope=standalone-runtime-dev
[run115] eligibility candidates=3 eligible=1 codes=POLICY_DENY_ENDPOINT=2 request=bench-h08-multi-turn-tool-refine-deepseek.personal.deepseek-api-key.global.deepseek-flash-turn1-ae18b3a2-2a6a-400e-ac41-880c814e8c0f alias=- model=- effort=- pass=live allow=[deepseek.personal.deepseek-api-key.global.deepseek-flash] denied=[deepseek.personal.deepseek-api-key.global.deepseek-v4-pro,deepseek.personal.run105-pi-intent-mock.global.deepseek-flash-high]
[run99] live advisory miss: stage=S4 channel=development scope=standalone-runtime-dev
[run115] eligibility candidates=3 eligible=1 codes=POLICY_DENY_ENDPOINT=2 request=bench-h08-multi-turn-tool-refine-deepseek.personal.deepseek-api-key.global.deepseek-flash-turn2-661e32fe-f65a-4407-97bf-7f10821894f7 alias=- model=- effort=- pass=live allow=[deepseek.personal.deepseek-api-key.global.deepseek-flash] denied=[deepseek.personal.deepseek-api-key.global.deepseek-v4-pro,deepseek.personal.run105-pi-intent-mock.global.deepseek-flash-high]
[run99] live advisory miss: stage=S4 channel=development scope=standalone-runtime-dev
[run115] eligibility candidates=3 eligible=2 codes=POLICY_DENY_ENDPOINT=1 request=req-ffbe7db4-64b4-43f4-ade1-b4961c731346 alias=baseline.remote-only model=baseline.remote-only effort=high pass=live allow=[deepseek.personal.deepseek-api-key.global.deepseek-flash,deepseek.personal.deepseek-api-key.global.deepseek-v4-pro,deepseek.personal.run105-pi-intent-mock.global.deepseek-flash-high] denied=[deepseek.personal.deepseek-api-key.global.deepseek-flash]
[run99] live advisory miss: stage=S4 channel=development scope=standalone-runtime-dev
[run115] eligibility candidates=3 eligible=1 codes=POLICY_DENY_ENDPOINT=2 request=bench-h09-agent-metrics-chain-deepseek.personal.deepseek-api-key.global.deepseek-flash-turn1-e36e2f7e-d5d6-47cb-bb76-29616d3c3bf7 alias=- model=- effort=- pass=live allow=[deepseek.personal.deepseek-api-key.global.deepseek-flash] denied=[deepseek.personal.deepseek-api-key.global.deepseek-v4-pro,deepseek.personal.run105-pi-intent-mock.global.deepseek-flash-high]
[run99] live advisory miss: stage=S4 channel=development scope=standalone-runtime-dev
[run115] eligibility candidates=3 eligible=1 codes=POLICY_DENY_ENDPOINT=2 request=bench-h09-agent-metrics-chain-deepseek.personal.deepseek-api-key.global.deepseek-flash-turn2-c0c75160-0e3f-43c5-9e70-6549550182ca alias=- model=- effort=- pass=live allow=[deepseek.personal.deepseek-api-key.global.deepseek-flash] denied=[deepseek.personal.deepseek-api-key.global.deepseek-v4-pro,deepseek.personal.run105-pi-intent-mock.global.deepseek-flash-high]
[run99] live advisory miss: stage=S4 channel=development scope=standalone-runtime-dev
[run115] eligibility candidates=3 eligible=1 codes=POLICY_DENY_ENDPOINT=2 request=bench-h09-agent-metrics-chain-deepseek.personal.deepseek-api-key.global.deepseek-flash-turn3-213e6718-4fbe-4feb-bac9-82a037ac931c alias=- model=- effort=- pass=live allow=[deepseek.personal.deepseek-api-key.global.deepseek-flash] denied=[deepseek.personal.deepseek-api-key.global.deepseek-v4-pro,deepseek.personal.run105-pi-intent-mock.global.deepseek-flash-high]
[run99] live advisory miss: stage=S4 channel=development scope=standalone-runtime-dev
[run115] eligibility candidates=3 eligible=1 codes=POLICY_DENY_ENDPOINT=2 request=bench-h09-agent-metrics-chain-deepseek.personal.deepseek-api-key.global.deepseek-flash-turn4-18929cc2-958b-462e-8583-f0edc6a118b9 alias=- model=- effort=- pass=live allow=[deepseek.personal.deepseek-api-key.global.deepseek-flash] denied=[deepseek.personal.deepseek-api-key.global.deepseek-v4-pro,deepseek.personal.run105-pi-intent-mock.global.deepseek-flash-high]
[run99] live advisory miss: stage=S4 channel=development scope=standalone-runtime-dev
[run115] eligibility candidates=3 eligible=1 codes=POLICY_DENY_ENDPOINT=2 request=bench-h09-agent-metrics-chain-deepseek.personal.deepseek-api-key.global.deepseek-flash-turn5-b2d8088a-7953-48a3-80be-cf5707f87aae alias=- model=- effort=- pass=live allow=[deepseek.personal.deepseek-api-key.global.deepseek-flash] denied=[deepseek.personal.deepseek-api-key.global.deepseek-v4-pro,deepseek.personal.run105-pi-intent-mock.global.deepseek-flash-high]
[run99] live advisory miss: stage=S4 channel=development scope=standalone-runtime-dev
[run115] eligibility candidates=3 eligible=1 codes=POLICY_DENY_ENDPOINT=2 request=bench-h10-agent-read-grep-patch-deepseek.personal.deepseek-api-key.global.deepseek-flash-turn1-3403dce4-9b0d-4d94-b98c-293da9dc7191 alias=- model=- effort=- pass=live allow=[deepseek.personal.deepseek-api-key.global.deepseek-flash] denied=[deepseek.personal.deepseek-api-key.global.deepseek-v4-pro,deepseek.personal.run105-pi-intent-mock.global.deepseek-flash-high]
[run99] live advisory miss: stage=S4 channel=development scope=standalone-runtime-dev
[run115] eligibility candidates=3 eligible=1 codes=POLICY_DENY_ENDPOINT=2 request=bench-h10-agent-read-grep-patch-deepseek.personal.deepseek-api-key.global.deepseek-flash-turn2-a798b5ca-b39f-42e1-9f4b-8f4f5bbde469 alias=- model=- effort=- pass=live allow=[deepseek.personal.deepseek-api-key.global.deepseek-flash] denied=[deepseek.personal.deepseek-api-key.global.deepseek-v4-pro,deepseek.personal.run105-pi-intent-mock.global.deepseek-flash-high]
[run99] live advisory miss: stage=S4 channel=development scope=standalone-runtime-dev
[run115] eligibility candidates=3 eligible=1 codes=POLICY_DENY_ENDPOINT=2 request=bench-h10-agent-read-grep-patch-deepseek.personal.deepseek-api-key.global.deepseek-flash-turn3-01c83f4c-f25b-4172-8c66-6615c995c0a0 alias=- model=- effort=- pass=live allow=[deepseek.personal.deepseek-api-key.global.deepseek-flash] denied=[deepseek.personal.deepseek-api-key.global.deepseek-v4-pro,deepseek.personal.run105-pi-intent-mock.global.deepseek-flash-high]
[run99] live advisory miss: stage=S4 channel=development scope=standalone-runtime-dev
[run115] eligibility candidates=3 eligible=1 codes=POLICY_DENY_ENDPOINT=2 request=bench-h15-max-signal-v3-deepseek.personal.deepseek-api-key.global.deepseek-flash-turn1-bb636ae7-7bde-4238-8d04-f9f20b00f8aa alias=- model=- effort=- pass=live allow=[deepseek.personal.deepseek-api-key.global.deepseek-flash] denied=[deepseek.personal.deepseek-api-key.global.deepseek-v4-pro,deepseek.personal.run105-pi-intent-mock.global.deepseek-flash-high]
[run99] live advisory miss: stage=S4 channel=development scope=standalone-runtime-dev
[run115] eligibility candidates=3 eligible=1 codes=POLICY_DENY_ENDPOINT=2 request=bench-h15-max-signal-v3-deepseek.personal.deepseek-api-key.global.deepseek-flash-turn2-943b380b-3cc8-4167-ac06-b4489d57bb2b alias=- model=- effort=- pass=live allow=[deepseek.personal.deepseek-api-key.global.deepseek-flash] denied=[deepseek.personal.deepseek-api-key.global.deepseek-v4-pro,deepseek.personal.run105-pi-intent-mock.global.deepseek-flash-high]
[run99] live advisory miss: stage=S4 channel=development scope=standalone-runtime-dev
[run115] eligibility candidates=3 eligible=1 codes=POLICY_DENY_ENDPOINT=2 request=bench-h15-max-signal-v3-deepseek.personal.deepseek-api-key.global.deepseek-flash-turn3-4452b3ba-2f92-4dc3-9cd2-8d9ee3472502 alias=- model=- effort=- pass=live allow=[deepseek.personal.deepseek-api-key.global.deepseek-flash] denied=[deepseek.personal.deepseek-api-key.global.deepseek-v4-pro,deepseek.personal.run105-pi-intent-mock.global.deepseek-flash-high]
[run99] live advisory miss: stage=S4 channel=development scope=standalone-runtime-dev
[run115] eligibility candidates=3 eligible=1 codes=POLICY_DENY_ENDPOINT=2 request=bench-p17-tools-multi-hard-deepseek.personal.deepseek-api-key.global.deepseek-v4-pro-turn1-2433e5f2-4dfd-4c89-ad72-a2b97b5ecda0 alias=- model=- effort=- pass=live allow=[deepseek.personal.deepseek-api-key.global.deepseek-v4-pro] denied=[deepseek.personal.deepseek-api-key.global.deepseek-flash,deepseek.personal.run105-pi-intent-mock.global.deepseek-flash-high]
[run99] live advisory miss: stage=S4 channel=development scope=standalone-runtime-dev
[run115] eligibility candidates=3 eligible=1 codes=POLICY_DENY_ENDPOINT=2 request=bench-p17-tools-multi-hard-deepseek.personal.deepseek-api-key.global.deepseek-v4-pro-turn2-b8c98d3d-5690-4cec-86fc-8272bf1531e4 alias=- model=- effort=- pass=live allow=[deepseek.personal.deepseek-api-key.global.deepseek-v4-pro] denied=[deepseek.personal.deepseek-api-key.global.deepseek-flash,deepseek.personal.run105-pi-intent-mock.global.deepseek-flash-high]
[run99] live advisory miss: stage=S4 channel=development scope=standalone-runtime-dev
[run115] eligibility candidates=3 eligible=1 codes=POLICY_DENY_ENDPOINT=2 request=bench-p17-tools-multi-hard-deepseek.personal.deepseek-api-key.global.deepseek-v4-pro-turn3-65a7572e-ca0c-4142-9808-3d854021ca55 alias=- model=- effort=- pass=live allow=[deepseek.personal.deepseek-api-key.global.deepseek-v4-pro] denied=[deepseek.personal.deepseek-api-key.global.deepseek-flash,deepseek.personal.run105-pi-intent-mock.global.deepseek-flash-high]
[run99] live advisory miss: stage=S4 channel=development scope=standalone-runtime-dev
[run115] eligibility candidates=3 eligible=1 codes=POLICY_DENY_ENDPOINT=2 request=bench-x01-max-signal-deepseek.personal.deepseek-api-key.global.deepseek-v4-pro-turn1-9d862bfc-3876-42b9-9628-535d6699cef3 alias=- model=- effort=- pass=live allow=[deepseek.personal.deepseek-api-key.global.deepseek-v4-pro] denied=[deepseek.personal.deepseek-api-key.global.deepseek-flash,deepseek.personal.run105-pi-intent-mock.global.deepseek-flash-high]
[run99] live advisory miss: stage=S4 channel=development scope=standalone-runtime-dev
[run115] eligibility candidates=3 eligible=1 codes=POLICY_DENY_ENDPOINT=2 request=bench-x01-max-signal-deepseek.personal.deepseek-api-key.global.deepseek-v4-pro-turn2-1435f7c2-7eab-45ad-9ba3-da85d7943611 alias=- model=- effort=- pass=live allow=[deepseek.personal.deepseek-api-key.global.deepseek-v4-pro] denied=[deepseek.personal.deepseek-api-key.global.deepseek-flash,deepseek.personal.run105-pi-intent-mock.global.deepseek-flash-high]
[run99] live advisory miss: stage=S4 channel=development scope=standalone-runtime-dev
[run115] eligibility candidates=3 eligible=1 codes=POLICY_DENY_ENDPOINT=2 request=bench-x01-max-signal-deepseek.personal.deepseek-api-key.global.deepseek-v4-pro-turn3-fe475592-ff86-40af-b210-d03b89fe752a alias=- model=- effort=- pass=live allow=[deepseek.personal.deepseek-api-key.global.deepseek-v4-pro] denied=[deepseek.personal.deepseek-api-key.global.deepseek-flash,deepseek.personal.run105-pi-intent-mock.global.deepseek-flash-high]
[run99] live advisory miss: stage=S4 channel=development scope=standalone-runtime-dev
[run115] eligibility candidates=3 eligible=1 codes=POLICY_DENY_ENDPOINT=2 request=bench-h01-implement-two-sum-deepseek.personal.deepseek-api-key.global.deepseek-v4-pro-turn1-9f7a7e74-e175-429f-af51-aa2fb35b5ea9 alias=- model=- effort=- pass=live allow=[deepseek.personal.deepseek-api-key.global.deepseek-v4-pro] denied=[deepseek.personal.deepseek-api-key.global.deepseek-flash,deepseek.personal.run105-pi-intent-mock.global.deepseek-flash-high]
[run99] live advisory miss: stage=S4 channel=development scope=standalone-runtime-dev
[run115] eligibility candidates=3 eligible=1 codes=POLICY_DENY_ENDPOINT=2 request=bench-h02-fix-async-counter-deepseek.personal.deepseek-api-key.global.deepseek-v4-pro-turn1-70d9fd2f-4d36-4bfc-ab82-487c45fd175f alias=- model=- effort=- pass=live allow=[deepseek.personal.deepseek-api-key.global.deepseek-v4-pro] denied=[deepseek.personal.deepseek-api-key.global.deepseek-flash,deepseek.personal.run105-pi-intent-mock.global.deepseek-flash-high]
[run99] live advisory miss: stage=S4 channel=development scope=standalone-runtime-dev
[run115] eligibility candidates=3 eligible=2 codes=POLICY_DENY_ENDPOINT=1 request=req-335e7499-846f-4888-be89-fbcd1f715b54 alias=baseline.remote-only model=baseline.remote-only effort=high pass=live allow=[deepseek.personal.deepseek-api-key.global.deepseek-flash,deepseek.personal.deepseek-api-key.global.deepseek-v4-pro,deepseek.personal.run105-pi-intent-mock.global.deepseek-flash-high] denied=[deepseek.personal.deepseek-api-key.global.deepseek-flash]
[run99] live advisory miss: stage=S4 channel=development scope=standalone-runtime-dev
[run115] eligibility candidates=3 eligible=1 codes=POLICY_DENY_ENDPOINT=2 request=bench-h04-tool-read-router-deepseek.personal.deepseek-api-key.global.deepseek-v4-pro-turn1-62c531ac-cc50-419e-9cf2-0a1a95bd11d2 alias=- model=- effort=- pass=live allow=[deepseek.personal.deepseek-api-key.global.deepseek-v4-pro] denied=[deepseek.personal.deepseek-api-key.global.deepseek-flash,deepseek.personal.run105-pi-intent-mock.global.deepseek-flash-high]
[run99] live advisory miss: stage=S4 channel=development scope=standalone-runtime-dev
[run115] eligibility candidates=3 eligible=1 codes=POLICY_DENY_ENDPOINT=2 request=bench-h04-tool-read-router-deepseek.personal.deepseek-api-key.global.deepseek-v4-pro-turn2-393caa0e-3262-47b8-a7a5-588cdc24062d alias=- model=- effort=- pass=live allow=[deepseek.personal.deepseek-api-key.global.deepseek-v4-pro] denied=[deepseek.personal.deepseek-api-key.global.deepseek-flash,deepseek.personal.run105-pi-intent-mock.global.deepseek-flash-high]
[run99] live advisory miss: stage=S4 channel=development scope=standalone-runtime-dev
[run115] eligibility candidates=3 eligible=1 codes=POLICY_DENY_ENDPOINT=2 request=bench-h05-tool-grep-eligibility-deepseek.personal.deepseek-api-key.global.deepseek-v4-pro-turn1-d1729191-cba4-4002-ae1a-2d9821efdd19 alias=- model=- effort=- pass=live allow=[deepseek.personal.deepseek-api-key.global.deepseek-v4-pro] denied=[deepseek.personal.deepseek-api-key.global.deepseek-flash,deepseek.personal.run105-pi-intent-mock.global.deepseek-flash-high]
[run99] live advisory miss: stage=S4 channel=development scope=standalone-runtime-dev
[run115] eligibility candidates=3 eligible=1 codes=POLICY_DENY_ENDPOINT=2 request=bench-h05-tool-grep-eligibility-deepseek.personal.deepseek-api-key.global.deepseek-v4-pro-turn2-92d689b6-daee-4ab8-9810-8926c3087512 alias=- model=- effort=- pass=live allow=[deepseek.personal.deepseek-api-key.global.deepseek-v4-pro] denied=[deepseek.personal.deepseek-api-key.global.deepseek-flash,deepseek.personal.run105-pi-intent-mock.global.deepseek-flash-high]
[run99] live advisory miss: stage=S4 channel=development scope=standalone-runtime-dev
[run115] eligibility candidates=3 eligible=1 codes=POLICY_DENY_ENDPOINT=2 request=bench-h05-tool-grep-eligibility-deepseek.personal.deepseek-api-key.global.deepseek-v4-pro-turn3-a2a05523-eb08-4d11-b90f-8624202dd888 alias=- model=- effort=- pass=live allow=[deepseek.personal.deepseek-api-key.global.deepseek-v4-pro] denied=[deepseek.personal.deepseek-api-key.global.deepseek-flash,deepseek.personal.run105-pi-intent-mock.global.deepseek-flash-high]
[run99] live advisory miss: stage=S4 channel=development scope=standalone-runtime-dev
[run115] eligibility candidates=3 eligible=1 codes=POLICY_DENY_ENDPOINT=2 request=bench-h06-tool-apply-patch-deepseek.personal.deepseek-api-key.global.deepseek-v4-pro-turn1-82273515-543b-4bb0-9dae-104d52c91f79 alias=- model=- effort=- pass=live allow=[deepseek.personal.deepseek-api-key.global.deepseek-v4-pro] denied=[deepseek.personal.deepseek-api-key.global.deepseek-flash,deepseek.personal.run105-pi-intent-mock.global.deepseek-flash-high]
[run99] live advisory miss: stage=S4 channel=development scope=standalone-runtime-dev
[run115] eligibility candidates=3 eligible=1 codes=POLICY_DENY_ENDPOINT=2 request=bench-h06-tool-apply-patch-deepseek.personal.deepseek-api-key.global.deepseek-v4-pro-turn2-33a5a4da-c80b-4627-9f22-82534f975f2d alias=- model=- effort=- pass=live allow=[deepseek.personal.deepseek-api-key.global.deepseek-v4-pro] denied=[deepseek.personal.deepseek-api-key.global.deepseek-flash,deepseek.personal.run105-pi-intent-mock.global.deepseek-flash-high]
[run99] live advisory miss: stage=S4 channel=development scope=standalone-runtime-dev
[run115] eligibility candidates=3 eligible=1 codes=POLICY_DENY_ENDPOINT=2 request=bench-h07-multi-turn-sla-guard-deepseek.personal.deepseek-api-key.global.deepseek-v4-pro-turn1-ced0aab5-a2af-492b-b19d-3ddfda273ab7 alias=- model=- effort=- pass=live allow=[deepseek.personal.deepseek-api-key.global.deepseek-v4-pro] denied=[deepseek.personal.deepseek-api-key.global.deepseek-flash,deepseek.personal.run105-pi-intent-mock.global.deepseek-flash-high]
[run99] live advisory miss: stage=S4 channel=development scope=standalone-runtime-dev
[run115] eligibility candidates=3 eligible=2 codes=POLICY_DENY_ENDPOINT=1 request=req-8b52cd6c-7840-4643-907a-25da46d53245 alias=baseline.remote-only model=baseline.remote-only effort=high pass=live allow=[deepseek.personal.deepseek-api-key.global.deepseek-flash,deepseek.personal.deepseek-api-key.global.deepseek-v4-pro,deepseek.personal.run105-pi-intent-mock.global.deepseek-flash-high] denied=[deepseek.personal.deepseek-api-key.global.deepseek-flash]
[run99] live advisory miss: stage=S4 channel=development scope=standalone-runtime-dev
[run115] eligibility candidates=3 eligible=1 codes=POLICY_DENY_ENDPOINT=2 request=bench-h08-multi-turn-tool-refine-deepseek.personal.deepseek-api-key.global.deepseek-v4-pro-turn1-5077a916-59a1-4037-b38b-feccb8b9680f alias=- model=- effort=- pass=live allow=[deepseek.personal.deepseek-api-key.global.deepseek-v4-pro] denied=[deepseek.personal.deepseek-api-key.global.deepseek-flash,deepseek.personal.run105-pi-intent-mock.global.deepseek-flash-high]
[run99] live advisory miss: stage=S4 channel=development scope=standalone-runtime-dev
[run115] eligibility candidates=3 eligible=1 codes=POLICY_DENY_ENDPOINT=2 request=bench-h08-multi-turn-tool-refine-deepseek.personal.deepseek-api-key.global.deepseek-v4-pro-turn2-94e8d88a-91cd-47f0-8967-405e86d2b44a alias=- model=- effort=- pass=live allow=[deepseek.personal.deepseek-api-key.global.deepseek-v4-pro] denied=[deepseek.personal.deepseek-api-key.global.deepseek-flash,deepseek.personal.run105-pi-intent-mock.global.deepseek-flash-high]
[run99] live advisory miss: stage=S4 channel=development scope=standalone-runtime-dev
[run115] eligibility candidates=3 eligible=1 codes=POLICY_DENY_ENDPOINT=2 request=bench-h09-agent-metrics-chain-deepseek.personal.deepseek-api-key.global.deepseek-v4-pro-turn1-eee2d66e-ec72-418a-a9c7-49f1550db719 alias=- model=- effort=- pass=live allow=[deepseek.personal.deepseek-api-key.global.deepseek-v4-pro] denied=[deepseek.personal.deepseek-api-key.global.deepseek-flash,deepseek.personal.run105-pi-intent-mock.global.deepseek-flash-high]
[run99] live advisory miss: stage=S4 channel=development scope=standalone-runtime-dev
[run115] eligibility candidates=3 eligible=1 codes=POLICY_DENY_ENDPOINT=2 request=bench-h09-agent-metrics-chain-deepseek.personal.deepseek-api-key.global.deepseek-v4-pro-turn2-99acbbe6-4dc8-4ca1-a30d-337d263dc904 alias=- model=- effort=- pass=live allow=[deepseek.personal.deepseek-api-key.global.deepseek-v4-pro] denied=[deepseek.personal.deepseek-api-key.global.deepseek-flash,deepseek.personal.run105-pi-intent-mock.global.deepseek-flash-high]
[run99] live advisory miss: stage=S4 channel=development scope=standalone-runtime-dev
[run115] eligibility candidates=3 eligible=1 codes=POLICY_DENY_ENDPOINT=2 request=bench-h09-agent-metrics-chain-deepseek.personal.deepseek-api-key.global.deepseek-v4-pro-turn3-b7b4965b-64d8-4eb3-9584-145a5d7b3ea6 alias=- model=- effort=- pass=live allow=[deepseek.personal.deepseek-api-key.global.deepseek-v4-pro] denied=[deepseek.personal.deepseek-api-key.global.deepseek-flash,deepseek.personal.run105-pi-intent-mock.global.deepseek-flash-high]
[run99] live advisory miss: stage=S4 channel=development scope=standalone-runtime-dev
[run115] eligibility candidates=3 eligible=1 codes=POLICY_DENY_ENDPOINT=2 request=bench-h10-agent-read-grep-patch-deepseek.personal.deepseek-api-key.global.deepseek-v4-pro-turn1-f1114712-6b17-4aa5-a6c7-98d84590f188 alias=- model=- effort=- pass=live allow=[deepseek.personal.deepseek-api-key.global.deepseek-v4-pro] denied=[deepseek.personal.deepseek-api-key.global.deepseek-flash,deepseek.personal.run105-pi-intent-mock.global.deepseek-flash-high]
[run99] live advisory miss: stage=S4 channel=development scope=standalone-runtime-dev
[run115] eligibility candidates=3 eligible=1 codes=POLICY_DENY_ENDPOINT=2 request=bench-h10-agent-read-grep-patch-deepseek.personal.deepseek-api-key.global.deepseek-v4-pro-turn2-2d4f4b69-46d3-4b60-8ff0-0162ee63a959 alias=- model=- effort=- pass=live allow=[deepseek.personal.deepseek-api-key.global.deepseek-v4-pro] denied=[deepseek.personal.deepseek-api-key.global.deepseek-flash,deepseek.personal.run105-pi-intent-mock.global.deepseek-flash-high]
[run99] live advisory miss: stage=S4 channel=development scope=standalone-runtime-dev
[run115] eligibility candidates=3 eligible=2 codes=POLICY_DENY_ENDPOINT=1 request=req-49def3a6-1b9a-4e05-8097-67a15de73f7c alias=baseline.remote-only model=baseline.remote-only effort=high pass=live allow=[deepseek.personal.deepseek-api-key.global.deepseek-flash,deepseek.personal.deepseek-api-key.global.deepseek-v4-pro,deepseek.personal.run105-pi-intent-mock.global.deepseek-flash-high] denied=[deepseek.personal.deepseek-api-key.global.deepseek-flash]
[run99] live advisory miss: stage=S4 channel=development scope=standalone-runtime-dev
[run115] eligibility candidates=3 eligible=1 codes=POLICY_DENY_ENDPOINT=2 request=bench-h10-agent-read-grep-patch-deepseek.personal.deepseek-api-key.global.deepseek-v4-pro-turn3-141e89da-80c5-4889-983a-c30a5ae88fae alias=- model=- effort=- pass=live allow=[deepseek.personal.deepseek-api-key.global.deepseek-v4-pro] denied=[deepseek.personal.deepseek-api-key.global.deepseek-flash,deepseek.personal.run105-pi-intent-mock.global.deepseek-flash-high]
[run99] live advisory miss: stage=S4 channel=development scope=standalone-runtime-dev
[run115] eligibility candidates=3 eligible=1 codes=POLICY_DENY_ENDPOINT=2 request=bench-h15-max-signal-v3-deepseek.personal.deepseek-api-key.global.deepseek-v4-pro-turn1-88bb4720-6274-4d47-a426-c7de40d72769 alias=- model=- effort=- pass=live allow=[deepseek.personal.deepseek-api-key.global.deepseek-v4-pro] denied=[deepseek.personal.deepseek-api-key.global.deepseek-flash,deepseek.personal.run105-pi-intent-mock.global.deepseek-flash-high]
[run99] live advisory miss: stage=S4 channel=development scope=standalone-runtime-dev
[run115] eligibility candidates=3 eligible=1 codes=POLICY_DENY_ENDPOINT=2 request=bench-h15-max-signal-v3-deepseek.personal.deepseek-api-key.global.deepseek-v4-pro-turn2-58138f82-717c-43cb-8377-468bc07de650 alias=- model=- effort=- pass=live allow=[deepseek.personal.deepseek-api-key.global.deepseek-v4-pro] denied=[deepseek.personal.deepseek-api-key.global.deepseek-flash,deepseek.personal.run105-pi-intent-mock.global.deepseek-flash-high]
[run99] live advisory miss: stage=S4 channel=development scope=standalone-runtime-dev
[run115] eligibility candidates=3 eligible=1 codes=POLICY_DENY_ENDPOINT=2 request=bench-h15-max-signal-v3-deepseek.personal.deepseek-api-key.global.deepseek-v4-pro-turn3-db1f263c-4036-4596-a7a0-52d3b6d94e0c alias=- model=- effort=- pass=live allow=[deepseek.personal.deepseek-api-key.global.deepseek-v4-pro] denied=[deepseek.personal.deepseek-api-key.global.deepseek-flash,deepseek.personal.run105-pi-intent-mock.global.deepseek-flash-high]
[run99] live advisory miss: stage=S4 channel=development scope=standalone-runtime-dev
[run115] eligibility candidates=3 eligible=1 codes=POLICY_DENY_ENDPOINT=2 request=bench-judge-p17-tools-multi-hard-a1-693f719c-1a5e-4c90-aff5-d5aa9cc79192 alias=- model=- effort=- pass=live allow=[deepseek.personal.deepseek-api-key.global.deepseek-v4-pro] denied=[deepseek.personal.deepseek-api-key.global.deepseek-flash,deepseek.personal.run105-pi-intent-mock.global.deepseek-flash-high]
[run99] live advisory miss: stage=S4 channel=development scope=standalone-runtime-dev
[run115] eligibility candidates=3 eligible=1 codes=POLICY_DENY_ENDPOINT=2 request=bench-judge-x01-max-signal-a1-aa060753-c1cb-4b27-8021-4a6ab6fb0c8a alias=- model=- effort=- pass=live allow=[deepseek.personal.deepseek-api-key.global.deepseek-v4-pro] denied=[deepseek.personal.deepseek-api-key.global.deepseek-flash,deepseek.personal.run105-pi-intent-mock.global.deepseek-flash-high]
[run99] live advisory miss: stage=S4 channel=development scope=standalone-runtime-dev
[run115] eligibility candidates=3 eligible=1 codes=POLICY_DENY_ENDPOINT=2 request=bench-judge-h01-implement-two-sum-a1-081eddfb-06bf-47cf-ad33-15a67848c1f0 alias=- model=- effort=- pass=live allow=[deepseek.personal.deepseek-api-key.global.deepseek-v4-pro] denied=[deepseek.personal.deepseek-api-key.global.deepseek-flash,deepseek.personal.run105-pi-intent-mock.global.deepseek-flash-high]
[run99] live advisory miss: stage=S4 channel=development scope=standalone-runtime-dev
[run115] eligibility candidates=3 eligible=1 codes=POLICY_DENY_ENDPOINT=2 request=bench-judge-h02-fix-async-counter-a1-684cacf1-5dba-445e-aa27-0549ee0a4304 alias=- model=- effort=- pass=live allow=[deepseek.personal.deepseek-api-key.global.deepseek-v4-pro] denied=[deepseek.personal.deepseek-api-key.global.deepseek-flash,deepseek.personal.run105-pi-intent-mock.global.deepseek-flash-high]
[run99] live advisory miss: stage=S4 channel=development scope=standalone-runtime-dev
[run115] eligibility candidates=3 eligible=1 codes=POLICY_DENY_ENDPOINT=2 request=bench-judge-h04-tool-read-router-a1-c628f9df-e76a-469b-9f3d-0b56301599d8 alias=- model=- effort=- pass=live allow=[deepseek.personal.deepseek-api-key.global.deepseek-v4-pro] denied=[deepseek.personal.deepseek-api-key.global.deepseek-flash,deepseek.personal.run105-pi-intent-mock.global.deepseek-flash-high]
[run99] live advisory miss: stage=S4 channel=development scope=standalone-runtime-dev
[run115] eligibility candidates=3 eligible=1 codes=POLICY_DENY_ENDPOINT=2 request=bench-judge-h05-tool-grep-eligibility-a1-84fe2ad2-c3dc-4a30-b1b0-c9447b8eb4d2 alias=- model=- effort=- pass=live allow=[deepseek.personal.deepseek-api-key.global.deepseek-v4-pro] denied=[deepseek.personal.deepseek-api-key.global.deepseek-flash,deepseek.personal.run105-pi-intent-mock.global.deepseek-flash-high]
[run99] live advisory miss: stage=S4 channel=development scope=standalone-runtime-dev
[run115] eligibility candidates=3 eligible=1 codes=POLICY_DENY_ENDPOINT=2 request=bench-judge-h06-tool-apply-patch-a1-f72f1d4b-35a9-4e46-b9f7-f959b25e04fa alias=- model=- effort=- pass=live allow=[deepseek.personal.deepseek-api-key.global.deepseek-v4-pro] denied=[deepseek.personal.deepseek-api-key.global.deepseek-flash,deepseek.personal.run105-pi-intent-mock.global.deepseek-flash-high]
[run99] live advisory miss: stage=S4 channel=development scope=standalone-runtime-dev
[run115] eligibility candidates=3 eligible=1 codes=POLICY_DENY_ENDPOINT=2 request=bench-judge-h07-multi-turn-sla-guard-a1-5f47f002-221a-42c5-8dd0-3bef3fd81f2b alias=- model=- effort=- pass=live allow=[deepseek.personal.deepseek-api-key.global.deepseek-v4-pro] denied=[deepseek.personal.deepseek-api-key.global.deepseek-flash,deepseek.personal.run105-pi-intent-mock.global.deepseek-flash-high]
[run99] live advisory miss: stage=S4 channel=development scope=standalone-runtime-dev
[run115] eligibility candidates=3 eligible=1 codes=POLICY_DENY_ENDPOINT=2 request=bench-judge-h08-multi-turn-tool-refine-a1-ee584c02-d517-44df-bcac-03f47355a509 alias=- model=- effort=- pass=live allow=[deepseek.personal.deepseek-api-key.global.deepseek-v4-pro] denied=[deepseek.personal.deepseek-api-key.global.deepseek-flash,deepseek.personal.run105-pi-intent-mock.global.deepseek-flash-high]
[run99] live advisory miss: stage=S4 channel=development scope=standalone-runtime-dev
[run115] eligibility candidates=3 eligible=1 codes=POLICY_DENY_ENDPOINT=2 request=bench-judge-h09-agent-metrics-chain-a1-ef824245-85a4-48bb-a772-10c0d836cfaa alias=- model=- effort=- pass=live allow=[deepseek.personal.deepseek-api-key.global.deepseek-v4-pro] denied=[deepseek.personal.deepseek-api-key.global.deepseek-flash,deepseek.personal.run105-pi-intent-mock.global.deepseek-flash-high]
[run99] live advisory miss: stage=S4 channel=development scope=standalone-runtime-dev
[run115] eligibility candidates=3 eligible=1 codes=POLICY_DENY_ENDPOINT=2 request=bench-judge-h10-agent-read-grep-patch-a1-e206e0b3-5c3a-41b4-b504-7e317bfbe26e alias=- model=- effort=- pass=live allow=[deepseek.personal.deepseek-api-key.global.deepseek-v4-pro] denied=[deepseek.personal.deepseek-api-key.global.deepseek-flash,deepseek.personal.run105-pi-intent-mock.global.deepseek-flash-high]
[run99] live advisory miss: stage=S4 channel=development scope=standalone-runtime-dev
[run115] eligibility candidates=3 eligible=1 codes=POLICY_DENY_ENDPOINT=2 request=bench-judge-h15-max-signal-v3-a1-1a3dac4b-f9b4-4d94-ae5d-2815646c3e65 alias=- model=- effort=- pass=live allow=[deepseek.personal.deepseek-api-key.global.deepseek-v4-pro] denied=[deepseek.personal.deepseek-api-key.global.deepseek-flash,deepseek.personal.run105-pi-intent-mock.global.deepseek-flash-high]
[run99] live advisory miss: stage=S4 channel=development scope=standalone-runtime-dev
[run115] eligibility candidates=3 eligible=1 codes=POLICY_DENY_ENDPOINT=2 request=bench-judge-p17-tools-multi-hard-a1-2e1109a9-abf2-487f-9238-b4bd4e531b13 alias=- model=- effort=- pass=live allow=[deepseek.personal.deepseek-api-key.global.deepseek-v4-pro] denied=[deepseek.personal.deepseek-api-key.global.deepseek-flash,deepseek.personal.run105-pi-intent-mock.global.deepseek-flash-high]
[run99] live advisory miss: stage=S4 channel=development scope=standalone-runtime-dev
[run115] eligibility candidates=3 eligible=1 codes=POLICY_DENY_ENDPOINT=2 request=bench-judge-x01-max-signal-a1-98f7393c-e482-4ef6-80f2-4947b83ba084 alias=- model=- effort=- pass=live allow=[deepseek.personal.deepseek-api-key.global.deepseek-v4-pro] denied=[deepseek.personal.deepseek-api-key.global.deepseek-flash,deepseek.personal.run105-pi-intent-mock.global.deepseek-flash-high]
[run99] live advisory miss: stage=S4 channel=development scope=standalone-runtime-dev
[run115] eligibility candidates=3 eligible=1 codes=POLICY_DENY_ENDPOINT=2 request=bench-judge-h01-implement-two-sum-a1-5ece9113-16c9-4841-a914-f7ff8a23d062 alias=- model=- effort=- pass=live allow=[deepseek.personal.deepseek-api-key.global.deepseek-v4-pro] denied=[deepseek.personal.deepseek-api-key.global.deepseek-flash,deepseek.personal.run105-pi-intent-mock.global.deepseek-flash-high]
[run99] live advisory miss: stage=S4 channel=development scope=standalone-runtime-dev
[run115] eligibility candidates=3 eligible=1 codes=POLICY_DENY_ENDPOINT=2 request=bench-judge-h02-fix-async-counter-a1-3fc64032-9916-487c-b661-a8f295873d23 alias=- model=- effort=- pass=live allow=[deepseek.personal.deepseek-api-key.global.deepseek-v4-pro] denied=[deepseek.personal.deepseek-api-key.global.deepseek-flash,deepseek.personal.run105-pi-intent-mock.global.deepseek-flash-high]
[run99] live advisory miss: stage=S4 channel=development scope=standalone-runtime-dev
[run115] eligibility candidates=3 eligible=1 codes=POLICY_DENY_ENDPOINT=2 request=bench-judge-h04-tool-read-router-a1-8946598a-cafd-4c97-9054-849be1325800 alias=- model=- effort=- pass=live allow=[deepseek.personal.deepseek-api-key.global.deepseek-v4-pro] denied=[deepseek.personal.deepseek-api-key.global.deepseek-flash,deepseek.personal.run105-pi-intent-mock.global.deepseek-flash-high]
[run99] live advisory miss: stage=S4 channel=development scope=standalone-runtime-dev
[run115] eligibility candidates=3 eligible=1 codes=POLICY_DENY_ENDPOINT=2 request=bench-judge-h05-tool-grep-eligibility-a1-62e9f5fe-9bf6-4e4e-a959-2fb7cb55d636 alias=- model=- effort=- pass=live allow=[deepseek.personal.deepseek-api-key.global.deepseek-v4-pro] denied=[deepseek.personal.deepseek-api-key.global.deepseek-flash,deepseek.personal.run105-pi-intent-mock.global.deepseek-flash-high]
[run99] live advisory miss: stage=S4 channel=development scope=standalone-runtime-dev
[run115] eligibility candidates=3 eligible=1 codes=POLICY_DENY_ENDPOINT=2 request=bench-judge-h06-tool-apply-patch-a1-eb2efe75-7694-49e7-b0ee-fb32eca05625 alias=- model=- effort=- pass=live allow=[deepseek.personal.deepseek-api-key.global.deepseek-v4-pro] denied=[deepseek.personal.deepseek-api-key.global.deepseek-flash,deepseek.personal.run105-pi-intent-mock.global.deepseek-flash-high]
[run99] live advisory miss: stage=S4 channel=development scope=standalone-runtime-dev
[run115] eligibility candidates=3 eligible=1 codes=POLICY_DENY_ENDPOINT=2 request=bench-judge-h07-multi-turn-sla-guard-a1-3fa27916-157d-4ce2-ac92-83692145fefd alias=- model=- effort=- pass=live allow=[deepseek.personal.deepseek-api-key.global.deepseek-v4-pro] denied=[deepseek.personal.deepseek-api-key.global.deepseek-flash,deepseek.personal.run105-pi-intent-mock.global.deepseek-flash-high]
[run99] live advisory miss: stage=S4 channel=development scope=standalone-runtime-dev
[run115] eligibility candidates=3 eligible=1 codes=POLICY_DENY_ENDPOINT=2 request=bench-judge-h08-multi-turn-tool-refine-a1-769beca1-74d4-45e7-8c75-f11c5ee6997e alias=- model=- effort=- pass=live allow=[deepseek.personal.deepseek-api-key.global.deepseek-v4-pro] denied=[deepseek.personal.deepseek-api-key.global.deepseek-flash,deepseek.personal.run105-pi-intent-mock.global.deepseek-flash-high]
[run99] live advisory miss: stage=S4 channel=development scope=standalone-runtime-dev
[run115] eligibility candidates=3 eligible=1 codes=POLICY_DENY_ENDPOINT=2 request=bench-judge-h09-agent-metrics-chain-a1-8941227e-0288-4dce-8c88-1a5e582618de alias=- model=- effort=- pass=live allow=[deepseek.personal.deepseek-api-key.global.deepseek-v4-pro] denied=[deepseek.personal.deepseek-api-key.global.deepseek-flash,deepseek.personal.run105-pi-intent-mock.global.deepseek-flash-high]
[run99] live advisory miss: stage=S4 channel=development scope=standalone-runtime-dev
[run115] eligibility candidates=3 eligible=1 codes=POLICY_DENY_ENDPOINT=2 request=bench-judge-h10-agent-read-grep-patch-a1-5ca61d7a-b680-4e08-9063-ff7be53861f6 alias=- model=- effort=- pass=live allow=[deepseek.personal.deepseek-api-key.global.deepseek-v4-pro] denied=[deepseek.personal.deepseek-api-key.global.deepseek-flash,deepseek.personal.run105-pi-intent-mock.global.deepseek-flash-high]
[run99] live advisory miss: stage=S4 channel=development scope=standalone-runtime-dev
[run115] eligibility candidates=3 eligible=1 codes=POLICY_DENY_ENDPOINT=2 request=bench-judge-h15-max-signal-v3-a1-b8828e2e-cd9d-4f77-9545-e4e56411544f alias=- model=- effort=- pass=live allow=[deepseek.personal.deepseek-api-key.global.deepseek-v4-pro] denied=[deepseek.personal.deepseek-api-key.global.deepseek-flash,deepseek.personal.run105-pi-intent-mock.global.deepseek-flash-high]
[run99] live advisory miss: stage=S4 channel=development scope=standalone-runtime-dev
[run115] eligibility candidates=3 eligible=1 codes=POLICY_DENY_ENDPOINT=2 request=bench-judge-compare-p17-tools-multi-hard-a50f0211-fa71-4462-88e4-efb9c8d62dbd alias=- model=- effort=- pass=live allow=[deepseek.personal.deepseek-api-key.global.deepseek-v4-pro] denied=[deepseek.personal.deepseek-api-key.global.deepseek-flash,deepseek.personal.run105-pi-intent-mock.global.deepseek-flash-high]
[run99] live advisory miss: stage=S4 channel=development scope=standalone-runtime-dev
[run115] eligibility candidates=3 eligible=2 codes=POLICY_DENY_ENDPOINT=1 request=req-66ac8a9b-f735-4f56-b4fc-fc5b3417e18c alias=difficulty.remote-only model=difficulty.remote-only effort=high pass=live allow=[deepseek.personal.deepseek-api-key.global.deepseek-flash,deepseek.personal.deepseek-api-key.global.deepseek-v4-pro,deepseek.personal.run105-pi-intent-mock.global.deepseek-flash-high] denied=[deepseek.personal.deepseek-api-key.global.deepseek-flash]
[run99] live advisory miss: stage=S4 channel=development scope=standalone-runtime-dev
[run115] eligibility candidates=3 eligible=1 codes=POLICY_DENY_ENDPOINT=2 request=bench-judge-compare-x01-max-signal-18b7201c-a4ac-4640-b62e-4b8afce99e32 alias=- model=- effort=- pass=live allow=[deepseek.personal.deepseek-api-key.global.deepseek-v4-pro] denied=[deepseek.personal.deepseek-api-key.global.deepseek-flash,deepseek.personal.run105-pi-intent-mock.global.deepseek-flash-high]
[run99] live advisory miss: stage=S4 channel=development scope=standalone-runtime-dev
[run115] eligibility candidates=3 eligible=2 codes=POLICY_DENY_ENDPOINT=1 request=req-3da6dcef-0be0-45f2-a631-755f11f8eac0 alias=difficulty.remote-only model=difficulty.remote-only effort=high pass=live allow=[deepseek.personal.deepseek-api-key.global.deepseek-flash,deepseek.personal.deepseek-api-key.global.deepseek-v4-pro,deepseek.personal.run105-pi-intent-mock.global.deepseek-flash-high] denied=[deepseek.personal.deepseek-api-key.global.deepseek-flash]
[run99] live advisory miss: stage=S4 channel=development scope=standalone-runtime-dev
[run115] eligibility candidates=3 eligible=2 codes=POLICY_DENY_ENDPOINT=1 request=req-1e89fe1a-a8ef-49bf-9e65-7aea5e8cc6d6 alias=difficulty.remote-only model=difficulty.remote-only effort=high pass=live allow=[deepseek.personal.deepseek-api-key.global.deepseek-flash,deepseek.personal.deepseek-api-key.global.deepseek-v4-pro,deepseek.personal.run105-pi-intent-mock.global.deepseek-flash-high] denied=[deepseek.personal.deepseek-api-key.global.deepseek-flash]
[run99] live advisory miss: stage=S4 channel=development scope=standalone-runtime-dev
[run115] eligibility candidates=3 eligible=1 codes=POLICY_DENY_ENDPOINT=2 request=bench-judge-compare-h01-implement-two-sum-59a7f3f4-6014-4743-a81c-ce99649ce530 alias=- model=- effort=- pass=live allow=[deepseek.personal.deepseek-api-key.global.deepseek-v4-pro] denied=[deepseek.personal.deepseek-api-key.global.deepseek-flash,deepseek.personal.run105-pi-intent-mock.global.deepseek-flash-high]
[run99] live advisory miss: stage=S4 channel=development scope=standalone-runtime-dev
[run115] eligibility candidates=3 eligible=2 codes=POLICY_DENY_ENDPOINT=1 request=req-ec7dfc53-937c-4fd7-9bf0-469a35282538 alias=difficulty.remote-only model=difficulty.remote-only effort=high pass=live allow=[deepseek.personal.deepseek-api-key.global.deepseek-flash,deepseek.personal.deepseek-api-key.global.deepseek-v4-pro,deepseek.personal.run105-pi-intent-mock.global.deepseek-flash-high] denied=[deepseek.personal.deepseek-api-key.global.deepseek-flash]
[track-b-sidecar] [run140] profile invoke capability=profile:current-estimate scope=standalone-runtime-dev sessionId=operator filePath=E:\tmp\run105-full2-verification-state\standalone-runtime-dev\track-b\extensions\workers\profile-learner\profile-e983a260667256b09d300ef178f609d323eef2ceb50df234f6aeb1066c279f63.json
[track-b-sidecar] [run140] profile invoke capability=profile:current-estimate scope=standalone-runtime-dev sessionId=operator filePath=E:\tmp\run105-full2-verification-state\standalone-runtime-dev\track-b\extensions\workers\profile-learner\profile-e983a260667256b09d300ef178f609d323eef2ceb50df234f6aeb1066c279f63.json
[track-b-sidecar] [run138] learning profile hop empty (input={"scopeId":null,"scope":null,"generationKey":null})
[track-b-sidecar] [run137] profile readback empty from the operator hop (input={"scope":null,"scopeId":null,"generationKey":null})
[run99] live advisory miss: stage=S4 channel=development scope=standalone-runtime-dev
[run115] eligibility candidates=3 eligible=1 codes=POLICY_DENY_ENDPOINT=2 request=bench-judge-compare-h02-fix-async-counter-a5856104-57e6-49b6-b310-47e21e9f3c7f alias=- model=- effort=- pass=live allow=[deepseek.personal.deepseek-api-key.global.deepseek-v4-pro] denied=[deepseek.personal.deepseek-api-key.global.deepseek-flash,deepseek.personal.run105-pi-intent-mock.global.deepseek-flash-high]
[run99] live advisory miss: stage=S4 channel=development scope=standalone-runtime-dev
[run115] eligibility candidates=3 eligible=2 codes=POLICY_DENY_ENDPOINT=1 request=req-631effb0-a1a8-4b37-86a0-8c6d5262e003 alias=difficulty.remote-only model=difficulty.remote-only effort=high pass=live allow=[deepseek.personal.deepseek-api-key.global.deepseek-flash,deepseek.personal.deepseek-api-key.global.deepseek-v4-pro,deepseek.personal.run105-pi-intent-mock.global.deepseek-flash-high] denied=[deepseek.personal.deepseek-api-key.global.deepseek-flash]
[run99] live advisory miss: stage=S4 channel=development scope=standalone-runtime-dev
[run115] eligibility candidates=3 eligible=2 codes=POLICY_DENY_ENDPOINT=1 request=req-c8c2b2f8-a424-44ab-a7a8-bbfae62e1658 alias=difficulty.remote-only model=difficulty.remote-only effort=high pass=live allow=[deepseek.personal.deepseek-api-key.global.deepseek-flash,deepseek.personal.deepseek-api-key.global.deepseek-v4-pro,deepseek.personal.run105-pi-intent-mock.global.deepseek-flash-high] denied=[deepseek.personal.deepseek-api-key.global.deepseek-flash]
[run99] live advisory miss: stage=S4 channel=development scope=standalone-runtime-dev
[run115] eligibility candidates=3 eligible=2 codes=POLICY_DENY_ENDPOINT=1 request=req-34477d2a-8a9a-46b4-a3d7-2823c27e84c9 alias=difficulty.remote-only model=difficulty.remote-only effort=high pass=live allow=[deepseek.personal.deepseek-api-key.global.deepseek-flash,deepseek.personal.deepseek-api-key.global.deepseek-v4-pro,deepseek.personal.run105-pi-intent-mock.global.deepseek-flash-high] denied=[deepseek.personal.deepseek-api-key.global.deepseek-flash]
[run99] live advisory miss: stage=S4 channel=development scope=standalone-runtime-dev
[run115] eligibility candidates=3 eligible=2 codes=POLICY_DENY_ENDPOINT=1 request=req-83f0beea-cd49-462e-92db-1ef21d892795 alias=difficulty.remote-only model=difficulty.remote-only effort=high pass=live allow=[deepseek.personal.deepseek-api-key.global.deepseek-flash,deepseek.personal.deepseek-api-key.global.deepseek-v4-pro,deepseek.personal.run105-pi-intent-mock.global.deepseek-flash-high] denied=[deepseek.personal.deepseek-api-key.global.deepseek-flash]
[run99] live advisory miss: stage=S4 channel=development scope=standalone-runtime-dev
[run115] eligibility candidates=3 eligible=3 codes=none request=req-dfd13a5b-dce2-4f96-8134-764a8cfd4610 alias=difficulty.remote-only model=difficulty.remote-only effort=high pass=live allow=[deepseek.personal.deepseek-api-key.global.deepseek-flash,deepseek.personal.deepseek-api-key.global.deepseek-v4-pro,deepseek.personal.run105-pi-intent-mock.global.deepseek-flash-high] denied=[]
[run99] live advisory miss: stage=S4 channel=development scope=standalone-runtime-dev
[run115] eligibility candidates=3 eligible=1 codes=POLICY_DENY_ENDPOINT=2 request=bench-judge-compare-h04-tool-read-router-d63832e8-ca62-40ac-83d7-9146ed115dd5 alias=- model=- effort=- pass=live allow=[deepseek.personal.deepseek-api-key.global.deepseek-v4-pro] denied=[deepseek.personal.deepseek-api-key.global.deepseek-flash,deepseek.personal.run105-pi-intent-mock.global.deepseek-flash-high]
[run99] live advisory miss: stage=S4 channel=development scope=standalone-runtime-dev
[run115] eligibility candidates=3 eligible=1 codes=POLICY_DENY_ENDPOINT=2 request=bench-judge-compare-h05-tool-grep-eligibility-fbef55c8-c98d-4021-87b4-bb4c28e9b0bf alias=- model=- effort=- pass=live allow=[deepseek.personal.deepseek-api-key.global.deepseek-v4-pro] denied=[deepseek.personal.deepseek-api-key.global.deepseek-flash,deepseek.personal.run105-pi-intent-mock.global.deepseek-flash-high]
[run99] live advisory miss: stage=S4 channel=development scope=standalone-runtime-dev
[run115] eligibility candidates=3 eligible=1 codes=POLICY_DENY_ENDPOINT=2 request=bench-judge-compare-h06-tool-apply-patch-8924c8ea-6f00-414e-a738-8f8cef7b8866 alias=- model=- effort=- pass=live allow=[deepseek.personal.deepseek-api-key.global.deepseek-v4-pro] denied=[deepseek.personal.deepseek-api-key.global.deepseek-flash,deepseek.personal.run105-pi-intent-mock.global.deepseek-flash-high]
[run99] live advisory miss: stage=S4 channel=development scope=standalone-runtime-dev
[run115] eligibility candidates=3 eligible=1 codes=POLICY_DENY_ENDPOINT=2 request=bench-judge-compare-h07-multi-turn-sla-guard-a4bc4919-7d29-4aa8-9e8e-a740d893a801 alias=- model=- effort=- pass=live allow=[deepseek.personal.deepseek-api-key.global.deepseek-v4-pro] denied=[deepseek.personal.deepseek-api-key.global.deepseek-flash,deepseek.personal.run105-pi-intent-mock.global.deepseek-flash-high]
[run99] live advisory miss: stage=S4 channel=development scope=standalone-runtime-dev
[run115] eligibility candidates=3 eligible=3 codes=none request=req-9e360c10-bda1-499c-ae9e-82055d77553b alias=difficulty.remote-only model=difficulty.remote-only effort=high pass=live allow=[deepseek.personal.deepseek-api-key.global.deepseek-flash,deepseek.personal.deepseek-api-key.global.deepseek-v4-pro,deepseek.personal.run105-pi-intent-mock.global.deepseek-flash-high] denied=[]
[run99] live advisory miss: stage=S4 channel=development scope=standalone-runtime-dev
[run115] eligibility candidates=3 eligible=3 codes=none request=req-06da84e6-47ad-4d56-88b9-b0fef16dea09 alias=difficulty.remote-only model=difficulty.remote-only effort=high pass=live allow=[deepseek.personal.deepseek-api-key.global.deepseek-flash,deepseek.personal.deepseek-api-key.global.deepseek-v4-pro,deepseek.personal.run105-pi-intent-mock.global.deepseek-flash-high] denied=[]
[run99] live advisory miss: stage=S4 channel=development scope=standalone-runtime-dev
[run115] eligibility candidates=3 eligible=1 codes=POLICY_DENY_ENDPOINT=2 request=bench-judge-compare-h08-multi-turn-tool-refine-d7b62946-d88b-45f5-aaf6-e72af6cd91a3 alias=- model=- effort=- pass=live allow=[deepseek.personal.deepseek-api-key.global.deepseek-v4-pro] denied=[deepseek.personal.deepseek-api-key.global.deepseek-flash,deepseek.personal.run105-pi-intent-mock.global.deepseek-flash-high]
[run99] live advisory miss: stage=S4 channel=development scope=standalone-runtime-dev
[run115] eligibility candidates=3 eligible=1 codes=POLICY_DENY_ENDPOINT=2 request=bench-judge-compare-h09-agent-metrics-chain-2b0a94f3-02a4-43a0-9076-e294f8851ee4 alias=- model=- effort=- pass=live allow=[deepseek.personal.deepseek-api-key.global.deepseek-v4-pro] denied=[deepseek.personal.deepseek-api-key.global.deepseek-flash,deepseek.personal.run105-pi-intent-mock.global.deepseek-flash-high]
[run99] live advisory miss: stage=S4 channel=development scope=standalone-runtime-dev
[run115] eligibility candidates=3 eligible=3 codes=none request=req-0cb0d305-d12c-45a0-b7f3-ddb5eb072372 alias=difficulty.remote-only model=difficulty.remote-only effort=high pass=live allow=[deepseek.personal.deepseek-api-key.global.deepseek-flash,deepseek.personal.deepseek-api-key.global.deepseek-v4-pro,deepseek.personal.run105-pi-intent-mock.global.deepseek-flash-high] denied=[]
[run99] live advisory miss: stage=S4 channel=development scope=standalone-runtime-dev
[run115] eligibility candidates=3 eligible=1 codes=POLICY_DENY_ENDPOINT=2 request=bench-judge-compare-h10-agent-read-grep-patch-ca7103ad-17af-46c7-b04d-23c440c39e64 alias=- model=- effort=- pass=live allow=[deepseek.personal.deepseek-api-key.global.deepseek-v4-pro] denied=[deepseek.personal.deepseek-api-key.global.deepseek-flash,deepseek.personal.run105-pi-intent-mock.global.deepseek-flash-high]
[run99] live advisory miss: stage=S4 channel=development scope=standalone-runtime-dev
[run115] eligibility candidates=3 eligible=3 codes=none request=req-e6778b89-d9d6-49f8-9655-e9e7518efd3d alias=difficulty.remote-only model=difficulty.remote-only effort=high pass=live allow=[deepseek.personal.deepseek-api-key.global.deepseek-flash,deepseek.personal.deepseek-api-key.global.deepseek-v4-pro,deepseek.personal.run105-pi-intent-mock.global.deepseek-flash-high] denied=[]
[run99] live advisory miss: stage=S4 channel=development scope=standalone-runtime-dev
[run115] eligibility candidates=3 eligible=1 codes=POLICY_DENY_ENDPOINT=2 request=bench-judge-compare-h15-max-signal-v3-d07b3f57-1a6f-4da0-8c72-2146cd24407a alias=- model=- effort=- pass=live allow=[deepseek.personal.deepseek-api-key.global.deepseek-v4-pro] denied=[deepseek.personal.deepseek-api-key.global.deepseek-flash,deepseek.personal.run105-pi-intent-mock.global.deepseek-flash-high]
[track-b-sidecar] [run140] profile invoke capability=profile:current-estimate scope=standalone-runtime-dev sessionId=operator filePath=E:\tmp\run105-full2-verification-state\standalone-runtime-dev\track-b\extensions\workers\profile-learner\profile-e983a260667256b09d300ef178f609d323eef2ceb50df234f6aeb1066c279f63.json
[track-b-sidecar] [run140] profile invoke capability=profile:current-estimate scope=standalone-runtime-dev sessionId=operator filePath=E:\tmp\run105-full2-verification-state\standalone-runtime-dev\track-b\extensions\workers\profile-learner\profile-e983a260667256b09d300ef178f609d323eef2ceb50df234f6aeb1066c279f63.json
[track-b-sidecar] [run138] learning profile hop empty (input={"scopeId":null,"scope":null,"generationKey":null})
[track-b-sidecar] [run137] profile readback empty from the operator hop (input={"scope":null,"scopeId":null,"generationKey":null})
[run99] live advisory miss: stage=S4 channel=development scope=standalone-runtime-dev
[run115] eligibility candidates=2 eligible=2 codes=none request=req-83c4c43a-1349-49fe-a6ec-e0dc4e052130 alias=difficulty.remote-only model=difficulty.remote-only effort=high pass=live allow=[deepseek.personal.deepseek-api-key.global.deepseek-flash,deepseek.personal.deepseek-api-key.global.deepseek-v4-pro] denied=[]
[run99] live advisory miss: stage=S4 channel=development scope=standalone-runtime-dev
[run115] eligibility candidates=2 eligible=2 codes=none request=req-a529e903-a645-4638-886b-8045353e5efd alias=difficulty.remote-only model=difficulty.remote-only effort=high pass=live allow=[deepseek.personal.deepseek-api-key.global.deepseek-flash,deepseek.personal.deepseek-api-key.global.deepseek-v4-pro] denied=[]
[run99] live advisory miss: stage=S4 channel=development scope=standalone-runtime-dev
[run115] eligibility candidates=2 eligible=2 codes=none request=req-716c7e08-6af3-45f5-ae37-6da95fd4678d alias=difficulty.remote-only model=difficulty.remote-only effort=high pass=live allow=[deepseek.personal.deepseek-api-key.global.deepseek-flash,deepseek.personal.deepseek-api-key.global.deepseek-v4-pro] denied=[]
[run99] live advisory miss: stage=S4 channel=development scope=standalone-runtime-dev
[run115] eligibility candidates=2 eligible=2 codes=none request=req-f2bc7c37-f94d-4df8-ba40-193a01553436 alias=difficulty.remote-only model=difficulty.remote-only effort=high pass=live allow=[deepseek.personal.deepseek-api-key.global.deepseek-flash,deepseek.personal.deepseek-api-key.global.deepseek-v4-pro] denied=[]
[run99] live advisory miss: stage=S4 channel=development scope=standalone-runtime-dev
[run115] eligibility candidates=2 eligible=2 codes=none request=req-5c93f508-d5be-4883-8c6e-2a821e3d56c6 alias=difficulty.remote-only model=difficulty.remote-only effort=high pass=live allow=[deepseek.personal.deepseek-api-key.global.deepseek-flash,deepseek.personal.deepseek-api-key.global.deepseek-v4-pro] denied=[]
[run99] live advisory miss: stage=S4 channel=development scope=standalone-runtime-dev
[run115] eligibility candidates=2 eligible=2 codes=none request=req-a8ae3d0a-dbd4-4224-acd0-aea9c4f6e561 alias=difficulty.remote-only model=difficulty.remote-only effort=high pass=live allow=[deepseek.personal.deepseek-api-key.global.deepseek-flash,deepseek.personal.deepseek-api-key.global.deepseek-v4-pro] denied=[]
[run99] live advisory miss: stage=S4 channel=development scope=standalone-runtime-dev
[run115] eligibility candidates=2 eligible=2 codes=none request=req-c16094be-8189-46b0-94f7-056632f9d45e alias=difficulty.remote-only model=difficulty.remote-only effort=high pass=live allow=[deepseek.personal.deepseek-api-key.global.deepseek-flash,deepseek.personal.deepseek-api-key.global.deepseek-v4-pro] denied=[]
[run99] live advisory miss: stage=S4 channel=development scope=standalone-runtime-dev
[run115] eligibility candidates=2 eligible=2 codes=none request=req-2d1c092c-38f9-435d-a184-cf2b7b1d2515 alias=difficulty.remote-only model=difficulty.remote-only effort=high pass=live allow=[deepseek.personal.deepseek-api-key.global.deepseek-flash,deepseek.personal.deepseek-api-key.global.deepseek-v4-pro] denied=[]
[run99] live advisory miss: stage=S4 channel=development scope=standalone-runtime-dev
[run115] eligibility candidates=2 eligible=2 codes=none request=req-cba3d84f-21e6-480f-8495-ccaf72627dea alias=difficulty.remote-only model=difficulty.remote-only effort=high pass=live allow=[deepseek.personal.deepseek-api-key.global.deepseek-flash,deepseek.personal.deepseek-api-key.global.deepseek-v4-pro] denied=[]
[run99] live advisory miss: stage=S4 channel=development scope=standalone-runtime-dev
[run115] eligibility candidates=2 eligible=2 codes=none request=req-fdfdb155-428f-4d75-b672-dc4a1016d590 alias=difficulty.remote-only model=difficulty.remote-only effort=high pass=live allow=[deepseek.personal.deepseek-api-key.global.deepseek-flash,deepseek.personal.deepseek-api-key.global.deepseek-v4-pro] denied=[]
[run99] live advisory miss: stage=S4 channel=development scope=standalone-runtime-dev
[run115] eligibility candidates=2 eligible=2 codes=none request=req-e4b4b158-0674-42d5-bcf2-5f8f2f5a5d73 alias=difficulty.remote-only model=difficulty.remote-only effort=high pass=live allow=[deepseek.personal.deepseek-api-key.global.deepseek-flash,deepseek.personal.deepseek-api-key.global.deepseek-v4-pro] denied=[]
[run99] live advisory miss: stage=S4 channel=development scope=standalone-runtime-dev
[run115] eligibility candidates=2 eligible=2 codes=none request=req-6cc7f075-6ad9-44de-84fe-1358c487423f alias=difficulty.remote-only model=difficulty.remote-only effort=high pass=live allow=[deepseek.personal.deepseek-api-key.global.deepseek-flash,deepseek.personal.deepseek-api-key.global.deepseek-v4-pro] denied=[]
[run99] live advisory miss: stage=S4 channel=development scope=standalone-runtime-dev
[run115] eligibility candidates=2 eligible=2 codes=none request=req-9a759704-c33f-484d-973f-973867330670 alias=difficulty.remote-only model=difficulty.remote-only effort=high pass=live allow=[deepseek.personal.deepseek-api-key.global.deepseek-flash,deepseek.personal.deepseek-api-key.global.deepseek-v4-pro] denied=[]
[run99] live advisory miss: stage=S4 channel=development scope=standalone-runtime-dev
[run115] eligibility candidates=2 eligible=2 codes=none request=req-cbbd408c-702f-4fdc-8e87-7851713cacc2 alias=difficulty.remote-only model=difficulty.remote-only effort=high pass=live allow=[deepseek.personal.deepseek-api-key.global.deepseek-flash,deepseek.personal.deepseek-api-key.global.deepseek-v4-pro] denied=[]
[run99] live advisory miss: stage=S4 channel=development scope=standalone-runtime-dev
[run115] eligibility candidates=2 eligible=2 codes=none request=req-ed781461-0e69-4a64-950c-cb3fe26bb270 alias=difficulty.remote-only model=difficulty.remote-only effort=high pass=live allow=[deepseek.personal.deepseek-api-key.global.deepseek-flash,deepseek.personal.deepseek-api-key.global.deepseek-v4-pro] denied=[]
[run99] live advisory miss: stage=S4 channel=development scope=standalone-runtime-dev
[run115] eligibility candidates=2 eligible=2 codes=none request=req-70205eaf-bae5-4817-8474-1c9ba3126084 alias=difficulty.remote-only model=difficulty.remote-only effort=high pass=live allow=[deepseek.personal.deepseek-api-key.global.deepseek-flash,deepseek.personal.deepseek-api-key.global.deepseek-v4-pro] denied=[]
[run99] live advisory miss: stage=S4 channel=development scope=standalone-runtime-dev
[run115] eligibility candidates=2 eligible=2 codes=none request=req-66b7b5ec-6bc6-4d7f-81ee-29a1e45c3d68 alias=difficulty.remote-only model=difficulty.remote-only effort=high pass=live allow=[deepseek.personal.deepseek-api-key.global.deepseek-flash,deepseek.personal.deepseek-api-key.global.deepseek-v4-pro] denied=[]
[run99] live advisory miss: stage=S4 channel=development scope=standalone-runtime-dev
[run115] eligibility candidates=2 eligible=2 codes=none request=req-3603ec37-8fd1-41a8-8eb8-a12364f30786 alias=difficulty.remote-only model=difficulty.remote-only effort=high pass=live allow=[deepseek.personal.deepseek-api-key.global.deepseek-flash,deepseek.personal.deepseek-api-key.global.deepseek-v4-pro] denied=[]
[run99] live advisory miss: stage=S4 channel=development scope=standalone-runtime-dev
[run115] eligibility candidates=2 eligible=2 codes=none request=req-9015f0ce-c1ee-4ba5-a848-c59335695415 alias=difficulty.remote-only model=difficulty.remote-only effort=high pass=live allow=[deepseek.personal.deepseek-api-key.global.deepseek-flash,deepseek.personal.deepseek-api-key.global.deepseek-v4-pro] denied=[]
[run99] live advisory miss: stage=S4 channel=development scope=standalone-runtime-dev
[run115] eligibility candidates=2 eligible=2 codes=none request=req-72027f7e-49a3-42c2-89cd-5db12675fb29 alias=difficulty.remote-only model=difficulty.remote-only effort=high pass=live allow=[deepseek.personal.deepseek-api-key.global.deepseek-flash,deepseek.personal.deepseek-api-key.global.deepseek-v4-pro] denied=[]
[run99] live advisory miss: stage=S4 channel=development scope=standalone-runtime-dev
[run115] eligibility candidates=2 eligible=2 codes=none request=req-316a19f6-c075-4573-97ff-de1ef643136a alias=difficulty.remote-only model=difficulty.remote-only effort=high pass=live allow=[deepseek.personal.deepseek-api-key.global.deepseek-flash,deepseek.personal.deepseek-api-key.global.deepseek-v4-pro] denied=[]
[run99] live advisory miss: stage=S4 channel=development scope=standalone-runtime-dev
[run115] eligibility candidates=2 eligible=2 codes=none request=req-c9c1d333-0bfe-45ff-94e6-82672d6c4572 alias=difficulty.remote-only model=difficulty.remote-only effort=high pass=live allow=[deepseek.personal.deepseek-api-key.global.deepseek-flash,deepseek.personal.deepseek-api-key.global.deepseek-v4-pro] denied=[]
[run99] live advisory miss: stage=S4 channel=development scope=standalone-runtime-dev
[run115] eligibility candidates=2 eligible=2 codes=none request=req-e0619e11-c3af-4e17-97ff-a49a67e904df alias=difficulty.remote-only model=difficulty.remote-only effort=high pass=live allow=[deepseek.personal.deepseek-api-key.global.deepseek-flash,deepseek.personal.deepseek-api-key.global.deepseek-v4-pro] denied=[]
[run99] live advisory miss: stage=S4 channel=development scope=standalone-runtime-dev
[run115] eligibility candidates=2 eligible=2 codes=none request=req-8e736066-70e3-4366-a121-7ddb001531d5 alias=difficulty.remote-only model=difficulty.remote-only effort=high pass=live allow=[deepseek.personal.deepseek-api-key.global.deepseek-flash,deepseek.personal.deepseek-api-key.global.deepseek-v4-pro] denied=[]
[run99] live advisory miss: stage=S4 channel=development scope=standalone-runtime-dev
[run115] eligibility candidates=2 eligible=2 codes=none request=req-2250cc1f-695e-4e89-825a-b618ce0629ee alias=difficulty.remote-only model=difficulty.remote-only effort=high pass=live allow=[deepseek.personal.deepseek-api-key.global.deepseek-flash,deepseek.personal.deepseek-api-key.global.deepseek-v4-pro] denied=[]
[run99] live advisory miss: stage=S4 channel=development scope=standalone-runtime-dev
[run115] eligibility candidates=2 eligible=2 codes=none request=req-df2e63e3-87be-420b-b9b5-b0f65613f62a alias=difficulty.remote-only model=difficulty.remote-only effort=high pass=live allow=[deepseek.personal.deepseek-api-key.global.deepseek-flash,deepseek.personal.deepseek-api-key.global.deepseek-v4-pro] denied=[]
[run99] live advisory miss: stage=S4 channel=development scope=standalone-runtime-dev
[run115] eligibility candidates=3 eligible=3 codes=none request=req-34f56207-9316-4a18-b992-1feea096c8e4 alias=difficulty.remote-only model=difficulty.remote-only effort=high pass=live allow=[deepseek.personal.deepseek-api-key.global.deepseek-flash,deepseek.personal.deepseek-api-key.global.deepseek-flash-max,deepseek.personal.deepseek-api-key.global.deepseek-v4-pro] denied=[]
[run99] live advisory miss: stage=S4 channel=development scope=standalone-runtime-dev
[run115] eligibility candidates=3 eligible=3 codes=none request=req-47b42a44-09bc-449d-8d74-0ea5ba89ce6d alias=difficulty.remote-only model=difficulty.remote-only effort=high pass=live allow=[deepseek.personal.deepseek-api-key.global.deepseek-flash,deepseek.personal.deepseek-api-key.global.deepseek-flash-max,deepseek.personal.deepseek-api-key.global.deepseek-v4-pro] denied=[]
[run99] live advisory miss: stage=S4 channel=development scope=standalone-runtime-dev
[run115] eligibility candidates=3 eligible=3 codes=none request=req-cfd2566b-4323-4bdd-a4f6-e68ad5a3c39e alias=difficulty.remote-only model=difficulty.remote-only effort=high pass=live allow=[deepseek.personal.deepseek-api-key.global.deepseek-flash,deepseek.personal.deepseek-api-key.global.deepseek-flash-max,deepseek.personal.deepseek-api-key.global.deepseek-v4-pro] denied=[]
[run99] live advisory miss: stage=S4 channel=development scope=standalone-runtime-dev
[run115] eligibility candidates=3 eligible=3 codes=none request=req-6d48c181-b653-49ce-9a7d-9d7c5c227b70 alias=difficulty.remote-only model=difficulty.remote-only effort=high pass=live allow=[deepseek.personal.deepseek-api-key.global.deepseek-flash,deepseek.personal.deepseek-api-key.global.deepseek-flash-max,deepseek.personal.deepseek-api-key.global.deepseek-v4-pro] denied=[]
[run99] live advisory miss: stage=S4 channel=development scope=standalone-runtime-dev
[run115] eligibility candidates=3 eligible=1 codes=POLICY_DENY_ENDPOINT=2 request=bench-p17-tools-multi-hard-deepseek.personal.deepseek-api-key.global.deepseek-flash-max-turn1-5716fb15-36e3-46d4-86c1-2bf9a32ab401 alias=- model=- effort=- pass=live allow=[deepseek.personal.deepseek-api-key.global.deepseek-flash-max] denied=[deepseek.personal.deepseek-api-key.global.deepseek-flash,deepseek.personal.deepseek-api-key.global.deepseek-v4-pro]
[run99] live advisory miss: stage=S4 channel=development scope=standalone-runtime-dev
[run115] eligibility candidates=3 eligible=1 codes=POLICY_DENY_ENDPOINT=2 request=bench-p17-tools-multi-hard-deepseek.personal.deepseek-api-key.global.deepseek-flash-max-turn2-b204f04f-357b-44e6-8d38-1eb2b1aa52da alias=- model=- effort=- pass=live allow=[deepseek.personal.deepseek-api-key.global.deepseek-flash-max] denied=[deepseek.personal.deepseek-api-key.global.deepseek-flash,deepseek.personal.deepseek-api-key.global.deepseek-v4-pro]
[run99] live advisory miss: stage=S4 channel=development scope=standalone-runtime-dev
[run115] eligibility candidates=3 eligible=1 codes=POLICY_DENY_ENDPOINT=2 request=bench-p17-tools-multi-hard-deepseek.personal.deepseek-api-key.global.deepseek-flash-max-turn3-b53d9e53-1c1e-4238-a664-37f252dc57f5 alias=- model=- effort=- pass=live allow=[deepseek.personal.deepseek-api-key.global.deepseek-flash-max] denied=[deepseek.personal.deepseek-api-key.global.deepseek-flash,deepseek.personal.deepseek-api-key.global.deepseek-v4-pro]
[run99] live advisory miss: stage=S4 channel=development scope=standalone-runtime-dev
[run115] eligibility candidates=3 eligible=1 codes=POLICY_DENY_ENDPOINT=2 request=bench-x01-max-signal-deepseek.personal.deepseek-api-key.global.deepseek-flash-max-turn1-69c45cc6-d98f-4bc4-9a93-a4b4aa1120ed alias=- model=- effort=- pass=live allow=[deepseek.personal.deepseek-api-key.global.deepseek-flash-max] denied=[deepseek.personal.deepseek-api-key.global.deepseek-flash,deepseek.personal.deepseek-api-key.global.deepseek-v4-pro]
[run99] live advisory miss: stage=S4 channel=development scope=standalone-runtime-dev
[run115] eligibility candidates=3 eligible=1 codes=POLICY_DENY_ENDPOINT=2 request=bench-x01-max-signal-deepseek.personal.deepseek-api-key.global.deepseek-flash-max-turn2-d4939aa9-a34d-4b57-ab83-103ba75e1771 alias=- model=- effort=- pass=live allow=[deepseek.personal.deepseek-api-key.global.deepseek-flash-max] denied=[deepseek.personal.deepseek-api-key.global.deepseek-flash,deepseek.personal.deepseek-api-key.global.deepseek-v4-pro]
[run99] live advisory miss: stage=S4 channel=development scope=standalone-runtime-dev
[run115] eligibility candidates=3 eligible=1 codes=POLICY_DENY_ENDPOINT=2 request=bench-x01-max-signal-deepseek.personal.deepseek-api-key.global.deepseek-flash-max-turn3-66bd509a-855e-4951-a51b-c231ece96100 alias=- model=- effort=- pass=live allow=[deepseek.personal.deepseek-api-key.global.deepseek-flash-max] denied=[deepseek.personal.deepseek-api-key.global.deepseek-flash,deepseek.personal.deepseek-api-key.global.deepseek-v4-pro]
[run99] live advisory miss: stage=S4 channel=development scope=standalone-runtime-dev
[run115] eligibility candidates=3 eligible=1 codes=POLICY_DENY_ENDPOINT=2 request=bench-h01-implement-two-sum-deepseek.personal.deepseek-api-key.global.deepseek-flash-max-turn1-f02121fb-2229-4f04-abc6-54217823473d alias=- model=- effort=- pass=live allow=[deepseek.personal.deepseek-api-key.global.deepseek-flash-max] denied=[deepseek.personal.deepseek-api-key.global.deepseek-flash,deepseek.personal.deepseek-api-key.global.deepseek-v4-pro]
[run99] live advisory miss: stage=S4 channel=development scope=standalone-runtime-dev
[run115] eligibility candidates=3 eligible=1 codes=POLICY_DENY_ENDPOINT=2 request=bench-h02-fix-async-counter-deepseek.personal.deepseek-api-key.global.deepseek-flash-max-turn1-f4ab7aad-6c59-446c-ac54-58ee8c0af678 alias=- model=- effort=- pass=live allow=[deepseek.personal.deepseek-api-key.global.deepseek-flash-max] denied=[deepseek.personal.deepseek-api-key.global.deepseek-flash,deepseek.personal.deepseek-api-key.global.deepseek-v4-pro]
[run99] live advisory miss: stage=S4 channel=development scope=standalone-runtime-dev
[run115] eligibility candidates=3 eligible=1 codes=POLICY_DENY_ENDPOINT=2 request=bench-h04-tool-read-router-deepseek.personal.deepseek-api-key.global.deepseek-flash-max-turn1-b97d2dcb-9b70-424a-a645-2deb376f0e6c alias=- model=- effort=- pass=live allow=[deepseek.personal.deepseek-api-key.global.deepseek-flash-max] denied=[deepseek.personal.deepseek-api-key.global.deepseek-flash,deepseek.personal.deepseek-api-key.global.deepseek-v4-pro]
[run99] live advisory miss: stage=S4 channel=development scope=standalone-runtime-dev
[run115] eligibility candidates=3 eligible=1 codes=POLICY_DENY_ENDPOINT=2 request=bench-h04-tool-read-router-deepseek.personal.deepseek-api-key.global.deepseek-flash-max-turn2-7c1fab58-5c55-4914-b4a9-a5cb10f766f8 alias=- model=- effort=- pass=live allow=[deepseek.personal.deepseek-api-key.global.deepseek-flash-max] denied=[deepseek.personal.deepseek-api-key.global.deepseek-flash,deepseek.personal.deepseek-api-key.global.deepseek-v4-pro]
[run99] live advisory miss: stage=S4 channel=development scope=standalone-runtime-dev
[run115] eligibility candidates=3 eligible=1 codes=POLICY_DENY_ENDPOINT=2 request=bench-h05-tool-grep-eligibility-deepseek.personal.deepseek-api-key.global.deepseek-flash-max-turn1-a2f28aca-451b-4949-a878-db1b86bfab9c alias=- model=- effort=- pass=live allow=[deepseek.personal.deepseek-api-key.global.deepseek-flash-max] denied=[deepseek.personal.deepseek-api-key.global.deepseek-flash,deepseek.personal.deepseek-api-key.global.deepseek-v4-pro]
[run99] live advisory miss: stage=S4 channel=development scope=standalone-runtime-dev
[run115] eligibility candidates=3 eligible=1 codes=POLICY_DENY_ENDPOINT=2 request=bench-h05-tool-grep-eligibility-deepseek.personal.deepseek-api-key.global.deepseek-flash-max-turn2-c02ba45f-d720-4ab7-97a2-b0c4153127a7 alias=- model=- effort=- pass=live allow=[deepseek.personal.deepseek-api-key.global.deepseek-flash-max] denied=[deepseek.personal.deepseek-api-key.global.deepseek-flash,deepseek.personal.deepseek-api-key.global.deepseek-v4-pro]
[run99] live advisory miss: stage=S4 channel=development scope=standalone-runtime-dev
[run115] eligibility candidates=3 eligible=1 codes=POLICY_DENY_ENDPOINT=2 request=bench-h05-tool-grep-eligibility-deepseek.personal.deepseek-api-key.global.deepseek-flash-max-turn3-73dd2550-5e41-45f9-b4cb-b2fa8bf39024 alias=- model=- effort=- pass=live allow=[deepseek.personal.deepseek-api-key.global.deepseek-flash-max] denied=[deepseek.personal.deepseek-api-key.global.deepseek-flash,deepseek.personal.deepseek-api-key.global.deepseek-v4-pro]
[run99] live advisory miss: stage=S4 channel=development scope=standalone-runtime-dev
[run115] eligibility candidates=3 eligible=1 codes=POLICY_DENY_ENDPOINT=2 request=bench-h06-tool-apply-patch-deepseek.personal.deepseek-api-key.global.deepseek-flash-max-turn1-0c2bb508-88af-46ae-9743-223e7974ae63 alias=- model=- effort=- pass=live allow=[deepseek.personal.deepseek-api-key.global.deepseek-flash-max] denied=[deepseek.personal.deepseek-api-key.global.deepseek-flash,deepseek.personal.deepseek-api-key.global.deepseek-v4-pro]
[run99] live advisory miss: stage=S4 channel=development scope=standalone-runtime-dev
[run115] eligibility candidates=3 eligible=1 codes=POLICY_DENY_ENDPOINT=2 request=bench-h06-tool-apply-patch-deepseek.personal.deepseek-api-key.global.deepseek-flash-max-turn2-45751dc6-0aec-4e4f-8397-343cb7de9027 alias=- model=- effort=- pass=live allow=[deepseek.personal.deepseek-api-key.global.deepseek-flash-max] denied=[deepseek.personal.deepseek-api-key.global.deepseek-flash,deepseek.personal.deepseek-api-key.global.deepseek-v4-pro]
[run99] live advisory miss: stage=S4 channel=development scope=standalone-runtime-dev
[run115] eligibility candidates=3 eligible=1 codes=POLICY_DENY_ENDPOINT=2 request=bench-h07-multi-turn-sla-guard-deepseek.personal.deepseek-api-key.global.deepseek-flash-max-turn1-c88c976e-2709-418e-ad17-a5cc400a308c alias=- model=- effort=- pass=live allow=[deepseek.personal.deepseek-api-key.global.deepseek-flash-max] denied=[deepseek.personal.deepseek-api-key.global.deepseek-flash,deepseek.personal.deepseek-api-key.global.deepseek-v4-pro]
[run99] live advisory miss: stage=S4 channel=development scope=standalone-runtime-dev
[run115] eligibility candidates=3 eligible=1 codes=POLICY_DENY_ENDPOINT=2 request=bench-h08-multi-turn-tool-refine-deepseek.personal.deepseek-api-key.global.deepseek-flash-max-turn1-6ad274a5-bb70-4969-b013-5bad5f952518 alias=- model=- effort=- pass=live allow=[deepseek.personal.deepseek-api-key.global.deepseek-flash-max] denied=[deepseek.personal.deepseek-api-key.global.deepseek-flash,deepseek.personal.deepseek-api-key.global.deepseek-v4-pro]
[run99] live advisory miss: stage=S4 channel=development scope=standalone-runtime-dev
[run115] eligibility candidates=3 eligible=1 codes=POLICY_DENY_ENDPOINT=2 request=bench-h08-multi-turn-tool-refine-deepseek.personal.deepseek-api-key.global.deepseek-flash-max-turn2-84852ada-a24b-4360-9ee2-bffe40695281 alias=- model=- effort=- pass=live allow=[deepseek.personal.deepseek-api-key.global.deepseek-flash-max] denied=[deepseek.personal.deepseek-api-key.global.deepseek-flash,deepseek.personal.deepseek-api-key.global.deepseek-v4-pro]
[run99] live advisory miss: stage=S4 channel=development scope=standalone-runtime-dev
[run115] eligibility candidates=3 eligible=1 codes=POLICY_DENY_ENDPOINT=2 request=bench-h09-agent-metrics-chain-deepseek.personal.deepseek-api-key.global.deepseek-flash-max-turn1-ebca642f-6deb-4c89-8f10-4e54e05cb1dc alias=- model=- effort=- pass=live allow=[deepseek.personal.deepseek-api-key.global.deepseek-flash-max] denied=[deepseek.personal.deepseek-api-key.global.deepseek-flash,deepseek.personal.deepseek-api-key.global.deepseek-v4-pro]
[run99] live advisory miss: stage=S4 channel=development scope=standalone-runtime-dev
[run115] eligibility candidates=3 eligible=1 codes=POLICY_DENY_ENDPOINT=2 request=bench-h09-agent-metrics-chain-deepseek.personal.deepseek-api-key.global.deepseek-flash-max-turn2-ec6f31f9-cc60-4caa-80d3-01106de6cbea alias=- model=- effort=- pass=live allow=[deepseek.personal.deepseek-api-key.global.deepseek-flash-max] denied=[deepseek.personal.deepseek-api-key.global.deepseek-flash,deepseek.personal.deepseek-api-key.global.deepseek-v4-pro]
[run99] live advisory miss: stage=S4 channel=development scope=standalone-runtime-dev
[run115] eligibility candidates=3 eligible=1 codes=POLICY_DENY_ENDPOINT=2 request=bench-h09-agent-metrics-chain-deepseek.personal.deepseek-api-key.global.deepseek-flash-max-turn3-d5888a91-e479-4fd3-bbcf-21fd92fcf813 alias=- model=- effort=- pass=live allow=[deepseek.personal.deepseek-api-key.global.deepseek-flash-max] denied=[deepseek.personal.deepseek-api-key.global.deepseek-flash,deepseek.personal.deepseek-api-key.global.deepseek-v4-pro]
[run99] live advisory miss: stage=S4 channel=development scope=standalone-runtime-dev
[run115] eligibility candidates=3 eligible=1 codes=POLICY_DENY_ENDPOINT=2 request=bench-h09-agent-metrics-chain-deepseek.personal.deepseek-api-key.global.deepseek-flash-max-turn4-181aaf58-125c-42b7-8738-14a1d3cb5126 alias=- model=- effort=- pass=live allow=[deepseek.personal.deepseek-api-key.global.deepseek-flash-max] denied=[deepseek.personal.deepseek-api-key.global.deepseek-flash,deepseek.personal.deepseek-api-key.global.deepseek-v4-pro]
[run99] live advisory miss: stage=S4 channel=development scope=standalone-runtime-dev
[run115] eligibility candidates=3 eligible=1 codes=POLICY_DENY_ENDPOINT=2 request=bench-h09-agent-metrics-chain-deepseek.personal.deepseek-api-key.global.deepseek-flash-max-turn5-41e084e6-4423-45ef-b25f-cca3445e5ca6 alias=- model=- effort=- pass=live allow=[deepseek.personal.deepseek-api-key.global.deepseek-flash-max] denied=[deepseek.personal.deepseek-api-key.global.deepseek-flash,deepseek.personal.deepseek-api-key.global.deepseek-v4-pro]
[run99] live advisory miss: stage=S4 channel=development scope=standalone-runtime-dev
[run115] eligibility candidates=3 eligible=1 codes=POLICY_DENY_ENDPOINT=2 request=bench-h10-agent-read-grep-patch-deepseek.personal.deepseek-api-key.global.deepseek-flash-max-turn1-1a23e54f-a9b9-43da-bfb7-b6f82c7bd30a alias=- model=- effort=- pass=live allow=[deepseek.personal.deepseek-api-key.global.deepseek-flash-max] denied=[deepseek.personal.deepseek-api-key.global.deepseek-flash,deepseek.personal.deepseek-api-key.global.deepseek-v4-pro]
[run99] live advisory miss: stage=S4 channel=development scope=standalone-runtime-dev
[run115] eligibility candidates=3 eligible=1 codes=POLICY_DENY_ENDPOINT=2 request=bench-h10-agent-read-grep-patch-deepseek.personal.deepseek-api-key.global.deepseek-flash-max-turn2-4df279e8-3400-4a30-bfed-dea54ad8cdcb alias=- model=- effort=- pass=live allow=[deepseek.personal.deepseek-api-key.global.deepseek-flash-max] denied=[deepseek.personal.deepseek-api-key.global.deepseek-flash,deepseek.personal.deepseek-api-key.global.deepseek-v4-pro]
[run99] live advisory miss: stage=S4 channel=development scope=standalone-runtime-dev
[run115] eligibility candidates=3 eligible=1 codes=POLICY_DENY_ENDPOINT=2 request=bench-h10-agent-read-grep-patch-deepseek.personal.deepseek-api-key.global.deepseek-flash-max-turn3-d4c955a3-0f44-40ef-bbeb-7d7ac3e30a4c alias=- model=- effort=- pass=live allow=[deepseek.personal.deepseek-api-key.global.deepseek-flash-max] denied=[deepseek.personal.deepseek-api-key.global.deepseek-flash,deepseek.personal.deepseek-api-key.global.deepseek-v4-pro]
[run99] live advisory miss: stage=S4 channel=development scope=standalone-runtime-dev
[run115] eligibility candidates=3 eligible=1 codes=POLICY_DENY_ENDPOINT=2 request=bench-h15-max-signal-v3-deepseek.personal.deepseek-api-key.global.deepseek-flash-max-turn1-3e0274bc-5fd5-4e3b-8eeb-19d985abbfd3 alias=- model=- effort=- pass=live allow=[deepseek.personal.deepseek-api-key.global.deepseek-flash-max] denied=[deepseek.personal.deepseek-api-key.global.deepseek-flash,deepseek.personal.deepseek-api-key.global.deepseek-v4-pro]
[run99] live advisory miss: stage=S4 channel=development scope=standalone-runtime-dev
[run115] eligibility candidates=3 eligible=1 codes=POLICY_DENY_ENDPOINT=2 request=bench-h15-max-signal-v3-deepseek.personal.deepseek-api-key.global.deepseek-flash-max-turn2-3df68595-0062-4406-9012-87f23117deab alias=- model=- effort=- pass=live allow=[deepseek.personal.deepseek-api-key.global.deepseek-flash-max] denied=[deepseek.personal.deepseek-api-key.global.deepseek-flash,deepseek.personal.deepseek-api-key.global.deepseek-v4-pro]
[run99] live advisory miss: stage=S4 channel=development scope=standalone-runtime-dev
[run115] eligibility candidates=3 eligible=1 codes=POLICY_DENY_ENDPOINT=2 request=bench-h15-max-signal-v3-deepseek.personal.deepseek-api-key.global.deepseek-flash-max-turn3-35efede4-66b7-4044-8155-39059b5627a2 alias=- model=- effort=- pass=live allow=[deepseek.personal.deepseek-api-key.global.deepseek-flash-max] denied=[deepseek.personal.deepseek-api-key.global.deepseek-flash,deepseek.personal.deepseek-api-key.global.deepseek-v4-pro]
[run99] live advisory miss: stage=S4 channel=development scope=standalone-runtime-dev
[run115] eligibility candidates=3 eligible=1 codes=POLICY_DENY_ENDPOINT=2 request=bench-p17-tools-multi-hard-deepseek.personal.deepseek-api-key.global.deepseek-v4-pro-turn1-62419a65-b036-44d9-a53a-770ee31be77a alias=- model=- effort=- pass=live allow=[deepseek.personal.deepseek-api-key.global.deepseek-v4-pro] denied=[deepseek.personal.deepseek-api-key.global.deepseek-flash,deepseek.personal.deepseek-api-key.global.deepseek-flash-max]
[run99] live advisory miss: stage=S4 channel=development scope=standalone-runtime-dev
[run115] eligibility candidates=3 eligible=1 codes=POLICY_DENY_ENDPOINT=2 request=bench-p17-tools-multi-hard-deepseek.personal.deepseek-api-key.global.deepseek-v4-pro-turn2-bc1ec381-846a-42f3-b159-8c5637984467 alias=- model=- effort=- pass=live allow=[deepseek.personal.deepseek-api-key.global.deepseek-v4-pro] denied=[deepseek.personal.deepseek-api-key.global.deepseek-flash,deepseek.personal.deepseek-api-key.global.deepseek-flash-max]
[run99] live advisory miss: stage=S4 channel=development scope=standalone-runtime-dev
[run115] eligibility candidates=3 eligible=1 codes=POLICY_DENY_ENDPOINT=2 request=bench-p17-tools-multi-hard-deepseek.personal.deepseek-api-key.global.deepseek-v4-pro-turn3-dbd6f8b5-649b-49d6-855c-7522c857e690 alias=- model=- effort=- pass=live allow=[deepseek.personal.deepseek-api-key.global.deepseek-v4-pro] denied=[deepseek.personal.deepseek-api-key.global.deepseek-flash,deepseek.personal.deepseek-api-key.global.deepseek-flash-max]
[run99] live advisory miss: stage=S4 channel=development scope=standalone-runtime-dev
[run115] eligibility candidates=3 eligible=1 codes=POLICY_DENY_ENDPOINT=2 request=bench-x01-max-signal-deepseek.personal.deepseek-api-key.global.deepseek-v4-pro-turn1-8701339d-b1ea-4f88-91dd-d9954b2e98d1 alias=- model=- effort=- pass=live allow=[deepseek.personal.deepseek-api-key.global.deepseek-v4-pro] denied=[deepseek.personal.deepseek-api-key.global.deepseek-flash,deepseek.personal.deepseek-api-key.global.deepseek-flash-max]
[run99] live advisory miss: stage=S4 channel=development scope=standalone-runtime-dev
[run115] eligibility candidates=3 eligible=1 codes=POLICY_DENY_ENDPOINT=2 request=bench-x01-max-signal-deepseek.personal.deepseek-api-key.global.deepseek-v4-pro-turn2-4c8f2112-7d04-43c3-a24b-b0e84b13d0e0 alias=- model=- effort=- pass=live allow=[deepseek.personal.deepseek-api-key.global.deepseek-v4-pro] denied=[deepseek.personal.deepseek-api-key.global.deepseek-flash,deepseek.personal.deepseek-api-key.global.deepseek-flash-max]
[run99] live advisory miss: stage=S4 channel=development scope=standalone-runtime-dev
[run115] eligibility candidates=3 eligible=1 codes=POLICY_DENY_ENDPOINT=2 request=bench-x01-max-signal-deepseek.personal.deepseek-api-key.global.deepseek-v4-pro-turn3-04fe4d28-17e4-45bc-ae6e-3a15c96a3b6e alias=- model=- effort=- pass=live allow=[deepseek.personal.deepseek-api-key.global.deepseek-v4-pro] denied=[deepseek.personal.deepseek-api-key.global.deepseek-flash,deepseek.personal.deepseek-api-key.global.deepseek-flash-max]
[run99] live advisory miss: stage=S4 channel=development scope=standalone-runtime-dev
[run115] eligibility candidates=3 eligible=1 codes=POLICY_DENY_ENDPOINT=2 request=bench-h01-implement-two-sum-deepseek.personal.deepseek-api-key.global.deepseek-v4-pro-turn1-00508365-e1b3-40bc-9bc4-e555ce4f9a85 alias=- model=- effort=- pass=live allow=[deepseek.personal.deepseek-api-key.global.deepseek-v4-pro] denied=[deepseek.personal.deepseek-api-key.global.deepseek-flash,deepseek.personal.deepseek-api-key.global.deepseek-flash-max]
[run99] live advisory miss: stage=S4 channel=development scope=standalone-runtime-dev
[run115] eligibility candidates=3 eligible=1 codes=POLICY_DENY_ENDPOINT=2 request=bench-h02-fix-async-counter-deepseek.personal.deepseek-api-key.global.deepseek-v4-pro-turn1-7d1f75d1-ff87-4604-ab82-a23fb9ae83bc alias=- model=- effort=- pass=live allow=[deepseek.personal.deepseek-api-key.global.deepseek-v4-pro] denied=[deepseek.personal.deepseek-api-key.global.deepseek-flash,deepseek.personal.deepseek-api-key.global.deepseek-flash-max]
[run99] live advisory miss: stage=S4 channel=development scope=standalone-runtime-dev
[run115] eligibility candidates=3 eligible=1 codes=POLICY_DENY_ENDPOINT=2 request=bench-h04-tool-read-router-deepseek.personal.deepseek-api-key.global.deepseek-v4-pro-turn1-c5652852-9201-45df-b08d-76a5b125341e alias=- model=- effort=- pass=live allow=[deepseek.personal.deepseek-api-key.global.deepseek-v4-pro] denied=[deepseek.personal.deepseek-api-key.global.deepseek-flash,deepseek.personal.deepseek-api-key.global.deepseek-flash-max]
[run99] live advisory miss: stage=S4 channel=development scope=standalone-runtime-dev
[run115] eligibility candidates=3 eligible=1 codes=POLICY_DENY_ENDPOINT=2 request=bench-h04-tool-read-router-deepseek.personal.deepseek-api-key.global.deepseek-v4-pro-turn2-b8e05e3c-bdda-4e5d-a92f-d6763872233b alias=- model=- effort=- pass=live allow=[deepseek.personal.deepseek-api-key.global.deepseek-v4-pro] denied=[deepseek.personal.deepseek-api-key.global.deepseek-flash,deepseek.personal.deepseek-api-key.global.deepseek-flash-max]
[run99] live advisory miss: stage=S4 channel=development scope=standalone-runtime-dev
[run115] eligibility candidates=3 eligible=1 codes=POLICY_DENY_ENDPOINT=2 request=bench-h05-tool-grep-eligibility-deepseek.personal.deepseek-api-key.global.deepseek-v4-pro-turn1-dad1e546-e9ae-4734-b26f-55e8698a4804 alias=- model=- effort=- pass=live allow=[deepseek.personal.deepseek-api-key.global.deepseek-v4-pro] denied=[deepseek.personal.deepseek-api-key.global.deepseek-flash,deepseek.personal.deepseek-api-key.global.deepseek-flash-max]
[run99] live advisory miss: stage=S4 channel=development scope=standalone-runtime-dev
[run115] eligibility candidates=3 eligible=1 codes=POLICY_DENY_ENDPOINT=2 request=bench-h05-tool-grep-eligibility-deepseek.personal.deepseek-api-key.global.deepseek-v4-pro-turn2-bcdad5dc-007a-46f2-9896-154d9df49212 alias=- model=- effort=- pass=live allow=[deepseek.personal.deepseek-api-key.global.deepseek-v4-pro] denied=[deepseek.personal.deepseek-api-key.global.deepseek-flash,deepseek.personal.deepseek-api-key.global.deepseek-flash-max]
[run99] live advisory miss: stage=S4 channel=development scope=standalone-runtime-dev
[run115] eligibility candidates=3 eligible=1 codes=POLICY_DENY_ENDPOINT=2 request=bench-h05-tool-grep-eligibility-deepseek.personal.deepseek-api-key.global.deepseek-v4-pro-turn3-d2f01db2-e765-4149-9af5-8b9943f9d80f alias=- model=- effort=- pass=live allow=[deepseek.personal.deepseek-api-key.global.deepseek-v4-pro] denied=[deepseek.personal.deepseek-api-key.global.deepseek-flash,deepseek.personal.deepseek-api-key.global.deepseek-flash-max]
[run99] live advisory miss: stage=S4 channel=development scope=standalone-runtime-dev
[run115] eligibility candidates=3 eligible=1 codes=POLICY_DENY_ENDPOINT=2 request=bench-h06-tool-apply-patch-deepseek.personal.deepseek-api-key.global.deepseek-v4-pro-turn1-601e0f23-a3f7-4865-b5c6-c47016d00ac7 alias=- model=- effort=- pass=live allow=[deepseek.personal.deepseek-api-key.global.deepseek-v4-pro] denied=[deepseek.personal.deepseek-api-key.global.deepseek-flash,deepseek.personal.deepseek-api-key.global.deepseek-flash-max]
[run99] live advisory miss: stage=S4 channel=development scope=standalone-runtime-dev
[run115] eligibility candidates=3 eligible=1 codes=POLICY_DENY_ENDPOINT=2 request=bench-h06-tool-apply-patch-deepseek.personal.deepseek-api-key.global.deepseek-v4-pro-turn2-0ecc1d9e-d6c4-4710-8ca6-a56b01970226 alias=- model=- effort=- pass=live allow=[deepseek.personal.deepseek-api-key.global.deepseek-v4-pro] denied=[deepseek.personal.deepseek-api-key.global.deepseek-flash,deepseek.personal.deepseek-api-key.global.deepseek-flash-max]
[run99] live advisory miss: stage=S4 channel=development scope=standalone-runtime-dev
[run115] eligibility candidates=3 eligible=1 codes=POLICY_DENY_ENDPOINT=2 request=bench-h06-tool-apply-patch-deepseek.personal.deepseek-api-key.global.deepseek-v4-pro-turn3-a07f88d9-ac9d-4a71-a92f-d3360af20bbb alias=- model=- effort=- pass=live allow=[deepseek.personal.deepseek-api-key.global.deepseek-v4-pro] denied=[deepseek.personal.deepseek-api-key.global.deepseek-flash,deepseek.personal.deepseek-api-key.global.deepseek-flash-max]
[run99] live advisory miss: stage=S4 channel=development scope=standalone-runtime-dev
[run115] eligibility candidates=3 eligible=1 codes=POLICY_DENY_ENDPOINT=2 request=bench-h07-multi-turn-sla-guard-deepseek.personal.deepseek-api-key.global.deepseek-v4-pro-turn1-7ba01d17-c188-4bd5-a2da-e89385ba64be alias=- model=- effort=- pass=live allow=[deepseek.personal.deepseek-api-key.global.deepseek-v4-pro] denied=[deepseek.personal.deepseek-api-key.global.deepseek-flash,deepseek.personal.deepseek-api-key.global.deepseek-flash-max]
[run99] live advisory miss: stage=S4 channel=development scope=standalone-runtime-dev
[run115] eligibility candidates=3 eligible=1 codes=POLICY_DENY_ENDPOINT=2 request=bench-h08-multi-turn-tool-refine-deepseek.personal.deepseek-api-key.global.deepseek-v4-pro-turn1-4c056bdb-58cb-444b-b62b-7f0a4184780b alias=- model=- effort=- pass=live allow=[deepseek.personal.deepseek-api-key.global.deepseek-v4-pro] denied=[deepseek.personal.deepseek-api-key.global.deepseek-flash,deepseek.personal.deepseek-api-key.global.deepseek-flash-max]
[run99] live advisory miss: stage=S4 channel=development scope=standalone-runtime-dev
[run115] eligibility candidates=3 eligible=1 codes=POLICY_DENY_ENDPOINT=2 request=bench-h08-multi-turn-tool-refine-deepseek.personal.deepseek-api-key.global.deepseek-v4-pro-turn2-54cecc17-5fe3-4119-9f66-f71549fc13a0 alias=- model=- effort=- pass=live allow=[deepseek.personal.deepseek-api-key.global.deepseek-v4-pro] denied=[deepseek.personal.deepseek-api-key.global.deepseek-flash,deepseek.personal.deepseek-api-key.global.deepseek-flash-max]
[run99] live advisory miss: stage=S4 channel=development scope=standalone-runtime-dev
[run115] eligibility candidates=3 eligible=1 codes=POLICY_DENY_ENDPOINT=2 request=bench-h09-agent-metrics-chain-deepseek.personal.deepseek-api-key.global.deepseek-v4-pro-turn1-e04aeaf8-b182-4a16-beb8-a154cb385c1f alias=- model=- effort=- pass=live allow=[deepseek.personal.deepseek-api-key.global.deepseek-v4-pro] denied=[deepseek.personal.deepseek-api-key.global.deepseek-flash,deepseek.personal.deepseek-api-key.global.deepseek-flash-max]
[run99] live advisory miss: stage=S4 channel=development scope=standalone-runtime-dev
[run115] eligibility candidates=3 eligible=1 codes=POLICY_DENY_ENDPOINT=2 request=bench-h09-agent-metrics-chain-deepseek.personal.deepseek-api-key.global.deepseek-v4-pro-turn2-3e4599a2-3999-4458-aa97-1698d19c3d88 alias=- model=- effort=- pass=live allow=[deepseek.personal.deepseek-api-key.global.deepseek-v4-pro] denied=[deepseek.personal.deepseek-api-key.global.deepseek-flash,deepseek.personal.deepseek-api-key.global.deepseek-flash-max]
[run99] live advisory miss: stage=S4 channel=development scope=standalone-runtime-dev
[run115] eligibility candidates=3 eligible=1 codes=POLICY_DENY_ENDPOINT=2 request=bench-h09-agent-metrics-chain-deepseek.personal.deepseek-api-key.global.deepseek-v4-pro-turn3-da9d012d-b0b3-4203-828c-91193aad954d alias=- model=- effort=- pass=live allow=[deepseek.personal.deepseek-api-key.global.deepseek-v4-pro] denied=[deepseek.personal.deepseek-api-key.global.deepseek-flash,deepseek.personal.deepseek-api-key.global.deepseek-flash-max]
[run99] live advisory miss: stage=S4 channel=development scope=standalone-runtime-dev
[run115] eligibility candidates=3 eligible=1 codes=POLICY_DENY_ENDPOINT=2 request=bench-h09-agent-metrics-chain-deepseek.personal.deepseek-api-key.global.deepseek-v4-pro-turn4-f054ffcd-fca0-4f08-b08e-0b27725381c8 alias=- model=- effort=- pass=live allow=[deepseek.personal.deepseek-api-key.global.deepseek-v4-pro] denied=[deepseek.personal.deepseek-api-key.global.deepseek-flash,deepseek.personal.deepseek-api-key.global.deepseek-flash-max]
[run99] live advisory miss: stage=S4 channel=development scope=standalone-runtime-dev
[run115] eligibility candidates=3 eligible=1 codes=POLICY_DENY_ENDPOINT=2 request=bench-h10-agent-read-grep-patch-deepseek.personal.deepseek-api-key.global.deepseek-v4-pro-turn1-5bf24083-2b96-41ab-b835-615b094cf2d2 alias=- model=- effort=- pass=live allow=[deepseek.personal.deepseek-api-key.global.deepseek-v4-pro] denied=[deepseek.personal.deepseek-api-key.global.deepseek-flash,deepseek.personal.deepseek-api-key.global.deepseek-flash-max]
[run99] live advisory miss: stage=S4 channel=development scope=standalone-runtime-dev
[run115] eligibility candidates=3 eligible=1 codes=POLICY_DENY_ENDPOINT=2 request=bench-h10-agent-read-grep-patch-deepseek.personal.deepseek-api-key.global.deepseek-v4-pro-turn2-60857ba8-9697-491b-93cf-7ad7ee2d1dd4 alias=- model=- effort=- pass=live allow=[deepseek.personal.deepseek-api-key.global.deepseek-v4-pro] denied=[deepseek.personal.deepseek-api-key.global.deepseek-flash,deepseek.personal.deepseek-api-key.global.deepseek-flash-max]
[run99] live advisory miss: stage=S4 channel=development scope=standalone-runtime-dev
[run115] eligibility candidates=3 eligible=1 codes=POLICY_DENY_ENDPOINT=2 request=bench-h10-agent-read-grep-patch-deepseek.personal.deepseek-api-key.global.deepseek-v4-pro-turn3-1854eb81-2e17-4115-bea6-38b5b6fd490e alias=- model=- effort=- pass=live allow=[deepseek.personal.deepseek-api-key.global.deepseek-v4-pro] denied=[deepseek.personal.deepseek-api-key.global.deepseek-flash,deepseek.personal.deepseek-api-key.global.deepseek-flash-max]
[run99] live advisory miss: stage=S4 channel=development scope=standalone-runtime-dev
[run115] eligibility candidates=3 eligible=1 codes=POLICY_DENY_ENDPOINT=2 request=bench-h15-max-signal-v3-deepseek.personal.deepseek-api-key.global.deepseek-v4-pro-turn1-250db1fb-aba8-4aa0-ad58-b78d22a2f7cd alias=- model=- effort=- pass=live allow=[deepseek.personal.deepseek-api-key.global.deepseek-v4-pro] denied=[deepseek.personal.deepseek-api-key.global.deepseek-flash,deepseek.personal.deepseek-api-key.global.deepseek-flash-max]
[run99] live advisory miss: stage=S4 channel=development scope=standalone-runtime-dev
[run115] eligibility candidates=3 eligible=1 codes=POLICY_DENY_ENDPOINT=2 request=bench-h15-max-signal-v3-deepseek.personal.deepseek-api-key.global.deepseek-v4-pro-turn2-23f95b3a-919c-4847-a44c-a1c0feb94f57 alias=- model=- effort=- pass=live allow=[deepseek.personal.deepseek-api-key.global.deepseek-v4-pro] denied=[deepseek.personal.deepseek-api-key.global.deepseek-flash,deepseek.personal.deepseek-api-key.global.deepseek-flash-max]
[run99] live advisory miss: stage=S4 channel=development scope=standalone-runtime-dev
[run115] eligibility candidates=3 eligible=1 codes=POLICY_DENY_ENDPOINT=2 request=bench-h15-max-signal-v3-deepseek.personal.deepseek-api-key.global.deepseek-v4-pro-turn3-25cdc9da-d3bc-4d8c-9165-1f8011ddf196 alias=- model=- effort=- pass=live allow=[deepseek.personal.deepseek-api-key.global.deepseek-v4-pro] denied=[deepseek.personal.deepseek-api-key.global.deepseek-flash,deepseek.personal.deepseek-api-key.global.deepseek-flash-max]
[run99] live advisory miss: stage=S4 channel=development scope=standalone-runtime-dev
[run115] eligibility candidates=3 eligible=1 codes=POLICY_DENY_ENDPOINT=2 request=bench-judge-p17-tools-multi-hard-a1-8baa3eea-3641-4724-addf-d96c9d7a5e41 alias=- model=- effort=- pass=live allow=[deepseek.personal.deepseek-api-key.global.deepseek-flash] denied=[deepseek.personal.deepseek-api-key.global.deepseek-flash-max,deepseek.personal.deepseek-api-key.global.deepseek-v4-pro]
[run99] live advisory miss: stage=S4 channel=development scope=standalone-runtime-dev
[run115] eligibility candidates=3 eligible=1 codes=POLICY_DENY_ENDPOINT=2 request=bench-judge-x01-max-signal-a1-2a7c7bf2-2c63-4302-b21e-e9049625aaa0 alias=- model=- effort=- pass=live allow=[deepseek.personal.deepseek-api-key.global.deepseek-flash] denied=[deepseek.personal.deepseek-api-key.global.deepseek-flash-max,deepseek.personal.deepseek-api-key.global.deepseek-v4-pro]
[run99] live advisory miss: stage=S4 channel=development scope=standalone-runtime-dev
[run115] eligibility candidates=3 eligible=1 codes=POLICY_DENY_ENDPOINT=2 request=bench-judge-h01-implement-two-sum-a1-e784f820-d34b-475d-b971-690fe3271cf0 alias=- model=- effort=- pass=live allow=[deepseek.personal.deepseek-api-key.global.deepseek-flash] denied=[deepseek.personal.deepseek-api-key.global.deepseek-flash-max,deepseek.personal.deepseek-api-key.global.deepseek-v4-pro]
[run99] live advisory miss: stage=S4 channel=development scope=standalone-runtime-dev
[run115] eligibility candidates=3 eligible=1 codes=POLICY_DENY_ENDPOINT=2 request=bench-judge-h02-fix-async-counter-a1-93534d36-5026-4311-8e2f-6e312cf223a9 alias=- model=- effort=- pass=live allow=[deepseek.personal.deepseek-api-key.global.deepseek-flash] denied=[deepseek.personal.deepseek-api-key.global.deepseek-flash-max,deepseek.personal.deepseek-api-key.global.deepseek-v4-pro]
[run99] live advisory miss: stage=S4 channel=development scope=standalone-runtime-dev
[run115] eligibility candidates=3 eligible=1 codes=POLICY_DENY_ENDPOINT=2 request=bench-judge-h04-tool-read-router-a1-a8526a53-117c-4048-ad1c-51ec1e177bc6 alias=- model=- effort=- pass=live allow=[deepseek.personal.deepseek-api-key.global.deepseek-flash] denied=[deepseek.personal.deepseek-api-key.global.deepseek-flash-max,deepseek.personal.deepseek-api-key.global.deepseek-v4-pro]
[run99] live advisory miss: stage=S4 channel=development scope=standalone-runtime-dev
[run115] eligibility candidates=3 eligible=1 codes=POLICY_DENY_ENDPOINT=2 request=bench-judge-h05-tool-grep-eligibility-a1-a5c33bc9-1a4f-4f3c-af4b-c5d86bfdc994 alias=- model=- effort=- pass=live allow=[deepseek.personal.deepseek-api-key.global.deepseek-flash] denied=[deepseek.personal.deepseek-api-key.global.deepseek-flash-max,deepseek.personal.deepseek-api-key.global.deepseek-v4-pro]
[run99] live advisory miss: stage=S4 channel=development scope=standalone-runtime-dev
[run115] eligibility candidates=3 eligible=1 codes=POLICY_DENY_ENDPOINT=2 request=bench-judge-h06-tool-apply-patch-a1-bfab6e36-1aed-469c-8213-632847981081 alias=- model=- effort=- pass=live allow=[deepseek.personal.deepseek-api-key.global.deepseek-flash] denied=[deepseek.personal.deepseek-api-key.global.deepseek-flash-max,deepseek.personal.deepseek-api-key.global.deepseek-v4-pro]
[run99] live advisory miss: stage=S4 channel=development scope=standalone-runtime-dev
[run115] eligibility candidates=3 eligible=1 codes=POLICY_DENY_ENDPOINT=2 request=bench-judge-h07-multi-turn-sla-guard-a1-dec2d578-51be-42dc-a3e8-13168ab6205a alias=- model=- effort=- pass=live allow=[deepseek.personal.deepseek-api-key.global.deepseek-flash] denied=[deepseek.personal.deepseek-api-key.global.deepseek-flash-max,deepseek.personal.deepseek-api-key.global.deepseek-v4-pro]
[run99] live advisory miss: stage=S4 channel=development scope=standalone-runtime-dev
[run115] eligibility candidates=3 eligible=1 codes=POLICY_DENY_ENDPOINT=2 request=bench-judge-h08-multi-turn-tool-refine-a1-03e45ef0-d944-4f8a-8568-597b8eb72666 alias=- model=- effort=- pass=live allow=[deepseek.personal.deepseek-api-key.global.deepseek-flash] denied=[deepseek.personal.deepseek-api-key.global.deepseek-flash-max,deepseek.personal.deepseek-api-key.global.deepseek-v4-pro]
[run99] live advisory miss: stage=S4 channel=development scope=standalone-runtime-dev
[run115] eligibility candidates=3 eligible=1 codes=POLICY_DENY_ENDPOINT=2 request=bench-judge-h09-agent-metrics-chain-a1-ec50408f-ff43-494c-8c29-68e66bf1436c alias=- model=- effort=- pass=live allow=[deepseek.personal.deepseek-api-key.global.deepseek-flash] denied=[deepseek.personal.deepseek-api-key.global.deepseek-flash-max,deepseek.personal.deepseek-api-key.global.deepseek-v4-pro]
[run99] live advisory miss: stage=S4 channel=development scope=standalone-runtime-dev
[run115] eligibility candidates=3 eligible=1 codes=POLICY_DENY_ENDPOINT=2 request=bench-judge-h10-agent-read-grep-patch-a1-89b8db7a-d8f2-40f3-92c3-19bac9162ab0 alias=- model=- effort=- pass=live allow=[deepseek.personal.deepseek-api-key.global.deepseek-flash] denied=[deepseek.personal.deepseek-api-key.global.deepseek-flash-max,deepseek.personal.deepseek-api-key.global.deepseek-v4-pro]
[run99] live advisory miss: stage=S4 channel=development scope=standalone-runtime-dev
[run115] eligibility candidates=3 eligible=1 codes=POLICY_DENY_ENDPOINT=2 request=bench-judge-h15-max-signal-v3-a1-c3758811-1712-4348-9553-c2aa53f18e3a alias=- model=- effort=- pass=live allow=[deepseek.personal.deepseek-api-key.global.deepseek-flash] denied=[deepseek.personal.deepseek-api-key.global.deepseek-flash-max,deepseek.personal.deepseek-api-key.global.deepseek-v4-pro]
[run99] live advisory miss: stage=S4 channel=development scope=standalone-runtime-dev
[run115] eligibility candidates=3 eligible=1 codes=POLICY_DENY_ENDPOINT=2 request=bench-judge-p17-tools-multi-hard-a1-e5f7905b-098b-4563-bf2b-c2b1bbf57c6c alias=- model=- effort=- pass=live allow=[deepseek.personal.deepseek-api-key.global.deepseek-flash] denied=[deepseek.personal.deepseek-api-key.global.deepseek-flash-max,deepseek.personal.deepseek-api-key.global.deepseek-v4-pro]
[run99] live advisory miss: stage=S4 channel=development scope=standalone-runtime-dev
[run115] eligibility candidates=3 eligible=1 codes=POLICY_DENY_ENDPOINT=2 request=bench-judge-x01-max-signal-a1-f274f249-bcb3-420d-9f0d-4aa228bcbeee alias=- model=- effort=- pass=live allow=[deepseek.personal.deepseek-api-key.global.deepseek-flash] denied=[deepseek.personal.deepseek-api-key.global.deepseek-flash-max,deepseek.personal.deepseek-api-key.global.deepseek-v4-pro]
[run99] live advisory miss: stage=S4 channel=development scope=standalone-runtime-dev
[run115] eligibility candidates=3 eligible=1 codes=POLICY_DENY_ENDPOINT=2 request=bench-judge-h01-implement-two-sum-a1-963375bb-3668-4793-811d-b3a7bdb061a5 alias=- model=- effort=- pass=live allow=[deepseek.personal.deepseek-api-key.global.deepseek-flash] denied=[deepseek.personal.deepseek-api-key.global.deepseek-flash-max,deepseek.personal.deepseek-api-key.global.deepseek-v4-pro]
[run99] live advisory miss: stage=S4 channel=development scope=standalone-runtime-dev
[run115] eligibility candidates=3 eligible=1 codes=POLICY_DENY_ENDPOINT=2 request=bench-judge-h02-fix-async-counter-a1-f6d16605-a3d4-415d-9a0d-177b1c7b582b alias=- model=- effort=- pass=live allow=[deepseek.personal.deepseek-api-key.global.deepseek-flash] denied=[deepseek.personal.deepseek-api-key.global.deepseek-flash-max,deepseek.personal.deepseek-api-key.global.deepseek-v4-pro]
[run99] live advisory miss: stage=S4 channel=development scope=standalone-runtime-dev
[run115] eligibility candidates=3 eligible=1 codes=POLICY_DENY_ENDPOINT=2 request=bench-judge-h04-tool-read-router-a1-f36ec068-4209-45f8-aa19-356f42401720 alias=- model=- effort=- pass=live allow=[deepseek.personal.deepseek-api-key.global.deepseek-flash] denied=[deepseek.personal.deepseek-api-key.global.deepseek-flash-max,deepseek.personal.deepseek-api-key.global.deepseek-v4-pro]
[run99] live advisory miss: stage=S4 channel=development scope=standalone-runtime-dev
[run115] eligibility candidates=3 eligible=1 codes=POLICY_DENY_ENDPOINT=2 request=bench-judge-h05-tool-grep-eligibility-a1-24a572d2-bd52-4662-b06b-7f6d6cf6668f alias=- model=- effort=- pass=live allow=[deepseek.personal.deepseek-api-key.global.deepseek-flash] denied=[deepseek.personal.deepseek-api-key.global.deepseek-flash-max,deepseek.personal.deepseek-api-key.global.deepseek-v4-pro]
[run99] live advisory miss: stage=S4 channel=development scope=standalone-runtime-dev
[run115] eligibility candidates=3 eligible=1 codes=POLICY_DENY_ENDPOINT=2 request=bench-judge-h06-tool-apply-patch-a1-9f293112-873a-497f-a88d-583602ad6ca9 alias=- model=- effort=- pass=live allow=[deepseek.personal.deepseek-api-key.global.deepseek-flash] denied=[deepseek.personal.deepseek-api-key.global.deepseek-flash-max,deepseek.personal.deepseek-api-key.global.deepseek-v4-pro]
[run99] live advisory miss: stage=S4 channel=development scope=standalone-runtime-dev
[run115] eligibility candidates=3 eligible=1 codes=POLICY_DENY_ENDPOINT=2 request=bench-judge-h07-multi-turn-sla-guard-a1-6a6a5310-2cfe-49b5-86fe-06ed512f5cd6 alias=- model=- effort=- pass=live allow=[deepseek.personal.deepseek-api-key.global.deepseek-flash] denied=[deepseek.personal.deepseek-api-key.global.deepseek-flash-max,deepseek.personal.deepseek-api-key.global.deepseek-v4-pro]
[run99] live advisory miss: stage=S4 channel=development scope=standalone-runtime-dev
[run115] eligibility candidates=3 eligible=1 codes=POLICY_DENY_ENDPOINT=2 request=bench-judge-h08-multi-turn-tool-refine-a1-4b4c2b4e-3a44-4c75-ba2c-9f4116a6ed5d alias=- model=- effort=- pass=live allow=[deepseek.personal.deepseek-api-key.global.deepseek-flash] denied=[deepseek.personal.deepseek-api-key.global.deepseek-flash-max,deepseek.personal.deepseek-api-key.global.deepseek-v4-pro]
[run99] live advisory miss: stage=S4 channel=development scope=standalone-runtime-dev
[run115] eligibility candidates=3 eligible=1 codes=POLICY_DENY_ENDPOINT=2 request=bench-judge-h09-agent-metrics-chain-a1-f8fcfb7f-6ce5-4c82-a737-447e7ea75405 alias=- model=- effort=- pass=live allow=[deepseek.personal.deepseek-api-key.global.deepseek-flash] denied=[deepseek.personal.deepseek-api-key.global.deepseek-flash-max,deepseek.personal.deepseek-api-key.global.deepseek-v4-pro]
[run99] live advisory miss: stage=S4 channel=development scope=standalone-runtime-dev
[run115] eligibility candidates=3 eligible=1 codes=POLICY_DENY_ENDPOINT=2 request=bench-judge-h10-agent-read-grep-patch-a1-0031ae3f-8f58-4568-8eaf-1c9920f8597b alias=- model=- effort=- pass=live allow=[deepseek.personal.deepseek-api-key.global.deepseek-flash] denied=[deepseek.personal.deepseek-api-key.global.deepseek-flash-max,deepseek.personal.deepseek-api-key.global.deepseek-v4-pro]
[run99] live advisory miss: stage=S4 channel=development scope=standalone-runtime-dev
[run115] eligibility candidates=3 eligible=1 codes=POLICY_DENY_ENDPOINT=2 request=bench-judge-h15-max-signal-v3-a1-b94a780f-bcaa-4442-bed1-701b5e05b071 alias=- model=- effort=- pass=live allow=[deepseek.personal.deepseek-api-key.global.deepseek-flash] denied=[deepseek.personal.deepseek-api-key.global.deepseek-flash-max,deepseek.personal.deepseek-api-key.global.deepseek-v4-pro]
[run99] live advisory miss: stage=S4 channel=development scope=standalone-runtime-dev
[run115] eligibility candidates=3 eligible=1 codes=POLICY_DENY_ENDPOINT=2 request=bench-judge-compare-p17-tools-multi-hard-62cc07f6-2a99-4d5c-980e-fa44d66473e8 alias=- model=- effort=- pass=live allow=[deepseek.personal.deepseek-api-key.global.deepseek-flash] denied=[deepseek.personal.deepseek-api-key.global.deepseek-flash-max,deepseek.personal.deepseek-api-key.global.deepseek-v4-pro]
[run99] live advisory miss: stage=S4 channel=development scope=standalone-runtime-dev
[run115] eligibility candidates=3 eligible=1 codes=POLICY_DENY_ENDPOINT=2 request=bench-judge-compare-x01-max-signal-04927051-dab2-4b84-9e0e-6bbc00f6576d alias=- model=- effort=- pass=live allow=[deepseek.personal.deepseek-api-key.global.deepseek-flash] denied=[deepseek.personal.deepseek-api-key.global.deepseek-flash-max,deepseek.personal.deepseek-api-key.global.deepseek-v4-pro]
[run99] live advisory miss: stage=S4 channel=development scope=standalone-runtime-dev
[run115] eligibility candidates=3 eligible=1 codes=POLICY_DENY_ENDPOINT=2 request=bench-judge-compare-h01-implement-two-sum-769c25db-bb24-4f41-822f-435ff2896c55 alias=- model=- effort=- pass=live allow=[deepseek.personal.deepseek-api-key.global.deepseek-flash] denied=[deepseek.personal.deepseek-api-key.global.deepseek-flash-max,deepseek.personal.deepseek-api-key.global.deepseek-v4-pro]
[run99] live advisory miss: stage=S4 channel=development scope=standalone-runtime-dev
[run115] eligibility candidates=3 eligible=1 codes=POLICY_DENY_ENDPOINT=2 request=bench-judge-compare-h02-fix-async-counter-2be844f7-c9a0-4c44-9278-f2ef86aeb25f alias=- model=- effort=- pass=live allow=[deepseek.personal.deepseek-api-key.global.deepseek-flash] denied=[deepseek.personal.deepseek-api-key.global.deepseek-flash-max,deepseek.personal.deepseek-api-key.global.deepseek-v4-pro]
[run99] live advisory miss: stage=S4 channel=development scope=standalone-runtime-dev
[run115] eligibility candidates=3 eligible=1 codes=POLICY_DENY_ENDPOINT=2 request=bench-judge-compare-h04-tool-read-router-ee2f40b7-e657-4219-8b30-4c28de495cbf alias=- model=- effort=- pass=live allow=[deepseek.personal.deepseek-api-key.global.deepseek-flash] denied=[deepseek.personal.deepseek-api-key.global.deepseek-flash-max,deepseek.personal.deepseek-api-key.global.deepseek-v4-pro]
[run99] live advisory miss: stage=S4 channel=development scope=standalone-runtime-dev
[run115] eligibility candidates=3 eligible=1 codes=POLICY_DENY_ENDPOINT=2 request=bench-judge-compare-h05-tool-grep-eligibility-ba7632a3-7dd7-4569-9efb-abf0d1bd565d alias=- model=- effort=- pass=live allow=[deepseek.personal.deepseek-api-key.global.deepseek-flash] denied=[deepseek.personal.deepseek-api-key.global.deepseek-flash-max,deepseek.personal.deepseek-api-key.global.deepseek-v4-pro]
[run99] live advisory miss: stage=S4 channel=development scope=standalone-runtime-dev
[run115] eligibility candidates=3 eligible=1 codes=POLICY_DENY_ENDPOINT=2 request=bench-judge-compare-h06-tool-apply-patch-7a0959cb-5f5f-4c4b-aa99-3cc92165982f alias=- model=- effort=- pass=live allow=[deepseek.personal.deepseek-api-key.global.deepseek-flash] denied=[deepseek.personal.deepseek-api-key.global.deepseek-flash-max,deepseek.personal.deepseek-api-key.global.deepseek-v4-pro]
[run99] live advisory miss: stage=S4 channel=development scope=standalone-runtime-dev
[run115] eligibility candidates=3 eligible=1 codes=POLICY_DENY_ENDPOINT=2 request=bench-judge-compare-h07-multi-turn-sla-guard-e9e26d49-8c4c-4ff5-9d54-2c27d7619502 alias=- model=- effort=- pass=live allow=[deepseek.personal.deepseek-api-key.global.deepseek-flash] denied=[deepseek.personal.deepseek-api-key.global.deepseek-flash-max,deepseek.personal.deepseek-api-key.global.deepseek-v4-pro]
[run99] live advisory miss: stage=S4 channel=development scope=standalone-runtime-dev
[run115] eligibility candidates=3 eligible=1 codes=POLICY_DENY_ENDPOINT=2 request=bench-judge-compare-h08-multi-turn-tool-refine-a3253227-a474-486d-a1f9-6d80c185b040 alias=- model=- effort=- pass=live allow=[deepseek.personal.deepseek-api-key.global.deepseek-flash] denied=[deepseek.personal.deepseek-api-key.global.deepseek-flash-max,deepseek.personal.deepseek-api-key.global.deepseek-v4-pro]
[run99] live advisory miss: stage=S4 channel=development scope=standalone-runtime-dev
[run115] eligibility candidates=3 eligible=1 codes=POLICY_DENY_ENDPOINT=2 request=bench-judge-compare-h09-agent-metrics-chain-27c6dd6b-da17-48f9-9187-e8e629710909 alias=- model=- effort=- pass=live allow=[deepseek.personal.deepseek-api-key.global.deepseek-flash] denied=[deepseek.personal.deepseek-api-key.global.deepseek-flash-max,deepseek.personal.deepseek-api-key.global.deepseek-v4-pro]
[run99] live advisory miss: stage=S4 channel=development scope=standalone-runtime-dev
[run115] eligibility candidates=3 eligible=1 codes=POLICY_DENY_ENDPOINT=2 request=bench-judge-compare-h10-agent-read-grep-patch-11ee6ca0-5a2e-4a9f-b413-eaecd2ef6236 alias=- model=- effort=- pass=live allow=[deepseek.personal.deepseek-api-key.global.deepseek-flash] denied=[deepseek.personal.deepseek-api-key.global.deepseek-flash-max,deepseek.personal.deepseek-api-key.global.deepseek-v4-pro]
[run99] live advisory miss: stage=S4 channel=development scope=standalone-runtime-dev
[run115] eligibility candidates=3 eligible=1 codes=POLICY_DENY_ENDPOINT=2 request=bench-judge-compare-h15-max-signal-v3-d8b94915-c6ba-4f21-8efe-33e4a8dc0c2a alias=- model=- effort=- pass=live allow=[deepseek.personal.deepseek-api-key.global.deepseek-flash] denied=[deepseek.personal.deepseek-api-key.global.deepseek-flash-max,deepseek.personal.deepseek-api-key.global.deepseek-v4-pro]
[run99] live advisory miss: stage=S4 channel=development scope=standalone-runtime-dev
[run115] eligibility candidates=3 eligible=3 codes=none request=req-bc89d1b4-59ce-4a22-96f8-5feaf7567c62 alias=difficulty.remote-only model=difficulty.remote-only effort=high pass=live allow=[deepseek.personal.deepseek-api-key.global.deepseek-flash,deepseek.personal.deepseek-api-key.global.deepseek-flash-max,deepseek.personal.deepseek-api-key.global.deepseek-v4-pro] denied=[]
[run99] live advisory miss: stage=S4 channel=development scope=standalone-runtime-dev
[run115] eligibility candidates=3 eligible=3 codes=none request=req-80600475-8a66-4b63-bae4-bd4dadaf038a alias=difficulty.remote-only model=difficulty.remote-only effort=high pass=live allow=[deepseek.personal.deepseek-api-key.global.deepseek-flash,deepseek.personal.deepseek-api-key.global.deepseek-flash-max,deepseek.personal.deepseek-api-key.global.deepseek-v4-pro] denied=[]
[run99] live advisory miss: stage=S4 channel=development scope=standalone-runtime-dev
[run115] eligibility candidates=3 eligible=3 codes=none request=req-17a55b30-ef70-48dd-b019-1832725f23f7 alias=difficulty.remote-only model=difficulty.remote-only effort=high pass=live allow=[deepseek.personal.deepseek-api-key.global.deepseek-flash,deepseek.personal.deepseek-api-key.global.deepseek-flash-max,deepseek.personal.deepseek-api-key.global.deepseek-v4-pro] denied=[]
[run99] live advisory miss: stage=S4 channel=development scope=standalone-runtime-dev
[run115] eligibility candidates=3 eligible=3 codes=none request=req-03ce610d-ac93-41fb-8dcc-a0aeb1d9c60e alias=difficulty.remote-only model=difficulty.remote-only effort=high pass=live allow=[deepseek.personal.deepseek-api-key.global.deepseek-flash,deepseek.personal.deepseek-api-key.global.deepseek-flash-max,deepseek.personal.deepseek-api-key.global.deepseek-v4-pro] denied=[]
[run99] live advisory miss: stage=S4 channel=development scope=standalone-runtime-dev
[run115] eligibility candidates=3 eligible=3 codes=none request=req-99faeca1-5da4-4c57-ad93-0b4014c1e465 alias=difficulty.remote-only model=difficulty.remote-only effort=high pass=live allow=[deepseek.personal.deepseek-api-key.global.deepseek-flash,deepseek.personal.deepseek-api-key.global.deepseek-flash-max,deepseek.personal.deepseek-api-key.global.deepseek-v4-pro] denied=[]
[run99] live advisory miss: stage=S4 channel=development scope=standalone-runtime-dev
[run115] eligibility candidates=3 eligible=3 codes=none request=req-47ab9496-1f20-44e7-b1d4-16b483c66a7f alias=difficulty.remote-only model=difficulty.remote-only effort=high pass=live allow=[deepseek.personal.deepseek-api-key.global.deepseek-flash,deepseek.personal.deepseek-api-key.global.deepseek-flash-max,deepseek.personal.deepseek-api-key.global.deepseek-v4-pro] denied=[]
[run99] live advisory miss: stage=S4 channel=development scope=standalone-runtime-dev
[run115] eligibility candidates=3 eligible=1 codes=POLICY_DENY_ENDPOINT=2 request=bench-p17-tools-multi-hard-deepseek.personal.deepseek-api-key.global.deepseek-flash-max-turn1-b39da114-bc5d-4b42-a098-b12b0c8c62db alias=- model=- effort=- pass=live allow=[deepseek.personal.deepseek-api-key.global.deepseek-flash-max] denied=[deepseek.personal.deepseek-api-key.global.deepseek-flash,deepseek.personal.deepseek-api-key.global.deepseek-v4-pro]
[run99] live advisory miss: stage=S4 channel=development scope=standalone-runtime-dev
[run115] eligibility candidates=3 eligible=1 codes=POLICY_DENY_ENDPOINT=2 request=bench-p17-tools-multi-hard-deepseek.personal.deepseek-api-key.global.deepseek-flash-max-turn2-74c2a450-6fbc-4c4e-b096-44acb21827d2 alias=- model=- effort=- pass=live allow=[deepseek.personal.deepseek-api-key.global.deepseek-flash-max] denied=[deepseek.personal.deepseek-api-key.global.deepseek-flash,deepseek.personal.deepseek-api-key.global.deepseek-v4-pro]
[run99] live advisory miss: stage=S4 channel=development scope=standalone-runtime-dev
[run115] eligibility candidates=3 eligible=1 codes=POLICY_DENY_ENDPOINT=2 request=bench-p17-tools-multi-hard-deepseek.personal.deepseek-api-key.global.deepseek-flash-max-turn3-6957ebbf-9a2c-47f8-950d-8c8503cf03ea alias=- model=- effort=- pass=live allow=[deepseek.personal.deepseek-api-key.global.deepseek-flash-max] denied=[deepseek.personal.deepseek-api-key.global.deepseek-flash,deepseek.personal.deepseek-api-key.global.deepseek-v4-pro]
[run99] live advisory miss: stage=S4 channel=development scope=standalone-runtime-dev
[run115] eligibility candidates=3 eligible=1 codes=POLICY_DENY_ENDPOINT=2 request=bench-x01-max-signal-deepseek.personal.deepseek-api-key.global.deepseek-flash-max-turn1-07030847-b346-4456-8999-d713eb5ddfdb alias=- model=- effort=- pass=live allow=[deepseek.personal.deepseek-api-key.global.deepseek-flash-max] denied=[deepseek.personal.deepseek-api-key.global.deepseek-flash,deepseek.personal.deepseek-api-key.global.deepseek-v4-pro]
[run99] live advisory miss: stage=S4 channel=development scope=standalone-runtime-dev
[run115] eligibility candidates=3 eligible=1 codes=POLICY_DENY_ENDPOINT=2 request=bench-x01-max-signal-deepseek.personal.deepseek-api-key.global.deepseek-flash-max-turn2-d903ccd2-4df5-4bb9-81e5-57727764bfb6 alias=- model=- effort=- pass=live allow=[deepseek.personal.deepseek-api-key.global.deepseek-flash-max] denied=[deepseek.personal.deepseek-api-key.global.deepseek-flash,deepseek.personal.deepseek-api-key.global.deepseek-v4-pro]
[run99] live advisory miss: stage=S4 channel=development scope=standalone-runtime-dev
[run115] eligibility candidates=3 eligible=1 codes=POLICY_DENY_ENDPOINT=2 request=bench-x01-max-signal-deepseek.personal.deepseek-api-key.global.deepseek-flash-max-turn3-dda72f66-8c64-424e-a755-f663d6c0f356 alias=- model=- effort=- pass=live allow=[deepseek.personal.deepseek-api-key.global.deepseek-flash-max] denied=[deepseek.personal.deepseek-api-key.global.deepseek-flash,deepseek.personal.deepseek-api-key.global.deepseek-v4-pro]
[run99] live advisory miss: stage=S4 channel=development scope=standalone-runtime-dev
[run115] eligibility candidates=3 eligible=1 codes=POLICY_DENY_ENDPOINT=2 request=bench-h01-implement-two-sum-deepseek.personal.deepseek-api-key.global.deepseek-flash-max-turn1-c879be0b-e7af-4165-839c-9028562c6f24 alias=- model=- effort=- pass=live allow=[deepseek.personal.deepseek-api-key.global.deepseek-flash-max] denied=[deepseek.personal.deepseek-api-key.global.deepseek-flash,deepseek.personal.deepseek-api-key.global.deepseek-v4-pro]
[run99] live advisory miss: stage=S4 channel=development scope=standalone-runtime-dev
[run115] eligibility candidates=3 eligible=1 codes=POLICY_DENY_ENDPOINT=2 request=bench-h02-fix-async-counter-deepseek.personal.deepseek-api-key.global.deepseek-flash-max-turn1-71680a42-25d1-4522-b72d-3df6d651fd34 alias=- model=- effort=- pass=live allow=[deepseek.personal.deepseek-api-key.global.deepseek-flash-max] denied=[deepseek.personal.deepseek-api-key.global.deepseek-flash,deepseek.personal.deepseek-api-key.global.deepseek-v4-pro]
[run99] live advisory miss: stage=S4 channel=development scope=standalone-runtime-dev
[run115] eligibility candidates=3 eligible=1 codes=POLICY_DENY_ENDPOINT=2 request=bench-h04-tool-read-router-deepseek.personal.deepseek-api-key.global.deepseek-flash-max-turn1-ef6797d4-c992-45d8-9c62-f23d48110ee0 alias=- model=- effort=- pass=live allow=[deepseek.personal.deepseek-api-key.global.deepseek-flash-max] denied=[deepseek.personal.deepseek-api-key.global.deepseek-flash,deepseek.personal.deepseek-api-key.global.deepseek-v4-pro]
[run99] live advisory miss: stage=S4 channel=development scope=standalone-runtime-dev
[run115] eligibility candidates=3 eligible=1 codes=POLICY_DENY_ENDPOINT=2 request=bench-h04-tool-read-router-deepseek.personal.deepseek-api-key.global.deepseek-flash-max-turn2-6e9db0bb-610c-47e4-9bc8-6cb156b3ac4a alias=- model=- effort=- pass=live allow=[deepseek.personal.deepseek-api-key.global.deepseek-flash-max] denied=[deepseek.personal.deepseek-api-key.global.deepseek-flash,deepseek.personal.deepseek-api-key.global.deepseek-v4-pro]
[run99] live advisory miss: stage=S4 channel=development scope=standalone-runtime-dev
[run115] eligibility candidates=3 eligible=1 codes=POLICY_DENY_ENDPOINT=2 request=bench-h05-tool-grep-eligibility-deepseek.personal.deepseek-api-key.global.deepseek-flash-max-turn1-74621e8a-62ef-47b5-bd2a-f539bde16fca alias=- model=- effort=- pass=live allow=[deepseek.personal.deepseek-api-key.global.deepseek-flash-max] denied=[deepseek.personal.deepseek-api-key.global.deepseek-flash,deepseek.personal.deepseek-api-key.global.deepseek-v4-pro]
[run99] live advisory miss: stage=S4 channel=development scope=standalone-runtime-dev
[run115] eligibility candidates=3 eligible=3 codes=none request=req-623388e1-6ddc-47ab-a1d2-ed3c2d9c6a9c alias=difficulty.remote-only model=difficulty.remote-only effort=high pass=live allow=[deepseek.personal.deepseek-api-key.global.deepseek-flash,deepseek.personal.deepseek-api-key.global.deepseek-flash-max,deepseek.personal.deepseek-api-key.global.deepseek-v4-pro] denied=[]
[run99] live advisory miss: stage=S4 channel=development scope=standalone-runtime-dev
[run115] eligibility candidates=3 eligible=3 codes=none request=req-50f04421-04aa-412a-8bdc-8a36fdf5b8c3 alias=difficulty.remote-only model=difficulty.remote-only effort=high pass=live allow=[deepseek.personal.deepseek-api-key.global.deepseek-flash,deepseek.personal.deepseek-api-key.global.deepseek-flash-max,deepseek.personal.deepseek-api-key.global.deepseek-v4-pro] denied=[]
[run99] live advisory miss: stage=S4 channel=development scope=standalone-runtime-dev
[run115] eligibility candidates=3 eligible=1 codes=POLICY_DENY_ENDPOINT=2 request=bench-h05-tool-grep-eligibility-deepseek.personal.deepseek-api-key.global.deepseek-flash-max-turn2-a4017611-f0e0-4a29-8860-ddd4bab0d983 alias=- model=- effort=- pass=live allow=[deepseek.personal.deepseek-api-key.global.deepseek-flash-max] denied=[deepseek.personal.deepseek-api-key.global.deepseek-flash,deepseek.personal.deepseek-api-key.global.deepseek-v4-pro]
[run99] live advisory miss: stage=S4 channel=development scope=standalone-runtime-dev
[run115] eligibility candidates=3 eligible=1 codes=POLICY_DENY_ENDPOINT=2 request=bench-h05-tool-grep-eligibility-deepseek.personal.deepseek-api-key.global.deepseek-flash-max-turn3-c863393e-7eed-4fbb-8d49-849814c93c69 alias=- model=- effort=- pass=live allow=[deepseek.personal.deepseek-api-key.global.deepseek-flash-max] denied=[deepseek.personal.deepseek-api-key.global.deepseek-flash,deepseek.personal.deepseek-api-key.global.deepseek-v4-pro]
[run99] live advisory miss: stage=S4 channel=development scope=standalone-runtime-dev
[run115] eligibility candidates=3 eligible=1 codes=POLICY_DENY_ENDPOINT=2 request=bench-h06-tool-apply-patch-deepseek.personal.deepseek-api-key.global.deepseek-flash-max-turn1-53118121-7b5e-422d-9ea5-2222e4d97fff alias=- model=- effort=- pass=live allow=[deepseek.personal.deepseek-api-key.global.deepseek-flash-max] denied=[deepseek.personal.deepseek-api-key.global.deepseek-flash,deepseek.personal.deepseek-api-key.global.deepseek-v4-pro]
[run99] live advisory miss: stage=S4 channel=development scope=standalone-runtime-dev
[run115] eligibility candidates=3 eligible=3 codes=none request=req-3ca6d778-fa30-48bf-8a22-a221170e7bc3 alias=difficulty.remote-only model=difficulty.remote-only effort=high pass=live allow=[deepseek.personal.deepseek-api-key.global.deepseek-flash,deepseek.personal.deepseek-api-key.global.deepseek-flash-max,deepseek.personal.deepseek-api-key.global.deepseek-v4-pro] denied=[]
[run99] live advisory miss: stage=S4 channel=development scope=standalone-runtime-dev
[run115] eligibility candidates=3 eligible=1 codes=POLICY_DENY_ENDPOINT=2 request=bench-h06-tool-apply-patch-deepseek.personal.deepseek-api-key.global.deepseek-flash-max-turn2-c9c5bc8d-5502-4be7-aa12-eed3cea2da46 alias=- model=- effort=- pass=live allow=[deepseek.personal.deepseek-api-key.global.deepseek-flash-max] denied=[deepseek.personal.deepseek-api-key.global.deepseek-flash,deepseek.personal.deepseek-api-key.global.deepseek-v4-pro]
[run99] live advisory miss: stage=S4 channel=development scope=standalone-runtime-dev
[run115] eligibility candidates=3 eligible=1 codes=POLICY_DENY_ENDPOINT=2 request=bench-h07-multi-turn-sla-guard-deepseek.personal.deepseek-api-key.global.deepseek-flash-max-turn1-a4edab69-cb08-481c-ba69-b5c489563714 alias=- model=- effort=- pass=live allow=[deepseek.personal.deepseek-api-key.global.deepseek-flash-max] denied=[deepseek.personal.deepseek-api-key.global.deepseek-flash,deepseek.personal.deepseek-api-key.global.deepseek-v4-pro]
[run99] live advisory miss: stage=S4 channel=development scope=standalone-runtime-dev
[run115] eligibility candidates=3 eligible=3 codes=none request=req-c99e3add-df76-4f69-bfdb-3ca83a55fe89 alias=difficulty.remote-only model=difficulty.remote-only effort=high pass=live allow=[deepseek.personal.deepseek-api-key.global.deepseek-flash,deepseek.personal.deepseek-api-key.global.deepseek-flash-max,deepseek.personal.deepseek-api-key.global.deepseek-v4-pro] denied=[]
[run99] live advisory miss: stage=S4 channel=development scope=standalone-runtime-dev
[run115] eligibility candidates=3 eligible=1 codes=POLICY_DENY_ENDPOINT=2 request=bench-h08-multi-turn-tool-refine-deepseek.personal.deepseek-api-key.global.deepseek-flash-max-turn1-a136dc39-88f2-4fe7-971d-cf1c021a6c52 alias=- model=- effort=- pass=live allow=[deepseek.personal.deepseek-api-key.global.deepseek-flash-max] denied=[deepseek.personal.deepseek-api-key.global.deepseek-flash,deepseek.personal.deepseek-api-key.global.deepseek-v4-pro]
[run99] live advisory miss: stage=S4 channel=development scope=standalone-runtime-dev
[run115] eligibility candidates=3 eligible=1 codes=POLICY_DENY_ENDPOINT=2 request=bench-h08-multi-turn-tool-refine-deepseek.personal.deepseek-api-key.global.deepseek-flash-max-turn2-8cd38098-d869-4a8f-a00a-abe0f1b9ed94 alias=- model=- effort=- pass=live allow=[deepseek.personal.deepseek-api-key.global.deepseek-flash-max] denied=[deepseek.personal.deepseek-api-key.global.deepseek-flash,deepseek.personal.deepseek-api-key.global.deepseek-v4-pro]
[run99] live advisory miss: stage=S4 channel=development scope=standalone-runtime-dev
[run115] eligibility candidates=3 eligible=1 codes=POLICY_DENY_ENDPOINT=2 request=bench-h09-agent-metrics-chain-deepseek.personal.deepseek-api-key.global.deepseek-flash-max-turn1-705a867d-0319-4979-a890-1180e646c9b5 alias=- model=- effort=- pass=live allow=[deepseek.personal.deepseek-api-key.global.deepseek-flash-max] denied=[deepseek.personal.deepseek-api-key.global.deepseek-flash,deepseek.personal.deepseek-api-key.global.deepseek-v4-pro]
[run99] live advisory miss: stage=S4 channel=development scope=standalone-runtime-dev
[run115] eligibility candidates=3 eligible=1 codes=POLICY_DENY_ENDPOINT=2 request=bench-h09-agent-metrics-chain-deepseek.personal.deepseek-api-key.global.deepseek-flash-max-turn2-296e8b9d-255b-4677-b267-28ad2f43da95 alias=- model=- effort=- pass=live allow=[deepseek.personal.deepseek-api-key.global.deepseek-flash-max] denied=[deepseek.personal.deepseek-api-key.global.deepseek-flash,deepseek.personal.deepseek-api-key.global.deepseek-v4-pro]
[run99] live advisory miss: stage=S4 channel=development scope=standalone-runtime-dev
[run115] eligibility candidates=3 eligible=1 codes=POLICY_DENY_ENDPOINT=2 request=bench-h09-agent-metrics-chain-deepseek.personal.deepseek-api-key.global.deepseek-flash-max-turn3-968a3a6d-d722-4776-9710-5d9a205b1ea2 alias=- model=- effort=- pass=live allow=[deepseek.personal.deepseek-api-key.global.deepseek-flash-max] denied=[deepseek.personal.deepseek-api-key.global.deepseek-flash,deepseek.personal.deepseek-api-key.global.deepseek-v4-pro]
[run99] live advisory miss: stage=S4 channel=development scope=standalone-runtime-dev
[run115] eligibility candidates=3 eligible=3 codes=none request=req-bd67d316-0527-4ae7-a5ea-417265e7ced0 alias=difficulty.remote-only model=difficulty.remote-only effort=high pass=live allow=[deepseek.personal.deepseek-api-key.global.deepseek-flash,deepseek.personal.deepseek-api-key.global.deepseek-flash-max,deepseek.personal.deepseek-api-key.global.deepseek-v4-pro] denied=[]
[run99] live advisory miss: stage=S4 channel=development scope=standalone-runtime-dev
[run115] eligibility candidates=3 eligible=1 codes=POLICY_DENY_ENDPOINT=2 request=bench-h09-agent-metrics-chain-deepseek.personal.deepseek-api-key.global.deepseek-flash-max-turn4-facd7b78-c041-4f25-abd0-4bd79115fdb6 alias=- model=- effort=- pass=live allow=[deepseek.personal.deepseek-api-key.global.deepseek-flash-max] denied=[deepseek.personal.deepseek-api-key.global.deepseek-flash,deepseek.personal.deepseek-api-key.global.deepseek-v4-pro]
[run99] live advisory miss: stage=S4 channel=development scope=standalone-runtime-dev
[run115] eligibility candidates=3 eligible=1 codes=POLICY_DENY_ENDPOINT=2 request=bench-h09-agent-metrics-chain-deepseek.personal.deepseek-api-key.global.deepseek-flash-max-turn5-91321d52-2ac9-4fba-8bcd-ae9bc8968bbf alias=- model=- effort=- pass=live allow=[deepseek.personal.deepseek-api-key.global.deepseek-flash-max] denied=[deepseek.personal.deepseek-api-key.global.deepseek-flash,deepseek.personal.deepseek-api-key.global.deepseek-v4-pro]
[run99] live advisory miss: stage=S4 channel=development scope=standalone-runtime-dev
[run115] eligibility candidates=3 eligible=1 codes=POLICY_DENY_ENDPOINT=2 request=bench-h10-agent-read-grep-patch-deepseek.personal.deepseek-api-key.global.deepseek-flash-max-turn1-431ed96b-b114-494e-9f2d-2da843896d79 alias=- model=- effort=- pass=live allow=[deepseek.personal.deepseek-api-key.global.deepseek-flash-max] denied=[deepseek.personal.deepseek-api-key.global.deepseek-flash,deepseek.personal.deepseek-api-key.global.deepseek-v4-pro]
[run99] live advisory miss: stage=S4 channel=development scope=standalone-runtime-dev
[run115] eligibility candidates=3 eligible=1 codes=POLICY_DENY_ENDPOINT=2 request=bench-h10-agent-read-grep-patch-deepseek.personal.deepseek-api-key.global.deepseek-flash-max-turn2-1b9282cf-d87e-4d33-8a2f-14b4c0447a5a alias=- model=- effort=- pass=live allow=[deepseek.personal.deepseek-api-key.global.deepseek-flash-max] denied=[deepseek.personal.deepseek-api-key.global.deepseek-flash,deepseek.personal.deepseek-api-key.global.deepseek-v4-pro]
[run99] live advisory miss: stage=S4 channel=development scope=standalone-runtime-dev
[run115] eligibility candidates=3 eligible=1 codes=POLICY_DENY_ENDPOINT=2 request=bench-h10-agent-read-grep-patch-deepseek.personal.deepseek-api-key.global.deepseek-flash-max-turn3-09ca31ed-c1e2-4a9f-9e5c-4b5282819a47 alias=- model=- effort=- pass=live allow=[deepseek.personal.deepseek-api-key.global.deepseek-flash-max] denied=[deepseek.personal.deepseek-api-key.global.deepseek-flash,deepseek.personal.deepseek-api-key.global.deepseek-v4-pro]
[run99] live advisory miss: stage=S4 channel=development scope=standalone-runtime-dev
[run115] eligibility candidates=3 eligible=1 codes=POLICY_DENY_ENDPOINT=2 request=bench-h15-max-signal-v3-deepseek.personal.deepseek-api-key.global.deepseek-flash-max-turn1-39a3f43c-7ff8-4eae-8d2b-264ad1e7e2ae alias=- model=- effort=- pass=live allow=[deepseek.personal.deepseek-api-key.global.deepseek-flash-max] denied=[deepseek.personal.deepseek-api-key.global.deepseek-flash,deepseek.personal.deepseek-api-key.global.deepseek-v4-pro]
[run99] live advisory miss: stage=S4 channel=development scope=standalone-runtime-dev
[run115] eligibility candidates=3 eligible=1 codes=POLICY_DENY_ENDPOINT=2 request=bench-h15-max-signal-v3-deepseek.personal.deepseek-api-key.global.deepseek-flash-max-turn2-ab92a98c-7bde-471f-889c-f36e1f36dddb alias=- model=- effort=- pass=live allow=[deepseek.personal.deepseek-api-key.global.deepseek-flash-max] denied=[deepseek.personal.deepseek-api-key.global.deepseek-flash,deepseek.personal.deepseek-api-key.global.deepseek-v4-pro]
[run99] live advisory miss: stage=S4 channel=development scope=standalone-runtime-dev
[run115] eligibility candidates=3 eligible=1 codes=POLICY_DENY_ENDPOINT=2 request=bench-h15-max-signal-v3-deepseek.personal.deepseek-api-key.global.deepseek-flash-max-turn3-c3e27e6a-be4f-4674-ab1b-0cf9d3142d7f alias=- model=- effort=- pass=live allow=[deepseek.personal.deepseek-api-key.global.deepseek-flash-max] denied=[deepseek.personal.deepseek-api-key.global.deepseek-flash,deepseek.personal.deepseek-api-key.global.deepseek-v4-pro]
[run99] live advisory miss: stage=S4 channel=development scope=standalone-runtime-dev
[run115] eligibility candidates=3 eligible=1 codes=POLICY_DENY_ENDPOINT=2 request=bench-p17-tools-multi-hard-deepseek.personal.deepseek-api-key.global.deepseek-v4-pro-turn1-1d4c9938-ad84-4b8f-8162-215080da3758 alias=- model=- effort=- pass=live allow=[deepseek.personal.deepseek-api-key.global.deepseek-v4-pro] denied=[deepseek.personal.deepseek-api-key.global.deepseek-flash,deepseek.personal.deepseek-api-key.global.deepseek-flash-max]
[run99] live advisory miss: stage=S4 channel=development scope=standalone-runtime-dev
[run115] eligibility candidates=3 eligible=1 codes=POLICY_DENY_ENDPOINT=2 request=bench-p17-tools-multi-hard-deepseek.personal.deepseek-api-key.global.deepseek-v4-pro-turn2-ad24d05f-1623-473c-8340-6f0b8d1679ed alias=- model=- effort=- pass=live allow=[deepseek.personal.deepseek-api-key.global.deepseek-v4-pro] denied=[deepseek.personal.deepseek-api-key.global.deepseek-flash,deepseek.personal.deepseek-api-key.global.deepseek-flash-max]
[run99] live advisory miss: stage=S4 channel=development scope=standalone-runtime-dev
[run115] eligibility candidates=3 eligible=1 codes=POLICY_DENY_ENDPOINT=2 request=bench-p17-tools-multi-hard-deepseek.personal.deepseek-api-key.global.deepseek-v4-pro-turn3-822727b4-01d6-46a0-9464-9d8f0dd2387e alias=- model=- effort=- pass=live allow=[deepseek.personal.deepseek-api-key.global.deepseek-v4-pro] denied=[deepseek.personal.deepseek-api-key.global.deepseek-flash,deepseek.personal.deepseek-api-key.global.deepseek-flash-max]
[run99] live advisory miss: stage=S4 channel=development scope=standalone-runtime-dev
[run115] eligibility candidates=3 eligible=1 codes=POLICY_DENY_ENDPOINT=2 request=bench-x01-max-signal-deepseek.personal.deepseek-api-key.global.deepseek-v4-pro-turn1-2ec63b7c-b004-4a2f-ad8b-631508fb1915 alias=- model=- effort=- pass=live allow=[deepseek.personal.deepseek-api-key.global.deepseek-v4-pro] denied=[deepseek.personal.deepseek-api-key.global.deepseek-flash,deepseek.personal.deepseek-api-key.global.deepseek-flash-max]
[run99] live advisory miss: stage=S4 channel=development scope=standalone-runtime-dev
[run115] eligibility candidates=3 eligible=1 codes=POLICY_DENY_ENDPOINT=2 request=bench-x01-max-signal-deepseek.personal.deepseek-api-key.global.deepseek-v4-pro-turn2-991bdbfc-4a7b-454d-80be-fde777a1e81c alias=- model=- effort=- pass=live allow=[deepseek.personal.deepseek-api-key.global.deepseek-v4-pro] denied=[deepseek.personal.deepseek-api-key.global.deepseek-flash,deepseek.personal.deepseek-api-key.global.deepseek-flash-max]
[run99] live advisory miss: stage=S4 channel=development scope=standalone-runtime-dev
[run115] eligibility candidates=3 eligible=1 codes=POLICY_DENY_ENDPOINT=2 request=bench-x01-max-signal-deepseek.personal.deepseek-api-key.global.deepseek-v4-pro-turn3-1f62fa29-1fbf-44a0-851a-a4d194eb8d51 alias=- model=- effort=- pass=live allow=[deepseek.personal.deepseek-api-key.global.deepseek-v4-pro] denied=[deepseek.personal.deepseek-api-key.global.deepseek-flash,deepseek.personal.deepseek-api-key.global.deepseek-flash-max]
[run99] live advisory miss: stage=S4 channel=development scope=standalone-runtime-dev
[run115] eligibility candidates=3 eligible=1 codes=POLICY_DENY_ENDPOINT=2 request=bench-h01-implement-two-sum-deepseek.personal.deepseek-api-key.global.deepseek-v4-pro-turn1-31a3b841-4aff-4bd1-8dc9-c9a379b665f6 alias=- model=- effort=- pass=live allow=[deepseek.personal.deepseek-api-key.global.deepseek-v4-pro] denied=[deepseek.personal.deepseek-api-key.global.deepseek-flash,deepseek.personal.deepseek-api-key.global.deepseek-flash-max]
[run99] live advisory miss: stage=S4 channel=development scope=standalone-runtime-dev
[run115] eligibility candidates=3 eligible=1 codes=POLICY_DENY_ENDPOINT=2 request=bench-h02-fix-async-counter-deepseek.personal.deepseek-api-key.global.deepseek-v4-pro-turn1-ad5837a3-4d7c-4b02-9d60-9ae03d5d3097 alias=- model=- effort=- pass=live allow=[deepseek.personal.deepseek-api-key.global.deepseek-v4-pro] denied=[deepseek.personal.deepseek-api-key.global.deepseek-flash,deepseek.personal.deepseek-api-key.global.deepseek-flash-max]
[run99] live advisory miss: stage=S4 channel=development scope=standalone-runtime-dev
[run115] eligibility candidates=3 eligible=1 codes=POLICY_DENY_ENDPOINT=2 request=bench-h04-tool-read-router-deepseek.personal.deepseek-api-key.global.deepseek-v4-pro-turn1-30cf536c-bb03-4723-ab05-237e0a65071b alias=- model=- effort=- pass=live allow=[deepseek.personal.deepseek-api-key.global.deepseek-v4-pro] denied=[deepseek.personal.deepseek-api-key.global.deepseek-flash,deepseek.personal.deepseek-api-key.global.deepseek-flash-max]
[run99] live advisory miss: stage=S4 channel=development scope=standalone-runtime-dev
[run115] eligibility candidates=3 eligible=1 codes=POLICY_DENY_ENDPOINT=2 request=bench-h04-tool-read-router-deepseek.personal.deepseek-api-key.global.deepseek-v4-pro-turn2-3535aeea-a250-4dd5-9e9d-1bcf38f02e55 alias=- model=- effort=- pass=live allow=[deepseek.personal.deepseek-api-key.global.deepseek-v4-pro] denied=[deepseek.personal.deepseek-api-key.global.deepseek-flash,deepseek.personal.deepseek-api-key.global.deepseek-flash-max]
[run99] live advisory miss: stage=S4 channel=development scope=standalone-runtime-dev
[run115] eligibility candidates=3 eligible=1 codes=POLICY_DENY_ENDPOINT=2 request=bench-h05-tool-grep-eligibility-deepseek.personal.deepseek-api-key.global.deepseek-v4-pro-turn1-55a235c6-7210-4e65-ad92-95945331b892 alias=- model=- effort=- pass=live allow=[deepseek.personal.deepseek-api-key.global.deepseek-v4-pro] denied=[deepseek.personal.deepseek-api-key.global.deepseek-flash,deepseek.personal.deepseek-api-key.global.deepseek-flash-max]
[run99] live advisory miss: stage=S4 channel=development scope=standalone-runtime-dev
[run115] eligibility candidates=3 eligible=1 codes=POLICY_DENY_ENDPOINT=2 request=bench-h05-tool-grep-eligibility-deepseek.personal.deepseek-api-key.global.deepseek-v4-pro-turn2-c4655c06-7777-4253-9d79-7257e3edb2cf alias=- model=- effort=- pass=live allow=[deepseek.personal.deepseek-api-key.global.deepseek-v4-pro] denied=[deepseek.personal.deepseek-api-key.global.deepseek-flash,deepseek.personal.deepseek-api-key.global.deepseek-flash-max]
