(node:16440) ExperimentalWarning: SQLite is an experimental feature and might change at any time
(Use `role-model-dev --trace-warnings ...` to show where the warning was created)
{
  "status": "listening",
  "host": "127.0.0.1",
  "port": 3458
}
[track-b-sidecar] (node:33304) ExperimentalWarning: SQLite is an experimental feature and might change at any time
[track-b-sidecar] (Use `node --trace-warnings ...` to show where the warning was created)
[advisory-diag] doc keys=artifactRef,provenance,scope,type,version type=route_ladder_evidence ver=1 docScope=standalone-runtime-dev scopeId=standalone-runtime-dev mScopeId=standalone-runtime-dev mRole=coder roleId=coder mTask=coder.edit taskId=coder.edit mTax=1.0.0-alpha.1 tax=1.0.0-alpha.1 digestMatch=true
[run105] durable task advisory refresh: scope=standalone-runtime-dev pairs=1 stage=S4
[advisory-diag] doc keys=artifactRef,provenance,scope,type,version type=route_ladder_evidence ver=1 docScope=standalone-runtime-dev scopeId=standalone-runtime-dev mScopeId=standalone-runtime-dev mRole=coder roleId=coder mTask=coder.edit taskId=coder.edit mTax=1.0.0-alpha.1 tax=1.0.0-alpha.1 digestMatch=true
[advisory-recall] key=["development","standalone-runtime-dev","coder","coder.edit"] hit=true cacheSize=1 keys=["development","standalone-runtime-dev","coder","coder.edit"]
[run115] eligibility candidates=4 eligible=3 codes=POLICY_DENY_ENDPOINT=1 request=req-0e208911-6f9b-4d7d-aa1e-c520b603925b alias=baseline.remote-only model=baseline.remote-only effort=high pass=live allow=[deepseek.personal.deepseek-api-key.global.deepseek-flash,deepseek.personal.deepseek-api-key.global.deepseek-flash-max,deepseek.personal.deepseek-api-key.global.deepseek-v4-pro] denied=[moonshot.personal.kimi-code.global.kimi-k3]
[advisory-diag] doc keys=artifactRef,provenance,scope,type,version type=route_ladder_evidence ver=1 docScope=standalone-runtime-dev scopeId=standalone-runtime-dev mScopeId=standalone-runtime-dev mRole=coder roleId=coder mTask=coder.edit taskId=coder.edit mTax=1.0.0-alpha.1 tax=1.0.0-alpha.1 digestMatch=true
[advisory-diag] doc keys=artifactRef,provenance,scope,type,version type=route_ladder_evidence ver=1 docScope=standalone-runtime-dev scopeId=standalone-runtime-dev mScopeId=standalone-runtime-dev mRole=coder roleId=coder mTask=coder.edit taskId=coder.edit mTax=1.0.0-alpha.1 tax=1.0.0-alpha.1 digestMatch=true
[advisory-diag] doc keys=artifactRef,provenance,scope,type,version type=route_ladder_evidence ver=1 docScope=standalone-runtime-dev scopeId=standalone-runtime-dev mScopeId=standalone-runtime-dev mRole=coder roleId=coder mTask=coder.edit taskId=coder.edit mTax=1.0.0-alpha.1 tax=1.0.0-alpha.1 digestMatch=true
[run105] 32 capture(s) refused as no_route_classification: no (role, task) classification, so they never enter the replay/eval queue and get no advisory
[run104-pending] captures=45 scoped=1 first=req-b1e81dba-dc96-4998-98a1-bce3e9772c46,req-2bcf10b8-4cf6-4ba2-870b-3bac8e4a4506,req-338d6539-31db-4122-8586-82223a30846c only=none pendingCount=32 captureCount=191
[run98] remote-health recovery: deepseek.personal.deepseek-api-key.global.deepseek-flash, deepseek.personal.deepseek-api-key.global.deepseek-flash-max, deepseek.personal.deepseek-api-key.global.deepseek-v4-pro, moonshot.personal.kimi-code.global.kimi-k3
[run101] replay job scope: learned runtime:e22187fbf8a85949e6e4b00d1c480633
[run101] recovery page payload shape: value,businessOutput,durableLocator,evidenceRef,readCapability,workerPid
[run101] recovery sweep: examined=1 candidates=1 recovered=0 - every candidate already has its evaluation
[advisory-diag] doc keys=artifactRef,provenance,scope,type,version type=route_ladder_evidence ver=1 docScope=standalone-runtime-dev scopeId=standalone-runtime-dev mScopeId=standalone-runtime-dev mRole=coder roleId=coder mTask=coder.edit taskId=coder.edit mTax=1.0.0-alpha.1 tax=1.0.0-alpha.1 digestMatch=true
[advisory-diag] doc keys=artifactRef,provenance,scope,type,version type=route_ladder_evidence ver=1 docScope=standalone-runtime-dev scopeId=standalone-runtime-dev mScopeId=standalone-runtime-dev mRole=coder roleId=coder mTask=coder.edit taskId=coder.edit mTax=1.0.0-alpha.1 tax=1.0.0-alpha.1 digestMatch=true
[advisory-diag] doc keys=artifactRef,provenance,scope,type,version type=route_ladder_evidence ver=1 docScope=standalone-runtime-dev scopeId=standalone-runtime-dev mScopeId=standalone-runtime-dev mRole=coder roleId=coder mTask=coder.edit taskId=coder.edit mTax=1.0.0-alpha.1 tax=1.0.0-alpha.1 digestMatch=true
[run105] 32 capture(s) refused as no_route_classification: no (role, task) classification, so they never enter the replay/eval queue and get no advisory
[run104-pending] captures=45 scoped=1 first=req-0e208911-6f9b-4d7d-aa1e-c520b603925b,req-b1e81dba-dc96-4998-98a1-bce3e9772c46,req-2bcf10b8-4cf6-4ba2-870b-3bac8e4a4506 only=none pendingCount=32 captureCount=192
[advisory-diag] doc keys=artifactRef,provenance,scope,type,version type=route_ladder_evidence ver=1 docScope=standalone-runtime-dev scopeId=standalone-runtime-dev mScopeId=standalone-runtime-dev mRole=coder roleId=coder mTask=coder.edit taskId=coder.edit mTax=1.0.0-alpha.1 tax=1.0.0-alpha.1 digestMatch=true
[advisory-diag] doc keys=artifactRef,provenance,scope,type,version type=route_ladder_evidence ver=1 docScope=standalone-runtime-dev scopeId=standalone-runtime-dev mScopeId=standalone-runtime-dev mRole=coder roleId=coder mTask=coder.edit taskId=coder.edit mTax=1.0.0-alpha.1 tax=1.0.0-alpha.1 digestMatch=true
[advisory-diag] doc keys=artifactRef,provenance,scope,type,version type=route_ladder_evidence ver=1 docScope=standalone-runtime-dev scopeId=standalone-runtime-dev mScopeId=standalone-runtime-dev mRole=coder roleId=coder mTask=coder.edit taskId=coder.edit mTax=1.0.0-alpha.1 tax=1.0.0-alpha.1 digestMatch=true
[advisory-diag] doc keys=artifactRef,provenance,scope,type,version type=route_ladder_evidence ver=1 docScope=standalone-runtime-dev scopeId=standalone-runtime-dev mScopeId=standalone-runtime-dev mRole=coder roleId=coder mTask=coder.edit taskId=coder.edit mTax=1.0.0-alpha.1 tax=1.0.0-alpha.1 digestMatch=true
[run105] 32 capture(s) refused as no_route_classification: no (role, task) classification, so they never enter the replay/eval queue and get no advisory
[run104-pending] captures=45 scoped=1 first=req-0e208911-6f9b-4d7d-aa1e-c520b603925b,req-b1e81dba-dc96-4998-98a1-bce3e9772c46,req-2bcf10b8-4cf6-4ba2-870b-3bac8e4a4506 only=none pendingCount=32 captureCount=192
[advisory-diag] doc keys=artifactRef,provenance,scope,type,version type=route_ladder_evidence ver=1 docScope=standalone-runtime-dev scopeId=standalone-runtime-dev mScopeId=standalone-runtime-dev mRole=coder roleId=coder mTask=coder.edit taskId=coder.edit mTax=1.0.0-alpha.1 tax=1.0.0-alpha.1 digestMatch=true
[advisory-diag] doc keys=artifactRef,provenance,scope,type,version type=route_ladder_evidence ver=1 docScope=standalone-runtime-dev scopeId=standalone-runtime-dev mScopeId=standalone-runtime-dev mRole=coder roleId=coder mTask=coder.edit taskId=coder.edit mTax=1.0.0-alpha.1 tax=1.0.0-alpha.1 digestMatch=true
[advisory-diag] doc keys=artifactRef,provenance,scope,type,version type=route_ladder_evidence ver=1 docScope=standalone-runtime-dev scopeId=standalone-runtime-dev mScopeId=standalone-runtime-dev mRole=coder roleId=coder mTask=coder.edit taskId=coder.edit mTax=1.0.0-alpha.1 tax=1.0.0-alpha.1 digestMatch=true
[advisory-diag] doc keys=artifactRef,provenance,scope,type,version type=route_ladder_evidence ver=1 docScope=standalone-runtime-dev scopeId=standalone-runtime-dev mScopeId=standalone-runtime-dev mRole=coder roleId=coder mTask=coder.edit taskId=coder.edit mTax=1.0.0-alpha.1 tax=1.0.0-alpha.1 digestMatch=true
[run105] 32 capture(s) refused as no_route_classification: no (role, task) classification, so they never enter the replay/eval queue and get no advisory
[run104-pending] captures=45 scoped=1 first=req-0e208911-6f9b-4d7d-aa1e-c520b603925b,req-b1e81dba-dc96-4998-98a1-bce3e9772c46,req-2bcf10b8-4cf6-4ba2-870b-3bac8e4a4506 only=none pendingCount=32 captureCount=192
[advisory-diag] doc keys=artifactRef,provenance,scope,type,version type=route_ladder_evidence ver=1 docScope=standalone-runtime-dev scopeId=standalone-runtime-dev mScopeId=standalone-runtime-dev mRole=coder roleId=coder mTask=coder.edit taskId=coder.edit mTax=1.0.0-alpha.1 tax=1.0.0-alpha.1 digestMatch=true
[run101] recovery sweep: examined=1 candidates=1 recovered=0 - every candidate already has its evaluation
[advisory-diag] doc keys=artifactRef,provenance,scope,type,version type=route_ladder_evidence ver=1 docScope=standalone-runtime-dev scopeId=standalone-runtime-dev mScopeId=standalone-runtime-dev mRole=coder roleId=coder mTask=coder.edit taskId=coder.edit mTax=1.0.0-alpha.1 tax=1.0.0-alpha.1 digestMatch=true
[advisory-diag] doc keys=artifactRef,provenance,scope,type,version type=route_ladder_evidence ver=1 docScope=standalone-runtime-dev scopeId=standalone-runtime-dev mScopeId=standalone-runtime-dev mRole=coder roleId=coder mTask=coder.edit taskId=coder.edit mTax=1.0.0-alpha.1 tax=1.0.0-alpha.1 digestMatch=true
[advisory-diag] doc keys=artifactRef,provenance,scope,type,version type=route_ladder_evidence ver=1 docScope=standalone-runtime-dev scopeId=standalone-runtime-dev mScopeId=standalone-runtime-dev mRole=coder roleId=coder mTask=coder.edit taskId=coder.edit mTax=1.0.0-alpha.1 tax=1.0.0-alpha.1 digestMatch=true
[run105] 32 capture(s) refused as no_route_classification: no (role, task) classification, so they never enter the replay/eval queue and get no advisory
[run104-pending] captures=45 scoped=1 first=req-0e208911-6f9b-4d7d-aa1e-c520b603925b,req-b1e81dba-dc96-4998-98a1-bce3e9772c46,req-2bcf10b8-4cf6-4ba2-870b-3bac8e4a4506 only=none pendingCount=32 captureCount=192
[advisory-diag] doc keys=artifactRef,provenance,scope,type,version type=route_ladder_evidence ver=1 docScope=standalone-runtime-dev scopeId=standalone-runtime-dev mScopeId=standalone-runtime-dev mRole=coder roleId=coder mTask=coder.edit taskId=coder.edit mTax=1.0.0-alpha.1 tax=1.0.0-alpha.1 digestMatch=true
[advisory-diag] doc keys=artifactRef,provenance,scope,type,version type=route_ladder_evidence ver=1 docScope=standalone-runtime-dev scopeId=standalone-runtime-dev mScopeId=standalone-runtime-dev mRole=coder roleId=coder mTask=coder.edit taskId=coder.edit mTax=1.0.0-alpha.1 tax=1.0.0-alpha.1 digestMatch=true
[advisory-recall] key=["development","standalone-runtime-dev","writer","educator.example.generate"] hit=false cacheSize=1 keys=["development","standalone-runtime-dev","coder","coder.edit"]
[run99] live advisory miss: stage=S4 channel=development scope=standalone-runtime-dev
[run115] eligibility candidates=4 eligible=3 codes=POLICY_DENY_ENDPOINT=1 request=req-cb55892d-f1ef-4bd6-be89-6a4ce4c2c584 alias=baseline.remote-only model=baseline.remote-only effort=high pass=live allow=[deepseek.personal.deepseek-api-key.global.deepseek-flash,deepseek.personal.deepseek-api-key.global.deepseek-flash-max,deepseek.personal.deepseek-api-key.global.deepseek-v4-pro] denied=[moonshot.personal.kimi-code.global.kimi-k3]
[advisory-diag] doc keys=artifactRef,provenance,scope,type,version type=route_ladder_evidence ver=1 docScope=standalone-runtime-dev scopeId=standalone-runtime-dev mScopeId=standalone-runtime-dev mRole=coder roleId=coder mTask=coder.edit taskId=coder.edit mTax=1.0.0-alpha.1 tax=1.0.0-alpha.1 digestMatch=true
[advisory-recall] key=["development","standalone-runtime-dev","writer","educator.example.generate"] hit=false cacheSize=1 keys=["development","standalone-runtime-dev","coder","coder.edit"]
[run99] live advisory miss: stage=S4 channel=development scope=standalone-runtime-dev
[run115] eligibility candidates=4 eligible=3 codes=POLICY_DENY_ENDPOINT=1 request=req-1361a31b-1373-4298-88e8-69b48b3e4e5c alias=baseline.remote-only model=baseline.remote-only effort=high pass=live allow=[deepseek.personal.deepseek-api-key.global.deepseek-flash,deepseek.personal.deepseek-api-key.global.deepseek-flash-max,deepseek.personal.deepseek-api-key.global.deepseek-v4-pro] denied=[moonshot.personal.kimi-code.global.kimi-k3]
[advisory-diag] doc keys=artifactRef,provenance,scope,type,version type=route_ladder_evidence ver=1 docScope=standalone-runtime-dev scopeId=standalone-runtime-dev mScopeId=standalone-runtime-dev mRole=coder roleId=coder mTask=coder.edit taskId=coder.edit mTax=1.0.0-alpha.1 tax=1.0.0-alpha.1 digestMatch=true
[advisory-recall] key=["development","standalone-runtime-dev","coder","coder.edit"] hit=true cacheSize=1 keys=["development","standalone-runtime-dev","coder","coder.edit"]
[run115] eligibility candidates=4 eligible=3 codes=POLICY_DENY_ENDPOINT=1 request=req-107c7d43-469e-49b9-a208-2948b0914f23 alias=baseline.remote-only model=baseline.remote-only effort=high pass=live allow=[deepseek.personal.deepseek-api-key.global.deepseek-flash,deepseek.personal.deepseek-api-key.global.deepseek-flash-max,deepseek.personal.deepseek-api-key.global.deepseek-v4-pro] denied=[moonshot.personal.kimi-code.global.kimi-k3]
[run105] 32 capture(s) refused as no_route_classification: no (role, task) classification, so they never enter the replay/eval queue and get no advisory
[run104-pending] captures=46 scoped=1 first=req-cb55892d-f1ef-4bd6-be89-6a4ce4c2c584,req-0e208911-6f9b-4d7d-aa1e-c520b603925b,req-b1e81dba-dc96-4998-98a1-bce3e9772c46 only=none pendingCount=32 captureCount=193
[advisory-diag] doc keys=artifactRef,provenance,scope,type,version type=route_ladder_evidence ver=1 docScope=standalone-runtime-dev scopeId=standalone-runtime-dev mScopeId=standalone-runtime-dev mRole=coder roleId=coder mTask=coder.edit taskId=coder.edit mTax=1.0.0-alpha.1 tax=1.0.0-alpha.1 digestMatch=true
[advisory-recall] key=["development","standalone-runtime-dev","writer","educator.example.generate"] hit=false cacheSize=1 keys=["development","standalone-runtime-dev","coder","coder.edit"]
[run99] live advisory miss: stage=S4 channel=development scope=standalone-runtime-dev
[run115] eligibility candidates=4 eligible=3 codes=POLICY_DENY_ENDPOINT=1 request=req-0073acfc-9b7e-435e-a30c-a9279bd35d2f alias=baseline.remote-only model=baseline.remote-only effort=high pass=live allow=[deepseek.personal.deepseek-api-key.global.deepseek-flash,deepseek.personal.deepseek-api-key.global.deepseek-flash-max,deepseek.personal.deepseek-api-key.global.deepseek-v4-pro] denied=[moonshot.personal.kimi-code.global.kimi-k3]
[advisory-diag] doc keys=artifactRef,provenance,scope,type,version type=route_ladder_evidence ver=1 docScope=standalone-runtime-dev scopeId=standalone-runtime-dev mScopeId=standalone-runtime-dev mRole=coder roleId=coder mTask=coder.edit taskId=coder.edit mTax=1.0.0-alpha.1 tax=1.0.0-alpha.1 digestMatch=true
[advisory-recall] key=["development","standalone-runtime-dev","writer","educator.example.generate"] hit=false cacheSize=1 keys=["development","standalone-runtime-dev","coder","coder.edit"]
[run99] live advisory miss: stage=S4 channel=development scope=standalone-runtime-dev
[run115] eligibility candidates=4 eligible=3 codes=POLICY_DENY_ENDPOINT=1 request=req-ad518549-270f-428b-ac29-ab3ad5654198 alias=baseline.remote-only model=baseline.remote-only effort=high pass=live allow=[deepseek.personal.deepseek-api-key.global.deepseek-flash,deepseek.personal.deepseek-api-key.global.deepseek-flash-max,deepseek.personal.deepseek-api-key.global.deepseek-v4-pro] denied=[moonshot.personal.kimi-code.global.kimi-k3]
[advisory-diag] doc keys=artifactRef,provenance,scope,type,version type=route_ladder_evidence ver=1 docScope=standalone-runtime-dev scopeId=standalone-runtime-dev mScopeId=standalone-runtime-dev mRole=coder roleId=coder mTask=coder.edit taskId=coder.edit mTax=1.0.0-alpha.1 tax=1.0.0-alpha.1 digestMatch=true
[advisory-diag] doc keys=artifactRef,provenance,scope,type,version type=route_ladder_evidence ver=1 docScope=standalone-runtime-dev scopeId=standalone-runtime-dev mScopeId=standalone-runtime-dev mRole=coder roleId=coder mTask=coder.edit taskId=coder.edit mTax=1.0.0-alpha.1 tax=1.0.0-alpha.1 digestMatch=true
[advisory-recall] key=["development","standalone-runtime-dev","coder","coder.edit"] hit=true cacheSize=1 keys=["development","standalone-runtime-dev","coder","coder.edit"]
[run115] eligibility candidates=4 eligible=3 codes=POLICY_DENY_ENDPOINT=1 request=req-427f4f21-30b8-4214-891b-dd1039becf1a alias=baseline.remote-only model=baseline.remote-only effort=high pass=live allow=[deepseek.personal.deepseek-api-key.global.deepseek-flash,deepseek.personal.deepseek-api-key.global.deepseek-flash-max,deepseek.personal.deepseek-api-key.global.deepseek-v4-pro] denied=[moonshot.personal.kimi-code.global.kimi-k3]
[advisory-diag] doc keys=artifactRef,provenance,scope,type,version type=route_ladder_evidence ver=1 docScope=standalone-runtime-dev scopeId=standalone-runtime-dev mScopeId=standalone-runtime-dev mRole=coder roleId=coder mTask=coder.edit taskId=coder.edit mTax=1.0.0-alpha.1 tax=1.0.0-alpha.1 digestMatch=true
[run105] 32 capture(s) refused as no_route_classification: no (role, task) classification, so they never enter the replay/eval queue and get no advisory
[run104-pending] captures=48 scoped=1 first=req-0073acfc-9b7e-435e-a30c-a9279bd35d2f,req-107c7d43-469e-49b9-a208-2948b0914f23,req-1361a31b-1373-4298-88e8-69b48b3e4e5c only=none pendingCount=32 captureCount=196
[run101] recovery sweep: examined=1 candidates=1 recovered=0 - every candidate already has its evaluation
[advisory-diag] doc keys=artifactRef,provenance,scope,type,version type=route_ladder_evidence ver=1 docScope=standalone-runtime-dev scopeId=standalone-runtime-dev mScopeId=standalone-runtime-dev mRole=coder roleId=coder mTask=coder.edit taskId=coder.edit mTax=1.0.0-alpha.1 tax=1.0.0-alpha.1 digestMatch=true
[advisory-diag] doc keys=artifactRef,provenance,scope,type,version type=route_ladder_evidence ver=1 docScope=standalone-runtime-dev scopeId=standalone-runtime-dev mScopeId=standalone-runtime-dev mRole=coder roleId=coder mTask=coder.edit taskId=coder.edit mTax=1.0.0-alpha.1 tax=1.0.0-alpha.1 digestMatch=true
[advisory-diag] doc keys=artifactRef,provenance,scope,type,version type=route_ladder_evidence ver=1 docScope=standalone-runtime-dev scopeId=standalone-runtime-dev mScopeId=standalone-runtime-dev mRole=coder roleId=coder mTask=coder.edit taskId=coder.edit mTax=1.0.0-alpha.1 tax=1.0.0-alpha.1 digestMatch=true
[run105] 32 capture(s) refused as no_route_classification: no (role, task) classification, so they never enter the replay/eval queue and get no advisory
[run104-pending] captures=50 scoped=1 first=req-427f4f21-30b8-4214-891b-dd1039becf1a,req-ad518549-270f-428b-ac29-ab3ad5654198,req-0073acfc-9b7e-435e-a30c-a9279bd35d2f only=none pendingCount=32 captureCount=198
[advisory-diag] doc keys=artifactRef,provenance,scope,type,version type=route_ladder_evidence ver=1 docScope=standalone-runtime-dev scopeId=standalone-runtime-dev mScopeId=standalone-runtime-dev mRole=coder roleId=coder mTask=coder.edit taskId=coder.edit mTax=1.0.0-alpha.1 tax=1.0.0-alpha.1 digestMatch=true
[advisory-diag] doc keys=artifactRef,provenance,scope,type,version type=route_ladder_evidence ver=1 docScope=standalone-runtime-dev scopeId=standalone-runtime-dev mScopeId=standalone-runtime-dev mRole=coder roleId=coder mTask=coder.edit taskId=coder.edit mTax=1.0.0-alpha.1 tax=1.0.0-alpha.1 digestMatch=true
[advisory-diag] doc keys=artifactRef,provenance,scope,type,version type=route_ladder_evidence ver=1 docScope=standalone-runtime-dev scopeId=standalone-runtime-dev mScopeId=standalone-runtime-dev mRole=coder roleId=coder mTask=coder.edit taskId=coder.edit mTax=1.0.0-alpha.1 tax=1.0.0-alpha.1 digestMatch=true
[advisory-diag] doc keys=artifactRef,provenance,scope,type,version type=route_ladder_evidence ver=1 docScope=standalone-runtime-dev scopeId=standalone-runtime-dev mScopeId=standalone-runtime-dev mRole=coder roleId=coder mTask=coder.edit taskId=coder.edit mTax=1.0.0-alpha.1 tax=1.0.0-alpha.1 digestMatch=true
[run105] 32 capture(s) refused as no_route_classification: no (role, task) classification, so they never enter the replay/eval queue and get no advisory
[run104-pending] captures=50 scoped=1 first=req-427f4f21-30b8-4214-891b-dd1039becf1a,req-ad518549-270f-428b-ac29-ab3ad5654198,req-0073acfc-9b7e-435e-a30c-a9279bd35d2f only=none pendingCount=32 captureCount=198
[advisory-diag] doc keys=artifactRef,provenance,scope,type,version type=route_ladder_evidence ver=1 docScope=standalone-runtime-dev scopeId=standalone-runtime-dev mScopeId=standalone-runtime-dev mRole=coder roleId=coder mTask=coder.edit taskId=coder.edit mTax=1.0.0-alpha.1 tax=1.0.0-alpha.1 digestMatch=true
[advisory-diag] doc keys=artifactRef,provenance,scope,type,version type=route_ladder_evidence ver=1 docScope=standalone-runtime-dev scopeId=standalone-runtime-dev mScopeId=standalone-runtime-dev mRole=coder roleId=coder mTask=coder.edit taskId=coder.edit mTax=1.0.0-alpha.1 tax=1.0.0-alpha.1 digestMatch=true
[run105] 32 capture(s) refused as no_route_classification: no (role, task) classification, so they never enter the replay/eval queue and get no advisory
[run104-pending] captures=50 scoped=1 first=req-427f4f21-30b8-4214-891b-dd1039becf1a,req-ad518549-270f-428b-ac29-ab3ad5654198,req-0073acfc-9b7e-435e-a30c-a9279bd35d2f only=none pendingCount=32 captureCount=198
[advisory-diag] doc keys=artifactRef,provenance,scope,type,version type=route_ladder_evidence ver=1 docScope=standalone-runtime-dev scopeId=standalone-runtime-dev mScopeId=standalone-runtime-dev mRole=coder roleId=coder mTask=coder.edit taskId=coder.edit mTax=1.0.0-alpha.1 tax=1.0.0-alpha.1 digestMatch=true
[run101] recovery sweep: examined=1 candidates=1 recovered=0 - every candidate already has its evaluation
[advisory-diag] doc keys=artifactRef,provenance,scope,type,version type=route_ladder_evidence ver=1 docScope=standalone-runtime-dev scopeId=standalone-runtime-dev mScopeId=standalone-runtime-dev mRole=coder roleId=coder mTask=coder.edit taskId=coder.edit mTax=1.0.0-alpha.1 tax=1.0.0-alpha.1 digestMatch=true
[advisory-diag] doc keys=artifactRef,provenance,scope,type,version type=route_ladder_evidence ver=1 docScope=standalone-runtime-dev scopeId=standalone-runtime-dev mScopeId=standalone-runtime-dev mRole=coder roleId=coder mTask=coder.edit taskId=coder.edit mTax=1.0.0-alpha.1 tax=1.0.0-alpha.1 digestMatch=true
[advisory-diag] doc keys=artifactRef,provenance,scope,type,version type=route_ladder_evidence ver=1 docScope=standalone-runtime-dev scopeId=standalone-runtime-dev mScopeId=standalone-runtime-dev mRole=coder roleId=coder mTask=coder.edit taskId=coder.edit mTax=1.0.0-alpha.1 tax=1.0.0-alpha.1 digestMatch=true
[advisory-diag] doc keys=artifactRef,provenance,scope,type,version type=route_ladder_evidence ver=1 docScope=standalone-runtime-dev scopeId=standalone-runtime-dev mScopeId=standalone-runtime-dev mRole=coder roleId=coder mTask=coder.edit taskId=coder.edit mTax=1.0.0-alpha.1 tax=1.0.0-alpha.1 digestMatch=true
[advisory-diag] doc keys=artifactRef,provenance,scope,type,version type=route_ladder_evidence ver=1 docScope=standalone-runtime-dev scopeId=standalone-runtime-dev mScopeId=standalone-runtime-dev mRole=coder roleId=coder mTask=coder.edit taskId=coder.edit mTax=1.0.0-alpha.1 tax=1.0.0-alpha.1 digestMatch=true
[run105] 32 capture(s) refused as no_route_classification: no (role, task) classification, so they never enter the replay/eval queue and get no advisory
[run104-pending] captures=50 scoped=1 first=req-427f4f21-30b8-4214-891b-dd1039becf1a,req-ad518549-270f-428b-ac29-ab3ad5654198,req-0073acfc-9b7e-435e-a30c-a9279bd35d2f only=none pendingCount=32 captureCount=198
[advisory-diag] doc keys=artifactRef,provenance,scope,type,version type=route_ladder_evidence ver=1 docScope=standalone-runtime-dev scopeId=standalone-runtime-dev mScopeId=standalone-runtime-dev mRole=coder roleId=coder mTask=coder.edit taskId=coder.edit mTax=1.0.0-alpha.1 tax=1.0.0-alpha.1 digestMatch=true
[advisory-diag] doc keys=artifactRef,provenance,scope,type,version type=route_ladder_evidence ver=1 docScope=standalone-runtime-dev scopeId=standalone-runtime-dev mScopeId=standalone-runtime-dev mRole=coder roleId=coder mTask=coder.edit taskId=coder.edit mTax=1.0.0-alpha.1 tax=1.0.0-alpha.1 digestMatch=true
[advisory-diag] doc keys=artifactRef,provenance,scope,type,version type=route_ladder_evidence ver=1 docScope=standalone-runtime-dev scopeId=standalone-runtime-dev mScopeId=standalone-runtime-dev mRole=coder roleId=coder mTask=coder.edit taskId=coder.edit mTax=1.0.0-alpha.1 tax=1.0.0-alpha.1 digestMatch=true
[run101] recovery sweep: examined=1 candidates=1 recovered=0 - every candidate already has its evaluation
[run105] 32 capture(s) refused as no_route_classification: no (role, task) classification, so they never enter the replay/eval queue and get no advisory
[run104-pending] captures=50 scoped=1 first=req-427f4f21-30b8-4214-891b-dd1039becf1a,req-ad518549-270f-428b-ac29-ab3ad5654198,req-0073acfc-9b7e-435e-a30c-a9279bd35d2f only=none pendingCount=32 captureCount=198
[advisory-diag] doc keys=artifactRef,provenance,scope,type,version type=route_ladder_evidence ver=1 docScope=standalone-runtime-dev scopeId=standalone-runtime-dev mScopeId=standalone-runtime-dev mRole=coder roleId=coder mTask=coder.edit taskId=coder.edit mTax=1.0.0-alpha.1 tax=1.0.0-alpha.1 digestMatch=true
[advisory-diag] doc keys=artifactRef,provenance,scope,type,version type=route_ladder_evidence ver=1 docScope=standalone-runtime-dev scopeId=standalone-runtime-dev mScopeId=standalone-runtime-dev mRole=coder roleId=coder mTask=coder.edit taskId=coder.edit mTax=1.0.0-alpha.1 tax=1.0.0-alpha.1 digestMatch=true
[advisory-diag] doc keys=artifactRef,provenance,scope,type,version type=route_ladder_evidence ver=1 docScope=standalone-runtime-dev scopeId=standalone-runtime-dev mScopeId=standalone-runtime-dev mRole=coder roleId=coder mTask=coder.edit taskId=coder.edit mTax=1.0.0-alpha.1 tax=1.0.0-alpha.1 digestMatch=true
[advisory-diag] doc keys=artifactRef,provenance,scope,type,version type=route_ladder_evidence ver=1 docScope=standalone-runtime-dev scopeId=standalone-runtime-dev mScopeId=standalone-runtime-dev mRole=coder roleId=coder mTask=coder.edit taskId=coder.edit mTax=1.0.0-alpha.1 tax=1.0.0-alpha.1 digestMatch=true
[run105] 32 capture(s) refused as no_route_classification: no (role, task) classification, so they never enter the replay/eval queue and get no advisory
[run104-pending] captures=50 scoped=1 first=req-427f4f21-30b8-4214-891b-dd1039becf1a,req-ad518549-270f-428b-ac29-ab3ad5654198,req-0073acfc-9b7e-435e-a30c-a9279bd35d2f only=none pendingCount=32 captureCount=198
[advisory-diag] doc keys=artifactRef,provenance,scope,type,version type=route_ladder_evidence ver=1 docScope=standalone-runtime-dev scopeId=standalone-runtime-dev mScopeId=standalone-runtime-dev mRole=coder roleId=coder mTask=coder.edit taskId=coder.edit mTax=1.0.0-alpha.1 tax=1.0.0-alpha.1 digestMatch=true
[advisory-diag] doc keys=artifactRef,provenance,scope,type,version type=route_ladder_evidence ver=1 docScope=standalone-runtime-dev scopeId=standalone-runtime-dev mScopeId=standalone-runtime-dev mRole=coder roleId=coder mTask=coder.edit taskId=coder.edit mTax=1.0.0-alpha.1 tax=1.0.0-alpha.1 digestMatch=true
[advisory-diag] doc keys=artifactRef,provenance,scope,type,version type=route_ladder_evidence ver=1 docScope=standalone-runtime-dev scopeId=standalone-runtime-dev mScopeId=standalone-runtime-dev mRole=coder roleId=coder mTask=coder.edit taskId=coder.edit mTax=1.0.0-alpha.1 tax=1.0.0-alpha.1 digestMatch=true
[track-b-sidecar] [run140] profile invoke capability=profile:current-estimate scope=standalone-runtime-dev sessionId=operator filePath=E:\tmp\run105-full2-verification-state\standalone-runtime-dev\track-b\extensions\workers\profile-learner\profile-e983a260667256b09d300ef178f609d323eef2ceb50df234f6aeb1066c279f63.json
[track-b-sidecar] [run140] profile invoke capability=profile:current-estimate scope=standalone-runtime-dev sessionId=operator filePath=E:\tmp\run105-full2-verification-state\standalone-runtime-dev\track-b\extensions\workers\profile-learner\profile-e983a260667256b09d300ef178f609d323eef2ceb50df234f6aeb1066c279f63.json
[track-b-sidecar] [run140] profile invoke capability=profile:current-estimate scope=standalone-runtime-dev sessionId=operator filePath=E:\tmp\run105-full2-verification-state\standalone-runtime-dev\track-b\extensions\workers\profile-learner\profile-e983a260667256b09d300ef178f609d323eef2ceb50df234f6aeb1066c279f63.json
[track-b-sidecar] [run140] profile invoke capability=profile:current-estimate scope=standalone-runtime-dev sessionId=operator filePath=E:\tmp\run105-full2-verification-state\standalone-runtime-dev\track-b\extensions\workers\profile-learner\profile-e983a260667256b09d300ef178f609d323eef2ceb50df234f6aeb1066c279f63.json
[track-b-sidecar] [run138] learning profile hop keys=schemaVersion|id|generationId|generationKey|generation|state|previousGenerationId|estimateDigest|effects|bias state=active
[track-b-sidecar] [run137] profile readback keys=schemaVersion|id|generationId|generationKey|generation|state|previousGenerationId|estimateDigest|effects|bias state=active
[track-b-sidecar] [run137] profile readback keys=schemaVersion|id|generationId|generationKey|generation|state|previousGenerationId|estimateDigest|effects|bias state=active
[track-b-sidecar] [run138] learning profile hop keys=schemaVersion|id|generationId|generationKey|generation|state|previousGenerationId|estimateDigest|effects|bias state=active
[advisory-diag] doc keys=artifactRef,provenance,scope,type,version type=route_ladder_evidence ver=1 docScope=standalone-runtime-dev scopeId=standalone-runtime-dev mScopeId=standalone-runtime-dev mRole=coder roleId=coder mTask=coder.edit taskId=coder.edit mTax=1.0.0-alpha.1 tax=1.0.0-alpha.1 digestMatch=true
[run105] 32 capture(s) refused as no_route_classification: no (role, task) classification, so they never enter the replay/eval queue and get no advisory
[run104-pending] captures=50 scoped=1 first=req-427f4f21-30b8-4214-891b-dd1039becf1a,req-ad518549-270f-428b-ac29-ab3ad5654198,req-0073acfc-9b7e-435e-a30c-a9279bd35d2f only=none pendingCount=32 captureCount=198
[advisory-recall] key=["development","standalone-runtime-dev","coder","tester.e2e"] hit=false cacheSize=1 keys=["development","standalone-runtime-dev","coder","coder.edit"]
[run99] live advisory miss: stage=S4 channel=development scope=standalone-runtime-dev
[run115] eligibility candidates=4 eligible=1 codes=POLICY_DENY_ENDPOINT=3 request=bench-p17-tools-multi-hard-deepseek.personal.deepseek-api-key.global.deepseek-flash-max-turn1-2207eaa0-85e0-49b0-805f-7093755716ee alias=- model=- effort=- pass=live allow=[deepseek.personal.deepseek-api-key.global.deepseek-flash-max] denied=[deepseek.personal.deepseek-api-key.global.deepseek-flash,deepseek.personal.deepseek-api-key.global.deepseek-v4-pro,moonshot.personal.kimi-code.global.kimi-k3]
[advisory-recall] key=["development","standalone-runtime-dev","coder","tester.e2e"] hit=false cacheSize=1 keys=["development","standalone-runtime-dev","coder","coder.edit"]
[run99] live advisory miss: stage=S4 channel=development scope=standalone-runtime-dev
[run115] eligibility candidates=4 eligible=1 codes=POLICY_DENY_ENDPOINT=3 request=bench-p17-tools-multi-hard-deepseek.personal.deepseek-api-key.global.deepseek-flash-max-turn2-49eef66f-a59e-40a6-9f89-7d45dca9bd94 alias=- model=- effort=- pass=live allow=[deepseek.personal.deepseek-api-key.global.deepseek-flash-max] denied=[deepseek.personal.deepseek-api-key.global.deepseek-flash,deepseek.personal.deepseek-api-key.global.deepseek-v4-pro,moonshot.personal.kimi-code.global.kimi-k3]
[advisory-diag] doc keys=artifactRef,provenance,scope,type,version type=route_ladder_evidence ver=1 docScope=standalone-runtime-dev scopeId=standalone-runtime-dev mScopeId=standalone-runtime-dev mRole=coder roleId=coder mTask=coder.edit taskId=coder.edit mTax=1.0.0-alpha.1 tax=1.0.0-alpha.1 digestMatch=true
[advisory-recall] key=["development","standalone-runtime-dev","coder","tester.e2e"] hit=false cacheSize=1 keys=["development","standalone-runtime-dev","coder","coder.edit"]
[run99] live advisory miss: stage=S4 channel=development scope=standalone-runtime-dev
[run115] eligibility candidates=4 eligible=1 codes=POLICY_DENY_ENDPOINT=3 request=bench-p17-tools-multi-hard-deepseek.personal.deepseek-api-key.global.deepseek-flash-max-turn3-66958e83-b346-494b-9e96-fb711fd59123 alias=- model=- effort=- pass=live allow=[deepseek.personal.deepseek-api-key.global.deepseek-flash-max] denied=[deepseek.personal.deepseek-api-key.global.deepseek-flash,deepseek.personal.deepseek-api-key.global.deepseek-v4-pro,moonshot.personal.kimi-code.global.kimi-k3]
[advisory-recall] key=["development","standalone-runtime-dev","coder","coder.edit"] hit=true cacheSize=1 keys=["development","standalone-runtime-dev","coder","coder.edit"]
[run115] eligibility candidates=4 eligible=1 codes=POLICY_DENY_ENDPOINT=3 request=bench-x01-max-signal-deepseek.personal.deepseek-api-key.global.deepseek-flash-max-turn1-4ca42091-4b9f-4cec-8561-6065bfab35a8 alias=- model=- effort=- pass=live allow=[deepseek.personal.deepseek-api-key.global.deepseek-flash-max] denied=[deepseek.personal.deepseek-api-key.global.deepseek-flash,deepseek.personal.deepseek-api-key.global.deepseek-v4-pro,moonshot.personal.kimi-code.global.kimi-k3]
[track-b-sidecar] [run140] profile invoke capability=profile:current-estimate scope=standalone-runtime-dev sessionId=operator filePath=E:\tmp\run105-full2-verification-state\standalone-runtime-dev\track-b\extensions\workers\profile-learner\profile-e983a260667256b09d300ef178f609d323eef2ceb50df234f6aeb1066c279f63.json
[track-b-sidecar] [run140] profile invoke capability=profile:current-estimate scope=standalone-runtime-dev sessionId=operator filePath=E:\tmp\run105-full2-verification-state\standalone-runtime-dev\track-b\extensions\workers\profile-learner\profile-e983a260667256b09d300ef178f609d323eef2ceb50df234f6aeb1066c279f63.json
[track-b-sidecar] [run138] learning profile hop keys=schemaVersion|id|generationId|generationKey|generation|state|previousGenerationId|estimateDigest|effects|bias state=active
[track-b-sidecar] [run137] profile readback keys=schemaVersion|id|generationId|generationKey|generation|state|previousGenerationId|estimateDigest|effects|bias state=active
[advisory-diag] doc keys=artifactRef,provenance,scope,type,version type=route_ladder_evidence ver=1 docScope=standalone-runtime-dev scopeId=standalone-runtime-dev mScopeId=standalone-runtime-dev mRole=coder roleId=coder mTask=coder.edit taskId=coder.edit mTax=1.0.0-alpha.1 tax=1.0.0-alpha.1 digestMatch=true
[advisory-diag] doc keys=artifactRef,provenance,scope,type,version type=route_ladder_evidence ver=1 docScope=standalone-runtime-dev scopeId=standalone-runtime-dev mScopeId=standalone-runtime-dev mRole=coder roleId=coder mTask=coder.edit taskId=coder.edit mTax=1.0.0-alpha.1 tax=1.0.0-alpha.1 digestMatch=true
[run105] 32 capture(s) refused as no_route_classification: no (role, task) classification, so they never enter the replay/eval queue and get no advisory
[run104-pending] captures=50 scoped=1 first=req-427f4f21-30b8-4214-891b-dd1039becf1a,req-ad518549-270f-428b-ac29-ab3ad5654198,req-0073acfc-9b7e-435e-a30c-a9279bd35d2f only=none pendingCount=32 captureCount=198
[advisory-diag] doc keys=artifactRef,provenance,scope,type,version type=route_ladder_evidence ver=1 docScope=standalone-runtime-dev scopeId=standalone-runtime-dev mScopeId=standalone-runtime-dev mRole=coder roleId=coder mTask=coder.edit taskId=coder.edit mTax=1.0.0-alpha.1 tax=1.0.0-alpha.1 digestMatch=true
[run101] recovery sweep: examined=1 candidates=1 recovered=0 - every candidate already has its evaluation
[advisory-diag] doc keys=artifactRef,provenance,scope,type,version type=route_ladder_evidence ver=1 docScope=standalone-runtime-dev scopeId=standalone-runtime-dev mScopeId=standalone-runtime-dev mRole=coder roleId=coder mTask=coder.edit taskId=coder.edit mTax=1.0.0-alpha.1 tax=1.0.0-alpha.1 digestMatch=true
[advisory-recall] key=["development","standalone-runtime-dev","coder","coder.edit"] hit=true cacheSize=1 keys=["development","standalone-runtime-dev","coder","coder.edit"]
[run115] eligibility candidates=4 eligible=1 codes=POLICY_DENY_ENDPOINT=3 request=bench-x01-max-signal-deepseek.personal.deepseek-api-key.global.deepseek-flash-max-turn2-460a3fe4-ba49-403c-a6b3-9ed2b5748cbe alias=- model=- effort=- pass=live allow=[deepseek.personal.deepseek-api-key.global.deepseek-flash-max] denied=[deepseek.personal.deepseek-api-key.global.deepseek-flash,deepseek.personal.deepseek-api-key.global.deepseek-v4-pro,moonshot.personal.kimi-code.global.kimi-k3]
[advisory-diag] doc keys=artifactRef,provenance,scope,type,version type=route_ladder_evidence ver=1 docScope=standalone-runtime-dev scopeId=standalone-runtime-dev mScopeId=standalone-runtime-dev mRole=coder roleId=coder mTask=coder.edit taskId=coder.edit mTax=1.0.0-alpha.1 tax=1.0.0-alpha.1 digestMatch=true
[advisory-diag] doc keys=artifactRef,provenance,scope,type,version type=route_ladder_evidence ver=1 docScope=standalone-runtime-dev scopeId=standalone-runtime-dev mScopeId=standalone-runtime-dev mRole=coder roleId=coder mTask=coder.edit taskId=coder.edit mTax=1.0.0-alpha.1 tax=1.0.0-alpha.1 digestMatch=true
[advisory-diag] doc keys=artifactRef,provenance,scope,type,version type=route_ladder_evidence ver=1 docScope=standalone-runtime-dev scopeId=standalone-runtime-dev mScopeId=standalone-runtime-dev mRole=coder roleId=coder mTask=coder.edit taskId=coder.edit mTax=1.0.0-alpha.1 tax=1.0.0-alpha.1 digestMatch=true
[run105] 32 capture(s) refused as no_route_classification: no (role, task) classification, so they never enter the replay/eval queue and get no advisory
[run104-pending] captures=50 scoped=1 first=req-427f4f21-30b8-4214-891b-dd1039becf1a,req-ad518549-270f-428b-ac29-ab3ad5654198,req-0073acfc-9b7e-435e-a30c-a9279bd35d2f only=none pendingCount=32 captureCount=198
[advisory-diag] doc keys=artifactRef,provenance,scope,type,version type=route_ladder_evidence ver=1 docScope=standalone-runtime-dev scopeId=standalone-runtime-dev mScopeId=standalone-runtime-dev mRole=coder roleId=coder mTask=coder.edit taskId=coder.edit mTax=1.0.0-alpha.1 tax=1.0.0-alpha.1 digestMatch=true
[advisory-diag] doc keys=artifactRef,provenance,scope,type,version type=route_ladder_evidence ver=1 docScope=standalone-runtime-dev scopeId=standalone-runtime-dev mScopeId=standalone-runtime-dev mRole=coder roleId=coder mTask=coder.edit taskId=coder.edit mTax=1.0.0-alpha.1 tax=1.0.0-alpha.1 digestMatch=true
[advisory-recall] key=["development","standalone-runtime-dev","coder","operator.debug.api"] hit=false cacheSize=1 keys=["development","standalone-runtime-dev","coder","coder.edit"]
[run99] live advisory miss: stage=S4 channel=development scope=standalone-runtime-dev
[run115] eligibility candidates=4 eligible=1 codes=POLICY_DENY_ENDPOINT=3 request=bench-x01-max-signal-deepseek.personal.deepseek-api-key.global.deepseek-flash-max-turn3-0e00dba6-8a17-4b33-ad52-f01ef6fce32b alias=- model=- effort=- pass=live allow=[deepseek.personal.deepseek-api-key.global.deepseek-flash-max] denied=[deepseek.personal.deepseek-api-key.global.deepseek-flash,deepseek.personal.deepseek-api-key.global.deepseek-v4-pro,moonshot.personal.kimi-code.global.kimi-k3]
[advisory-recall] key=["development","standalone-runtime-dev","coder","coder.explain"] hit=false cacheSize=1 keys=["development","standalone-runtime-dev","coder","coder.edit"]
[run99] live advisory miss: stage=S4 channel=development scope=standalone-runtime-dev
[run115] eligibility candidates=4 eligible=1 codes=POLICY_DENY_ENDPOINT=3 request=bench-h01-implement-two-sum-deepseek.personal.deepseek-api-key.global.deepseek-flash-max-turn1-ffaf0654-350a-4b0e-b050-1ffdcb918a32 alias=- model=- effort=- pass=live allow=[deepseek.personal.deepseek-api-key.global.deepseek-flash-max] denied=[deepseek.personal.deepseek-api-key.global.deepseek-flash,deepseek.personal.deepseek-api-key.global.deepseek-v4-pro,moonshot.personal.kimi-code.global.kimi-k3]
[advisory-recall] key=["development","standalone-runtime-dev","coder","tester.reproduce"] hit=false cacheSize=1 keys=["development","standalone-runtime-dev","coder","coder.edit"]
[run99] live advisory miss: stage=S4 channel=development scope=standalone-runtime-dev
[run115] eligibility candidates=4 eligible=1 codes=POLICY_DENY_ENDPOINT=3 request=bench-h02-fix-async-counter-deepseek.personal.deepseek-api-key.global.deepseek-flash-max-turn1-0cfa8420-15f8-49d2-be74-84abb67c36aa alias=- model=- effort=- pass=live allow=[deepseek.personal.deepseek-api-key.global.deepseek-flash-max] denied=[deepseek.personal.deepseek-api-key.global.deepseek-flash,deepseek.personal.deepseek-api-key.global.deepseek-v4-pro,moonshot.personal.kimi-code.global.kimi-k3]
[advisory-diag] doc keys=artifactRef,provenance,scope,type,version type=route_ladder_evidence ver=1 docScope=standalone-runtime-dev scopeId=standalone-runtime-dev mScopeId=standalone-runtime-dev mRole=coder roleId=coder mTask=coder.edit taskId=coder.edit mTax=1.0.0-alpha.1 tax=1.0.0-alpha.1 digestMatch=true
[advisory-recall] key=["development","standalone-runtime-dev","operator","operator.debug.api"] hit=false cacheSize=1 keys=["development","standalone-runtime-dev","coder","coder.edit"]
[run99] live advisory miss: stage=S4 channel=development scope=standalone-runtime-dev
[run115] eligibility candidates=4 eligible=1 codes=POLICY_DENY_ENDPOINT=3 request=bench-h04-tool-read-router-deepseek.personal.deepseek-api-key.global.deepseek-flash-max-turn1-688721ec-9c7c-453e-bcfb-f21aa8935e4e alias=- model=- effort=- pass=live allow=[deepseek.personal.deepseek-api-key.global.deepseek-flash-max] denied=[deepseek.personal.deepseek-api-key.global.deepseek-flash,deepseek.personal.deepseek-api-key.global.deepseek-v4-pro,moonshot.personal.kimi-code.global.kimi-k3]
[advisory-recall] key=["development","standalone-runtime-dev","coordinator","coordinator.meeting.notes"] hit=false cacheSize=1 keys=["development","standalone-runtime-dev","coder","coder.edit"]
[run99] live advisory miss: stage=S4 channel=development scope=standalone-runtime-dev
[run115] eligibility candidates=4 eligible=1 codes=POLICY_DENY_ENDPOINT=3 request=bench-h04-tool-read-router-deepseek.personal.deepseek-api-key.global.deepseek-flash-max-turn2-dfa08aee-d6af-4aa3-a9dc-c1cb6734ad90 alias=- model=- effort=- pass=live allow=[deepseek.personal.deepseek-api-key.global.deepseek-flash-max] denied=[deepseek.personal.deepseek-api-key.global.deepseek-flash,deepseek.personal.deepseek-api-key.global.deepseek-v4-pro,moonshot.personal.kimi-code.global.kimi-k3]
[advisory-recall] key=["development","standalone-runtime-dev","coder","architect.api_design"] hit=false cacheSize=1 keys=["development","standalone-runtime-dev","coder","coder.edit"]
[run99] live advisory miss: stage=S4 channel=development scope=standalone-runtime-dev
[run115] eligibility candidates=4 eligible=1 codes=POLICY_DENY_ENDPOINT=3 request=bench-h05-tool-grep-eligibility-deepseek.personal.deepseek-api-key.global.deepseek-flash-max-turn1-4bd6c67e-d1fa-4520-a446-281f2c6f1d01 alias=- model=- effort=- pass=live allow=[deepseek.personal.deepseek-api-key.global.deepseek-flash-max] denied=[deepseek.personal.deepseek-api-key.global.deepseek-flash,deepseek.personal.deepseek-api-key.global.deepseek-v4-pro,moonshot.personal.kimi-code.global.kimi-k3]
[run105] 32 capture(s) refused as no_route_classification: no (role, task) classification, so they never enter the replay/eval queue and get no advisory
[run104-pending] captures=50 scoped=1 first=req-427f4f21-30b8-4214-891b-dd1039becf1a,req-ad518549-270f-428b-ac29-ab3ad5654198,req-0073acfc-9b7e-435e-a30c-a9279bd35d2f only=none pendingCount=32 captureCount=198
[advisory-diag] doc keys=artifactRef,provenance,scope,type,version type=route_ladder_evidence ver=1 docScope=standalone-runtime-dev scopeId=standalone-runtime-dev mScopeId=standalone-runtime-dev mRole=coder roleId=coder mTask=coder.edit taskId=coder.edit mTax=1.0.0-alpha.1 tax=1.0.0-alpha.1 digestMatch=true
[advisory-recall] key=["development","standalone-runtime-dev","planner","planner.roadmap"] hit=false cacheSize=1 keys=["development","standalone-runtime-dev","coder","coder.edit"]
[run99] live advisory miss: stage=S4 channel=development scope=standalone-runtime-dev
[run115] eligibility candidates=4 eligible=1 codes=POLICY_DENY_ENDPOINT=3 request=bench-h05-tool-grep-eligibility-deepseek.personal.deepseek-api-key.global.deepseek-flash-max-turn2-e3d4716f-c7ec-47c2-9711-8c3d530da33e alias=- model=- effort=- pass=live allow=[deepseek.personal.deepseek-api-key.global.deepseek-flash-max] denied=[deepseek.personal.deepseek-api-key.global.deepseek-flash,deepseek.personal.deepseek-api-key.global.deepseek-v4-pro,moonshot.personal.kimi-code.global.kimi-k3]
[advisory-recall] key=["development","standalone-runtime-dev","coder","operator.debug.api"] hit=false cacheSize=1 keys=["development","standalone-runtime-dev","coder","coder.edit"]
[run99] live advisory miss: stage=S4 channel=development scope=standalone-runtime-dev
[run115] eligibility candidates=4 eligible=1 codes=POLICY_DENY_ENDPOINT=3 request=bench-h05-tool-grep-eligibility-deepseek.personal.deepseek-api-key.global.deepseek-flash-max-turn3-5cc3c86f-21cc-4b09-97a7-3b17003d3616 alias=- model=- effort=- pass=live allow=[deepseek.personal.deepseek-api-key.global.deepseek-flash-max] denied=[deepseek.personal.deepseek-api-key.global.deepseek-flash,deepseek.personal.deepseek-api-key.global.deepseek-v4-pro,moonshot.personal.kimi-code.global.kimi-k3]
[advisory-recall] key=["development","standalone-runtime-dev","coder","coder.edit"] hit=true cacheSize=1 keys=["development","standalone-runtime-dev","coder","coder.edit"]
[run115] eligibility candidates=4 eligible=1 codes=POLICY_DENY_ENDPOINT=3 request=bench-h06-tool-apply-patch-deepseek.personal.deepseek-api-key.global.deepseek-flash-max-turn1-bbfb0a09-7aff-456f-a0d2-4f3846eb0fad alias=- model=- effort=- pass=live allow=[deepseek.personal.deepseek-api-key.global.deepseek-flash-max] denied=[deepseek.personal.deepseek-api-key.global.deepseek-flash,deepseek.personal.deepseek-api-key.global.deepseek-v4-pro,moonshot.personal.kimi-code.global.kimi-k3]
[advisory-recall] key=["development","standalone-runtime-dev","coder","operator.debug.api"] hit=false cacheSize=1 keys=["development","standalone-runtime-dev","coder","coder.edit"]
[run99] live advisory miss: stage=S4 channel=development scope=standalone-runtime-dev
[run115] eligibility candidates=4 eligible=1 codes=POLICY_DENY_ENDPOINT=3 request=bench-h06-tool-apply-patch-deepseek.personal.deepseek-api-key.global.deepseek-flash-max-turn2-7ca20fd8-541c-41a7-8c8a-03bc911c42d7 alias=- model=- effort=- pass=live allow=[deepseek.personal.deepseek-api-key.global.deepseek-flash-max] denied=[deepseek.personal.deepseek-api-key.global.deepseek-flash,deepseek.personal.deepseek-api-key.global.deepseek-v4-pro,moonshot.personal.kimi-code.global.kimi-k3]
[advisory-recall] key=["development","standalone-runtime-dev","coder","operator.debug.api"] hit=false cacheSize=1 keys=["development","standalone-runtime-dev","coder","coder.edit"]
[run99] live advisory miss: stage=S4 channel=development scope=standalone-runtime-dev
[run115] eligibility candidates=4 eligible=1 codes=POLICY_DENY_ENDPOINT=3 request=bench-h07-multi-turn-sla-guard-deepseek.personal.deepseek-api-key.global.deepseek-flash-max-turn1-f4d65552-3211-4254-9055-16fb7c5b0f6c alias=- model=- effort=- pass=live allow=[deepseek.personal.deepseek-api-key.global.deepseek-flash-max] denied=[deepseek.personal.deepseek-api-key.global.deepseek-flash,deepseek.personal.deepseek-api-key.global.deepseek-v4-pro,moonshot.personal.kimi-code.global.kimi-k3]
[advisory-diag] doc keys=artifactRef,provenance,scope,type,version type=route_ladder_evidence ver=1 docScope=standalone-runtime-dev scopeId=standalone-runtime-dev mScopeId=standalone-runtime-dev mRole=coder roleId=coder mTask=coder.edit taskId=coder.edit mTax=1.0.0-alpha.1 tax=1.0.0-alpha.1 digestMatch=true
[run105] 32 capture(s) refused as no_route_classification: no (role, task) classification, so they never enter the replay/eval queue and get no advisory
[run104-pending] captures=50 scoped=1 first=req-427f4f21-30b8-4214-891b-dd1039becf1a,req-ad518549-270f-428b-ac29-ab3ad5654198,req-0073acfc-9b7e-435e-a30c-a9279bd35d2f only=none pendingCount=32 captureCount=198
[run101] recovery sweep: examined=1 candidates=1 recovered=0 - every candidate already has its evaluation
[advisory-diag] doc keys=artifactRef,provenance,scope,type,version type=route_ladder_evidence ver=1 docScope=standalone-runtime-dev scopeId=standalone-runtime-dev mScopeId=standalone-runtime-dev mRole=coder roleId=coder mTask=coder.edit taskId=coder.edit mTax=1.0.0-alpha.1 tax=1.0.0-alpha.1 digestMatch=true
[advisory-recall] key=["development","standalone-runtime-dev","operator","operator.debug.api"] hit=false cacheSize=1 keys=["development","standalone-runtime-dev","coder","coder.edit"]
[run99] live advisory miss: stage=S4 channel=development scope=standalone-runtime-dev
[run115] eligibility candidates=4 eligible=1 codes=POLICY_DENY_ENDPOINT=3 request=bench-h08-multi-turn-tool-refine-deepseek.personal.deepseek-api-key.global.deepseek-flash-max-turn1-445d94f8-0c82-4afd-8af0-ae6dca38859e alias=- model=- effort=- pass=live allow=[deepseek.personal.deepseek-api-key.global.deepseek-flash-max] denied=[deepseek.personal.deepseek-api-key.global.deepseek-flash,deepseek.personal.deepseek-api-key.global.deepseek-v4-pro,moonshot.personal.kimi-code.global.kimi-k3]
[advisory-recall] key=["development","standalone-runtime-dev","operator","operator.debug.api"] hit=false cacheSize=1 keys=["development","standalone-runtime-dev","coder","coder.edit"]
[run99] live advisory miss: stage=S4 channel=development scope=standalone-runtime-dev
[run115] eligibility candidates=4 eligible=1 codes=POLICY_DENY_ENDPOINT=3 request=bench-h08-multi-turn-tool-refine-deepseek.personal.deepseek-api-key.global.deepseek-flash-max-turn2-f382f640-9429-4cd8-839f-1d1cfec898ce alias=- model=- effort=- pass=live allow=[deepseek.personal.deepseek-api-key.global.deepseek-flash-max] denied=[deepseek.personal.deepseek-api-key.global.deepseek-flash,deepseek.personal.deepseek-api-key.global.deepseek-v4-pro,moonshot.personal.kimi-code.global.kimi-k3]
[advisory-recall] key=["development","standalone-runtime-dev","coder","operator.debug.api"] hit=false cacheSize=1 keys=["development","standalone-runtime-dev","coder","coder.edit"]
[run99] live advisory miss: stage=S4 channel=development scope=standalone-runtime-dev
[run115] eligibility candidates=4 eligible=1 codes=POLICY_DENY_ENDPOINT=3 request=bench-h09-agent-metrics-chain-deepseek.personal.deepseek-api-key.global.deepseek-flash-max-turn1-e1fb386d-b0f6-4acd-bea7-fa0ab7e61753 alias=- model=- effort=- pass=live allow=[deepseek.personal.deepseek-api-key.global.deepseek-flash-max] denied=[deepseek.personal.deepseek-api-key.global.deepseek-flash,deepseek.personal.deepseek-api-key.global.deepseek-v4-pro,moonshot.personal.kimi-code.global.kimi-k3]
[advisory-recall] key=["development","standalone-runtime-dev","operator","operator.debug.api"] hit=false cacheSize=1 keys=["development","standalone-runtime-dev","coder","coder.edit"]
[run99] live advisory miss: stage=S4 channel=development scope=standalone-runtime-dev
[run115] eligibility candidates=4 eligible=1 codes=POLICY_DENY_ENDPOINT=3 request=bench-h09-agent-metrics-chain-deepseek.personal.deepseek-api-key.global.deepseek-flash-max-turn2-b5ec56af-06be-468a-8e05-cadff3e58a92 alias=- model=- effort=- pass=live allow=[deepseek.personal.deepseek-api-key.global.deepseek-flash-max] denied=[deepseek.personal.deepseek-api-key.global.deepseek-flash,deepseek.personal.deepseek-api-key.global.deepseek-v4-pro,moonshot.personal.kimi-code.global.kimi-k3]
[advisory-diag] doc keys=artifactRef,provenance,scope,type,version type=route_ladder_evidence ver=1 docScope=standalone-runtime-dev scopeId=standalone-runtime-dev mScopeId=standalone-runtime-dev mRole=coder roleId=coder mTask=coder.edit taskId=coder.edit mTax=1.0.0-alpha.1 tax=1.0.0-alpha.1 digestMatch=true
[run105] 32 capture(s) refused as no_route_classification: no (role, task) classification, so they never enter the replay/eval queue and get no advisory
[run104-pending] captures=50 scoped=1 first=req-427f4f21-30b8-4214-891b-dd1039becf1a,req-ad518549-270f-428b-ac29-ab3ad5654198,req-0073acfc-9b7e-435e-a30c-a9279bd35d2f only=none pendingCount=32 captureCount=198
[advisory-diag] doc keys=artifactRef,provenance,scope,type,version type=route_ladder_evidence ver=1 docScope=standalone-runtime-dev scopeId=standalone-runtime-dev mScopeId=standalone-runtime-dev mRole=coder roleId=coder mTask=coder.edit taskId=coder.edit mTax=1.0.0-alpha.1 tax=1.0.0-alpha.1 digestMatch=true
[advisory-diag] doc keys=artifactRef,provenance,scope,type,version type=route_ladder_evidence ver=1 docScope=standalone-runtime-dev scopeId=standalone-runtime-dev mScopeId=standalone-runtime-dev mRole=coder roleId=coder mTask=coder.edit taskId=coder.edit mTax=1.0.0-alpha.1 tax=1.0.0-alpha.1 digestMatch=true
[advisory-diag] doc keys=artifactRef,provenance,scope,type,version type=route_ladder_evidence ver=1 docScope=standalone-runtime-dev scopeId=standalone-runtime-dev mScopeId=standalone-runtime-dev mRole=coder roleId=coder mTask=coder.edit taskId=coder.edit mTax=1.0.0-alpha.1 tax=1.0.0-alpha.1 digestMatch=true
[run105] 32 capture(s) refused as no_route_classification: no (role, task) classification, so they never enter the replay/eval queue and get no advisory
[run104-pending] captures=50 scoped=1 first=req-427f4f21-30b8-4214-891b-dd1039becf1a,req-ad518549-270f-428b-ac29-ab3ad5654198,req-0073acfc-9b7e-435e-a30c-a9279bd35d2f only=none pendingCount=32 captureCount=198
[track-b-sidecar] [run140] profile invoke capability=profile:current-estimate scope=standalone-runtime-dev sessionId=operator filePath=E:\tmp\run105-full2-verification-state\standalone-runtime-dev\track-b\extensions\workers\profile-learner\profile-e983a260667256b09d300ef178f609d323eef2ceb50df234f6aeb1066c279f63.json
[track-b-sidecar] [run140] profile invoke capability=profile:current-estimate scope=standalone-runtime-dev sessionId=operator filePath=E:\tmp\run105-full2-verification-state\standalone-runtime-dev\track-b\extensions\workers\profile-learner\profile-e983a260667256b09d300ef178f609d323eef2ceb50df234f6aeb1066c279f63.json
[track-b-sidecar] [run138] learning profile hop keys=schemaVersion|id|generationId|generationKey|generation|state|previousGenerationId|estimateDigest|effects|bias state=active
[track-b-sidecar] [run137] profile readback keys=schemaVersion|id|generationId|generationKey|generation|state|previousGenerationId|estimateDigest|effects|bias state=active
[advisory-diag] doc keys=artifactRef,provenance,scope,type,version type=route_ladder_evidence ver=1 docScope=standalone-runtime-dev scopeId=standalone-runtime-dev mScopeId=standalone-runtime-dev mRole=coder roleId=coder mTask=coder.edit taskId=coder.edit mTax=1.0.0-alpha.1 tax=1.0.0-alpha.1 digestMatch=true
[advisory-diag] doc keys=artifactRef,provenance,scope,type,version type=route_ladder_evidence ver=1 docScope=standalone-runtime-dev scopeId=standalone-runtime-dev mScopeId=standalone-runtime-dev mRole=coder roleId=coder mTask=coder.edit taskId=coder.edit mTax=1.0.0-alpha.1 tax=1.0.0-alpha.1 digestMatch=true
[advisory-diag] doc keys=artifactRef,provenance,scope,type,version type=route_ladder_evidence ver=1 docScope=standalone-runtime-dev scopeId=standalone-runtime-dev mScopeId=standalone-runtime-dev mRole=coder roleId=coder mTask=coder.edit taskId=coder.edit mTax=1.0.0-alpha.1 tax=1.0.0-alpha.1 digestMatch=true
[run105] 32 capture(s) refused as no_route_classification: no (role, task) classification, so they never enter the replay/eval queue and get no advisory
[run104-pending] captures=50 scoped=1 first=req-427f4f21-30b8-4214-891b-dd1039becf1a,req-ad518549-270f-428b-ac29-ab3ad5654198,req-0073acfc-9b7e-435e-a30c-a9279bd35d2f only=none pendingCount=32 captureCount=198
[advisory-diag] doc keys=artifactRef,provenance,scope,type,version type=route_ladder_evidence ver=1 docScope=standalone-runtime-dev scopeId=standalone-runtime-dev mScopeId=standalone-runtime-dev mRole=coder roleId=coder mTask=coder.edit taskId=coder.edit mTax=1.0.0-alpha.1 tax=1.0.0-alpha.1 digestMatch=true
[run101] recovery sweep: examined=1 candidates=1 recovered=0 - every candidate already has its evaluation
[advisory-recall] key=["development","standalone-runtime-dev","operator","operator.debug.api"] hit=false cacheSize=1 keys=["development","standalone-runtime-dev","coder","coder.edit"]
[run99] live advisory miss: stage=S4 channel=development scope=standalone-runtime-dev
[run115] eligibility candidates=4 eligible=1 codes=POLICY_DENY_ENDPOINT=3 request=bench-h09-agent-metrics-chain-deepseek.personal.deepseek-api-key.global.deepseek-flash-max-turn3-0006583a-7465-4ca6-bb59-1a0642bd887e alias=- model=- effort=- pass=live allow=[deepseek.personal.deepseek-api-key.global.deepseek-flash-max] denied=[deepseek.personal.deepseek-api-key.global.deepseek-flash,deepseek.personal.deepseek-api-key.global.deepseek-v4-pro,moonshot.personal.kimi-code.global.kimi-k3]
[advisory-recall] key=["development","standalone-runtime-dev","operator","operator.debug.api"] hit=false cacheSize=1 keys=["development","standalone-runtime-dev","coder","coder.edit"]
[run99] live advisory miss: stage=S4 channel=development scope=standalone-runtime-dev
[run115] eligibility candidates=4 eligible=1 codes=POLICY_DENY_ENDPOINT=3 request=bench-h09-agent-metrics-chain-deepseek.personal.deepseek-api-key.global.deepseek-flash-max-turn4-1c193cda-cb71-4326-b633-5a486e07dca1 alias=- model=- effort=- pass=live allow=[deepseek.personal.deepseek-api-key.global.deepseek-flash-max] denied=[deepseek.personal.deepseek-api-key.global.deepseek-flash,deepseek.personal.deepseek-api-key.global.deepseek-v4-pro,moonshot.personal.kimi-code.global.kimi-k3]
[advisory-recall] key=["development","standalone-runtime-dev","coder","coder.edit"] hit=true cacheSize=1 keys=["development","standalone-runtime-dev","coder","coder.edit"]
[run115] eligibility candidates=4 eligible=1 codes=POLICY_DENY_ENDPOINT=3 request=bench-h10-agent-read-grep-patch-deepseek.personal.deepseek-api-key.global.deepseek-flash-max-turn1-82cc9736-372d-420f-9a6d-70a601b1c105 alias=- model=- effort=- pass=live allow=[deepseek.personal.deepseek-api-key.global.deepseek-flash-max] denied=[deepseek.personal.deepseek-api-key.global.deepseek-flash,deepseek.personal.deepseek-api-key.global.deepseek-v4-pro,moonshot.personal.kimi-code.global.kimi-k3]
[advisory-recall] key=["development","standalone-runtime-dev","coder","coder.edit"] hit=true cacheSize=1 keys=["development","standalone-runtime-dev","coder","coder.edit"]
[run115] eligibility candidates=4 eligible=1 codes=POLICY_DENY_ENDPOINT=3 request=bench-h10-agent-read-grep-patch-deepseek.personal.deepseek-api-key.global.deepseek-flash-max-turn2-5fed508c-0096-4624-9f49-9e63c0b50e8f alias=- model=- effort=- pass=live allow=[deepseek.personal.deepseek-api-key.global.deepseek-flash-max] denied=[deepseek.personal.deepseek-api-key.global.deepseek-flash,deepseek.personal.deepseek-api-key.global.deepseek-v4-pro,moonshot.personal.kimi-code.global.kimi-k3]
[advisory-recall] key=["development","standalone-runtime-dev","coder","coder.edit"] hit=true cacheSize=1 keys=["development","standalone-runtime-dev","coder","coder.edit"]
[run115] eligibility candidates=4 eligible=1 codes=POLICY_DENY_ENDPOINT=3 request=bench-h10-agent-read-grep-patch-deepseek.personal.deepseek-api-key.global.deepseek-flash-max-turn3-f76957d3-3ec6-48c1-83e4-f0985984550e alias=- model=- effort=- pass=live allow=[deepseek.personal.deepseek-api-key.global.deepseek-flash-max] denied=[deepseek.personal.deepseek-api-key.global.deepseek-flash,deepseek.personal.deepseek-api-key.global.deepseek-v4-pro,moonshot.personal.kimi-code.global.kimi-k3]
[advisory-recall] key=["development","standalone-runtime-dev","coder","coder.edit"] hit=true cacheSize=1 keys=["development","standalone-runtime-dev","coder","coder.edit"]
[run115] eligibility candidates=4 eligible=1 codes=POLICY_DENY_ENDPOINT=3 request=bench-h15-max-signal-v3-deepseek.personal.deepseek-api-key.global.deepseek-flash-max-turn1-7198c51c-a53d-468e-bd9f-68210a54a256 alias=- model=- effort=- pass=live allow=[deepseek.personal.deepseek-api-key.global.deepseek-flash-max] denied=[deepseek.personal.deepseek-api-key.global.deepseek-flash,deepseek.personal.deepseek-api-key.global.deepseek-v4-pro,moonshot.personal.kimi-code.global.kimi-k3]
[advisory-diag] doc keys=artifactRef,provenance,scope,type,version type=route_ladder_evidence ver=1 docScope=standalone-runtime-dev scopeId=standalone-runtime-dev mScopeId=standalone-runtime-dev mRole=coder roleId=coder mTask=coder.edit taskId=coder.edit mTax=1.0.0-alpha.1 tax=1.0.0-alpha.1 digestMatch=true
[advisory-diag] doc keys=artifactRef,provenance,scope,type,version type=route_ladder_evidence ver=1 docScope=standalone-runtime-dev scopeId=standalone-runtime-dev mScopeId=standalone-runtime-dev mRole=coder roleId=coder mTask=coder.edit taskId=coder.edit mTax=1.0.0-alpha.1 tax=1.0.0-alpha.1 digestMatch=true
[advisory-diag] doc keys=artifactRef,provenance,scope,type,version type=route_ladder_evidence ver=1 docScope=standalone-runtime-dev scopeId=standalone-runtime-dev mScopeId=standalone-runtime-dev mRole=coder roleId=coder mTask=coder.edit taskId=coder.edit mTax=1.0.0-alpha.1 tax=1.0.0-alpha.1 digestMatch=true
[run105] 32 capture(s) refused as no_route_classification: no (role, task) classification, so they never enter the replay/eval queue and get no advisory
[run104-pending] captures=50 scoped=1 first=req-427f4f21-30b8-4214-891b-dd1039becf1a,req-ad518549-270f-428b-ac29-ab3ad5654198,req-0073acfc-9b7e-435e-a30c-a9279bd35d2f only=none pendingCount=32 captureCount=198
[advisory-diag] doc keys=artifactRef,provenance,scope,type,version type=route_ladder_evidence ver=1 docScope=standalone-runtime-dev scopeId=standalone-runtime-dev mScopeId=standalone-runtime-dev mRole=coder roleId=coder mTask=coder.edit taskId=coder.edit mTax=1.0.0-alpha.1 tax=1.0.0-alpha.1 digestMatch=true
[advisory-recall] key=["development","standalone-runtime-dev","coder","coder.edit"] hit=true cacheSize=1 keys=["development","standalone-runtime-dev","coder","coder.edit"]
[run115] eligibility candidates=4 eligible=1 codes=POLICY_DENY_ENDPOINT=3 request=bench-h15-max-signal-v3-deepseek.personal.deepseek-api-key.global.deepseek-flash-max-turn2-9b7aef41-988f-42ca-b8bc-ead0e20fafc4 alias=- model=- effort=- pass=live allow=[deepseek.personal.deepseek-api-key.global.deepseek-flash-max] denied=[deepseek.personal.deepseek-api-key.global.deepseek-flash,deepseek.personal.deepseek-api-key.global.deepseek-v4-pro,moonshot.personal.kimi-code.global.kimi-k3]
[advisory-diag] doc keys=artifactRef,provenance,scope,type,version type=route_ladder_evidence ver=1 docScope=standalone-runtime-dev scopeId=standalone-runtime-dev mScopeId=standalone-runtime-dev mRole=coder roleId=coder mTask=coder.edit taskId=coder.edit mTax=1.0.0-alpha.1 tax=1.0.0-alpha.1 digestMatch=true
[advisory-recall] key=["development","standalone-runtime-dev","coder","writer.release_notes"] hit=false cacheSize=1 keys=["development","standalone-runtime-dev","coder","coder.edit"]
[run99] live advisory miss: stage=S4 channel=development scope=standalone-runtime-dev
[run115] eligibility candidates=4 eligible=1 codes=POLICY_DENY_ENDPOINT=3 request=bench-h15-max-signal-v3-deepseek.personal.deepseek-api-key.global.deepseek-flash-max-turn3-00273623-c32e-4182-8fa5-2585671a2a6d alias=- model=- effort=- pass=live allow=[deepseek.personal.deepseek-api-key.global.deepseek-flash-max] denied=[deepseek.personal.deepseek-api-key.global.deepseek-flash,deepseek.personal.deepseek-api-key.global.deepseek-v4-pro,moonshot.personal.kimi-code.global.kimi-k3]
[advisory-recall] key=["development","standalone-runtime-dev","coder","tester.e2e"] hit=false cacheSize=1 keys=["development","standalone-runtime-dev","coder","coder.edit"]
[run99] live advisory miss: stage=S4 channel=development scope=standalone-runtime-dev
[run115] eligibility candidates=4 eligible=1 codes=POLICY_DENY_ENDPOINT=3 request=bench-p17-tools-multi-hard-deepseek.personal.deepseek-api-key.global.deepseek-v4-pro-turn1-6e5228fe-55ee-4163-a959-33a3fd4e5310 alias=- model=- effort=- pass=live allow=[deepseek.personal.deepseek-api-key.global.deepseek-v4-pro] denied=[deepseek.personal.deepseek-api-key.global.deepseek-flash,deepseek.personal.deepseek-api-key.global.deepseek-flash-max,moonshot.personal.kimi-code.global.kimi-k3]
[advisory-recall] key=["development","standalone-runtime-dev","coder","tester.e2e"] hit=false cacheSize=1 keys=["development","standalone-runtime-dev","coder","coder.edit"]
[run99] live advisory miss: stage=S4 channel=development scope=standalone-runtime-dev
[run115] eligibility candidates=4 eligible=1 codes=POLICY_DENY_ENDPOINT=3 request=bench-p17-tools-multi-hard-deepseek.personal.deepseek-api-key.global.deepseek-v4-pro-turn2-7c31d46f-4501-4003-90b4-dc3d28bb28d8 alias=- model=- effort=- pass=live allow=[deepseek.personal.deepseek-api-key.global.deepseek-v4-pro] denied=[deepseek.personal.deepseek-api-key.global.deepseek-flash,deepseek.personal.deepseek-api-key.global.deepseek-flash-max,moonshot.personal.kimi-code.global.kimi-k3]
[run105] 32 capture(s) refused as no_route_classification: no (role, task) classification, so they never enter the replay/eval queue and get no advisory
[run104-pending] captures=50 scoped=1 first=req-427f4f21-30b8-4214-891b-dd1039becf1a,req-ad518549-270f-428b-ac29-ab3ad5654198,req-0073acfc-9b7e-435e-a30c-a9279bd35d2f only=none pendingCount=32 captureCount=198
[advisory-diag] doc keys=artifactRef,provenance,scope,type,version type=route_ladder_evidence ver=1 docScope=standalone-runtime-dev scopeId=standalone-runtime-dev mScopeId=standalone-runtime-dev mRole=coder roleId=coder mTask=coder.edit taskId=coder.edit mTax=1.0.0-alpha.1 tax=1.0.0-alpha.1 digestMatch=true
[advisory-recall] key=["development","standalone-runtime-dev","coder","tester.e2e"] hit=false cacheSize=1 keys=["development","standalone-runtime-dev","coder","coder.edit"]
[run99] live advisory miss: stage=S4 channel=development scope=standalone-runtime-dev
[run115] eligibility candidates=4 eligible=1 codes=POLICY_DENY_ENDPOINT=3 request=bench-p17-tools-multi-hard-deepseek.personal.deepseek-api-key.global.deepseek-v4-pro-turn3-fb19414c-bc40-4ff2-9aa3-0debfc4bc795 alias=- model=- effort=- pass=live allow=[deepseek.personal.deepseek-api-key.global.deepseek-v4-pro] denied=[deepseek.personal.deepseek-api-key.global.deepseek-flash,deepseek.personal.deepseek-api-key.global.deepseek-flash-max,moonshot.personal.kimi-code.global.kimi-k3]
[advisory-recall] key=["development","standalone-runtime-dev","coder","coder.edit"] hit=true cacheSize=1 keys=["development","standalone-runtime-dev","coder","coder.edit"]
[run115] eligibility candidates=4 eligible=1 codes=POLICY_DENY_ENDPOINT=3 request=bench-x01-max-signal-deepseek.personal.deepseek-api-key.global.deepseek-v4-pro-turn1-9b39d06c-198f-48fb-b483-eb32c0d67f9f alias=- model=- effort=- pass=live allow=[deepseek.personal.deepseek-api-key.global.deepseek-v4-pro] denied=[deepseek.personal.deepseek-api-key.global.deepseek-flash,deepseek.personal.deepseek-api-key.global.deepseek-flash-max,moonshot.personal.kimi-code.global.kimi-k3]
[advisory-recall] key=["development","standalone-runtime-dev","coder","coder.edit"] hit=true cacheSize=1 keys=["development","standalone-runtime-dev","coder","coder.edit"]
[run115] eligibility candidates=4 eligible=1 codes=POLICY_DENY_ENDPOINT=3 request=bench-x01-max-signal-deepseek.personal.deepseek-api-key.global.deepseek-v4-pro-turn2-376b82a2-f6a6-420d-8c9e-c91b4ea25b71 alias=- model=- effort=- pass=live allow=[deepseek.personal.deepseek-api-key.global.deepseek-v4-pro] denied=[deepseek.personal.deepseek-api-key.global.deepseek-flash,deepseek.personal.deepseek-api-key.global.deepseek-flash-max,moonshot.personal.kimi-code.global.kimi-k3]
[advisory-diag] doc keys=artifactRef,provenance,scope,type,version type=route_ladder_evidence ver=1 docScope=standalone-runtime-dev scopeId=standalone-runtime-dev mScopeId=standalone-runtime-dev mRole=coder roleId=coder mTask=coder.edit taskId=coder.edit mTax=1.0.0-alpha.1 tax=1.0.0-alpha.1 digestMatch=true
[advisory-recall] key=["development","standalone-runtime-dev","coder","tester.e2e"] hit=false cacheSize=1 keys=["development","standalone-runtime-dev","coder","coder.edit"]
[run99] live advisory miss: stage=S4 channel=development scope=standalone-runtime-dev
[run115] eligibility candidates=4 eligible=1 codes=POLICY_DENY_ENDPOINT=3 request=bench-x01-max-signal-deepseek.personal.deepseek-api-key.global.deepseek-v4-pro-turn3-348df3cf-c66d-44e0-9a80-fc51c9f5e856 alias=- model=- effort=- pass=live allow=[deepseek.personal.deepseek-api-key.global.deepseek-v4-pro] denied=[deepseek.personal.deepseek-api-key.global.deepseek-flash,deepseek.personal.deepseek-api-key.global.deepseek-flash-max,moonshot.personal.kimi-code.global.kimi-k3]
[advisory-recall] key=["development","standalone-runtime-dev","coder","coder.explain"] hit=false cacheSize=1 keys=["development","standalone-runtime-dev","coder","coder.edit"]
[run99] live advisory miss: stage=S4 channel=development scope=standalone-runtime-dev
[run115] eligibility candidates=4 eligible=1 codes=POLICY_DENY_ENDPOINT=3 request=bench-h01-implement-two-sum-deepseek.personal.deepseek-api-key.global.deepseek-v4-pro-turn1-a1be99e5-d918-4b34-aaf0-3f61b67b9ad8 alias=- model=- effort=- pass=live allow=[deepseek.personal.deepseek-api-key.global.deepseek-v4-pro] denied=[deepseek.personal.deepseek-api-key.global.deepseek-flash,deepseek.personal.deepseek-api-key.global.deepseek-flash-max,moonshot.personal.kimi-code.global.kimi-k3]
[run105] 32 capture(s) refused as no_route_classification: no (role, task) classification, so they never enter the replay/eval queue and get no advisory
[run104-pending] captures=50 scoped=1 first=req-427f4f21-30b8-4214-891b-dd1039becf1a,req-ad518549-270f-428b-ac29-ab3ad5654198,req-0073acfc-9b7e-435e-a30c-a9279bd35d2f only=none pendingCount=32 captureCount=198
[advisory-recall] key=["development","standalone-runtime-dev","coder","tester.reproduce"] hit=false cacheSize=1 keys=["development","standalone-runtime-dev","coder","coder.edit"]
[run99] live advisory miss: stage=S4 channel=development scope=standalone-runtime-dev
[run115] eligibility candidates=4 eligible=1 codes=POLICY_DENY_ENDPOINT=3 request=bench-h02-fix-async-counter-deepseek.personal.deepseek-api-key.global.deepseek-v4-pro-turn1-b5cf2c2e-95ee-41e1-88d1-65b780f31814 alias=- model=- effort=- pass=live allow=[deepseek.personal.deepseek-api-key.global.deepseek-v4-pro] denied=[deepseek.personal.deepseek-api-key.global.deepseek-flash,deepseek.personal.deepseek-api-key.global.deepseek-flash-max,moonshot.personal.kimi-code.global.kimi-k3]
[advisory-diag] doc keys=artifactRef,provenance,scope,type,version type=route_ladder_evidence ver=1 docScope=standalone-runtime-dev scopeId=standalone-runtime-dev mScopeId=standalone-runtime-dev mRole=coder roleId=coder mTask=coder.edit taskId=coder.edit mTax=1.0.0-alpha.1 tax=1.0.0-alpha.1 digestMatch=true
[advisory-diag] doc keys=artifactRef,provenance,scope,type,version type=route_ladder_evidence ver=1 docScope=standalone-runtime-dev scopeId=standalone-runtime-dev mScopeId=standalone-runtime-dev mRole=coder roleId=coder mTask=coder.edit taskId=coder.edit mTax=1.0.0-alpha.1 tax=1.0.0-alpha.1 digestMatch=true
[advisory-recall] key=["development","standalone-runtime-dev","operator","operator.debug.api"] hit=false cacheSize=1 keys=["development","standalone-runtime-dev","coder","coder.edit"]
[run99] live advisory miss: stage=S4 channel=development scope=standalone-runtime-dev
[run115] eligibility candidates=4 eligible=1 codes=POLICY_DENY_ENDPOINT=3 request=bench-h04-tool-read-router-deepseek.personal.deepseek-api-key.global.deepseek-v4-pro-turn1-a6c216f0-513d-4234-96ed-0fa5ab72cb11 alias=- model=- effort=- pass=live allow=[deepseek.personal.deepseek-api-key.global.deepseek-v4-pro] denied=[deepseek.personal.deepseek-api-key.global.deepseek-flash,deepseek.personal.deepseek-api-key.global.deepseek-flash-max,moonshot.personal.kimi-code.global.kimi-k3]
[run105] 32 capture(s) refused as no_route_classification: no (role, task) classification, so they never enter the replay/eval queue and get no advisory
[run104-pending] captures=50 scoped=1 first=req-427f4f21-30b8-4214-891b-dd1039becf1a,req-ad518549-270f-428b-ac29-ab3ad5654198,req-0073acfc-9b7e-435e-a30c-a9279bd35d2f only=none pendingCount=32 captureCount=198
[advisory-recall] key=["development","standalone-runtime-dev","planner","planner.resource.plan"] hit=false cacheSize=1 keys=["development","standalone-runtime-dev","coder","coder.edit"]
[run99] live advisory miss: stage=S4 channel=development scope=standalone-runtime-dev
[run115] eligibility candidates=4 eligible=1 codes=POLICY_DENY_ENDPOINT=3 request=bench-h04-tool-read-router-deepseek.personal.deepseek-api-key.global.deepseek-v4-pro-turn2-4073d2a7-32ca-4efa-a153-b050c273eade alias=- model=- effort=- pass=live allow=[deepseek.personal.deepseek-api-key.global.deepseek-v4-pro] denied=[deepseek.personal.deepseek-api-key.global.deepseek-flash,deepseek.personal.deepseek-api-key.global.deepseek-flash-max,moonshot.personal.kimi-code.global.kimi-k3]
[advisory-diag] doc keys=artifactRef,provenance,scope,type,version type=route_ladder_evidence ver=1 docScope=standalone-runtime-dev scopeId=standalone-runtime-dev mScopeId=standalone-runtime-dev mRole=coder roleId=coder mTask=coder.edit taskId=coder.edit mTax=1.0.0-alpha.1 tax=1.0.0-alpha.1 digestMatch=true
[run101] recovery sweep: examined=1 candidates=1 recovered=0 - every candidate already has its evaluation
[advisory-recall] key=["development","standalone-runtime-dev","coder","architect.api_design"] hit=false cacheSize=1 keys=["development","standalone-runtime-dev","coder","coder.edit"]
[run99] live advisory miss: stage=S4 channel=development scope=standalone-runtime-dev
[run115] eligibility candidates=4 eligible=1 codes=POLICY_DENY_ENDPOINT=3 request=bench-h05-tool-grep-eligibility-deepseek.personal.deepseek-api-key.global.deepseek-v4-pro-turn1-2fce16ce-22ce-4bb2-ab20-8a09d68cbc1c alias=- model=- effort=- pass=live allow=[deepseek.personal.deepseek-api-key.global.deepseek-v4-pro] denied=[deepseek.personal.deepseek-api-key.global.deepseek-flash,deepseek.personal.deepseek-api-key.global.deepseek-flash-max,moonshot.personal.kimi-code.global.kimi-k3]
[advisory-recall] key=["development","standalone-runtime-dev","data","data.schema.review"] hit=false cacheSize=1 keys=["development","standalone-runtime-dev","coder","coder.edit"]
[run99] live advisory miss: stage=S4 channel=development scope=standalone-runtime-dev
[run115] eligibility candidates=4 eligible=1 codes=POLICY_DENY_ENDPOINT=3 request=bench-h05-tool-grep-eligibility-deepseek.personal.deepseek-api-key.global.deepseek-v4-pro-turn2-3ca3bbd5-e929-498a-b61d-0a20e1c320da alias=- model=- effort=- pass=live allow=[deepseek.personal.deepseek-api-key.global.deepseek-v4-pro] denied=[deepseek.personal.deepseek-api-key.global.deepseek-flash,deepseek.personal.deepseek-api-key.global.deepseek-flash-max,moonshot.personal.kimi-code.global.kimi-k3]
[advisory-recall] key=["development","standalone-runtime-dev","coder","operator.debug.api"] hit=false cacheSize=1 keys=["development","standalone-runtime-dev","coder","coder.edit"]
[run99] live advisory miss: stage=S4 channel=development scope=standalone-runtime-dev
[run115] eligibility candidates=4 eligible=1 codes=POLICY_DENY_ENDPOINT=3 request=bench-h05-tool-grep-eligibility-deepseek.personal.deepseek-api-key.global.deepseek-v4-pro-turn3-1b3a6655-9472-4235-991a-70baf21a72e7 alias=- model=- effort=- pass=live allow=[deepseek.personal.deepseek-api-key.global.deepseek-v4-pro] denied=[deepseek.personal.deepseek-api-key.global.deepseek-flash,deepseek.personal.deepseek-api-key.global.deepseek-flash-max,moonshot.personal.kimi-code.global.kimi-k3]
[advisory-recall] key=["development","standalone-runtime-dev","coder","coder.edit"] hit=true cacheSize=1 keys=["development","standalone-runtime-dev","coder","coder.edit"]
[run115] eligibility candidates=4 eligible=1 codes=POLICY_DENY_ENDPOINT=3 request=bench-h06-tool-apply-patch-deepseek.personal.deepseek-api-key.global.deepseek-v4-pro-turn1-d2599741-2ea5-43d5-aa46-3b1740f5fafb alias=- model=- effort=- pass=live allow=[deepseek.personal.deepseek-api-key.global.deepseek-v4-pro] denied=[deepseek.personal.deepseek-api-key.global.deepseek-flash,deepseek.personal.deepseek-api-key.global.deepseek-flash-max,moonshot.personal.kimi-code.global.kimi-k3]
[advisory-diag] doc keys=artifactRef,provenance,scope,type,version type=route_ladder_evidence ver=1 docScope=standalone-runtime-dev scopeId=standalone-runtime-dev mScopeId=standalone-runtime-dev mRole=coder roleId=coder mTask=coder.edit taskId=coder.edit mTax=1.0.0-alpha.1 tax=1.0.0-alpha.1 digestMatch=true
[advisory-recall] key=["development","standalone-runtime-dev","coder","coder.edit"] hit=true cacheSize=1 keys=["development","standalone-runtime-dev","coder","coder.edit"]
[run115] eligibility candidates=4 eligible=1 codes=POLICY_DENY_ENDPOINT=3 request=bench-h06-tool-apply-patch-deepseek.personal.deepseek-api-key.global.deepseek-v4-pro-turn2-cf6472c0-aa48-48b9-b472-d6fe79c863fd alias=- model=- effort=- pass=live allow=[deepseek.personal.deepseek-api-key.global.deepseek-v4-pro] denied=[deepseek.personal.deepseek-api-key.global.deepseek-flash,deepseek.personal.deepseek-api-key.global.deepseek-flash-max,moonshot.personal.kimi-code.global.kimi-k3]
[advisory-recall] key=["development","standalone-runtime-dev","coder","operator.debug.api"] hit=false cacheSize=1 keys=["development","standalone-runtime-dev","coder","coder.edit"]
[run99] live advisory miss: stage=S4 channel=development scope=standalone-runtime-dev
[run115] eligibility candidates=4 eligible=1 codes=POLICY_DENY_ENDPOINT=3 request=bench-h07-multi-turn-sla-guard-deepseek.personal.deepseek-api-key.global.deepseek-v4-pro-turn1-bf65ed1e-b6bf-44fc-acaf-cca533839706 alias=- model=- effort=- pass=live allow=[deepseek.personal.deepseek-api-key.global.deepseek-v4-pro] denied=[deepseek.personal.deepseek-api-key.global.deepseek-flash,deepseek.personal.deepseek-api-key.global.deepseek-flash-max,moonshot.personal.kimi-code.global.kimi-k3]
[advisory-diag] doc keys=artifactRef,provenance,scope,type,version type=route_ladder_evidence ver=1 docScope=standalone-runtime-dev scopeId=standalone-runtime-dev mScopeId=standalone-runtime-dev mRole=coder roleId=coder mTask=coder.edit taskId=coder.edit mTax=1.0.0-alpha.1 tax=1.0.0-alpha.1 digestMatch=true
[advisory-diag] doc keys=artifactRef,provenance,scope,type,version type=route_ladder_evidence ver=1 docScope=standalone-runtime-dev scopeId=standalone-runtime-dev mScopeId=standalone-runtime-dev mRole=coder roleId=coder mTask=coder.edit taskId=coder.edit mTax=1.0.0-alpha.1 tax=1.0.0-alpha.1 digestMatch=true
[advisory-recall] key=["development","standalone-runtime-dev","operator","operator.debug.api"] hit=false cacheSize=1 keys=["development","standalone-runtime-dev","coder","coder.edit"]
[run99] live advisory miss: stage=S4 channel=development scope=standalone-runtime-dev
[run115] eligibility candidates=4 eligible=1 codes=POLICY_DENY_ENDPOINT=3 request=bench-h08-multi-turn-tool-refine-deepseek.personal.deepseek-api-key.global.deepseek-v4-pro-turn1-ecfc944a-4dba-4d54-8556-541c333c2ec5 alias=- model=- effort=- pass=live allow=[deepseek.personal.deepseek-api-key.global.deepseek-v4-pro] denied=[deepseek.personal.deepseek-api-key.global.deepseek-flash,deepseek.personal.deepseek-api-key.global.deepseek-flash-max,moonshot.personal.kimi-code.global.kimi-k3]
[run105] 32 capture(s) refused as no_route_classification: no (role, task) classification, so they never enter the replay/eval queue and get no advisory
[run104-pending] captures=50 scoped=1 first=req-427f4f21-30b8-4214-891b-dd1039becf1a,req-ad518549-270f-428b-ac29-ab3ad5654198,req-0073acfc-9b7e-435e-a30c-a9279bd35d2f only=none pendingCount=32 captureCount=198
[advisory-recall] key=["development","standalone-runtime-dev","operator","operator.debug.api"] hit=false cacheSize=1 keys=["development","standalone-runtime-dev","coder","coder.edit"]
[run99] live advisory miss: stage=S4 channel=development scope=standalone-runtime-dev
[run115] eligibility candidates=4 eligible=1 codes=POLICY_DENY_ENDPOINT=3 request=bench-h08-multi-turn-tool-refine-deepseek.personal.deepseek-api-key.global.deepseek-v4-pro-turn2-839665ad-97c5-42dd-937b-0411ffa59c50 alias=- model=- effort=- pass=live allow=[deepseek.personal.deepseek-api-key.global.deepseek-v4-pro] denied=[deepseek.personal.deepseek-api-key.global.deepseek-flash,deepseek.personal.deepseek-api-key.global.deepseek-flash-max,moonshot.personal.kimi-code.global.kimi-k3]
[advisory-recall] key=["development","standalone-runtime-dev","coder","operator.debug.api"] hit=false cacheSize=1 keys=["development","standalone-runtime-dev","coder","coder.edit"]
[run99] live advisory miss: stage=S4 channel=development scope=standalone-runtime-dev
[run115] eligibility candidates=4 eligible=1 codes=POLICY_DENY_ENDPOINT=3 request=bench-h09-agent-metrics-chain-deepseek.personal.deepseek-api-key.global.deepseek-v4-pro-turn1-749050e1-905b-4689-82b0-8998c61815af alias=- model=- effort=- pass=live allow=[deepseek.personal.deepseek-api-key.global.deepseek-v4-pro] denied=[deepseek.personal.deepseek-api-key.global.deepseek-flash,deepseek.personal.deepseek-api-key.global.deepseek-flash-max,moonshot.personal.kimi-code.global.kimi-k3]
[advisory-diag] doc keys=artifactRef,provenance,scope,type,version type=route_ladder_evidence ver=1 docScope=standalone-runtime-dev scopeId=standalone-runtime-dev mScopeId=standalone-runtime-dev mRole=coder roleId=coder mTask=coder.edit taskId=coder.edit mTax=1.0.0-alpha.1 tax=1.0.0-alpha.1 digestMatch=true
[advisory-recall] key=["development","standalone-runtime-dev","operator","operator.debug.api"] hit=false cacheSize=1 keys=["development","standalone-runtime-dev","coder","coder.edit"]
[run99] live advisory miss: stage=S4 channel=development scope=standalone-runtime-dev
[run115] eligibility candidates=4 eligible=1 codes=POLICY_DENY_ENDPOINT=3 request=bench-h09-agent-metrics-chain-deepseek.personal.deepseek-api-key.global.deepseek-v4-pro-turn2-3e975bff-6f70-4f77-91be-5e546321239a alias=- model=- effort=- pass=live allow=[deepseek.personal.deepseek-api-key.global.deepseek-v4-pro] denied=[deepseek.personal.deepseek-api-key.global.deepseek-flash,deepseek.personal.deepseek-api-key.global.deepseek-flash-max,moonshot.personal.kimi-code.global.kimi-k3]
[advisory-recall] key=["development","standalone-runtime-dev","operator","operator.debug.api"] hit=false cacheSize=1 keys=["development","standalone-runtime-dev","coder","coder.edit"]
[run99] live advisory miss: stage=S4 channel=development scope=standalone-runtime-dev
[run115] eligibility candidates=4 eligible=1 codes=POLICY_DENY_ENDPOINT=3 request=bench-h09-agent-metrics-chain-deepseek.personal.deepseek-api-key.global.deepseek-v4-pro-turn3-2cdbb4ca-6196-4607-9157-a39350740864 alias=- model=- effort=- pass=live allow=[deepseek.personal.deepseek-api-key.global.deepseek-v4-pro] denied=[deepseek.personal.deepseek-api-key.global.deepseek-flash,deepseek.personal.deepseek-api-key.global.deepseek-flash-max,moonshot.personal.kimi-code.global.kimi-k3]
[advisory-recall] key=["development","standalone-runtime-dev","coder","coder.edit"] hit=true cacheSize=1 keys=["development","standalone-runtime-dev","coder","coder.edit"]
[run115] eligibility candidates=4 eligible=1 codes=POLICY_DENY_ENDPOINT=3 request=bench-h10-agent-read-grep-patch-deepseek.personal.deepseek-api-key.global.deepseek-v4-pro-turn1-8be77392-2201-4abe-8b82-cabea27867a8 alias=- model=- effort=- pass=live allow=[deepseek.personal.deepseek-api-key.global.deepseek-v4-pro] denied=[deepseek.personal.deepseek-api-key.global.deepseek-flash,deepseek.personal.deepseek-api-key.global.deepseek-flash-max,moonshot.personal.kimi-code.global.kimi-k3]
[advisory-diag] doc keys=artifactRef,provenance,scope,type,version type=route_ladder_evidence ver=1 docScope=standalone-runtime-dev scopeId=standalone-runtime-dev mScopeId=standalone-runtime-dev mRole=coder roleId=coder mTask=coder.edit taskId=coder.edit mTax=1.0.0-alpha.1 tax=1.0.0-alpha.1 digestMatch=true
[run105] 32 capture(s) refused as no_route_classification: no (role, task) classification, so they never enter the replay/eval queue and get no advisory
[run104-pending] captures=50 scoped=1 first=req-427f4f21-30b8-4214-891b-dd1039becf1a,req-ad518549-270f-428b-ac29-ab3ad5654198,req-0073acfc-9b7e-435e-a30c-a9279bd35d2f only=none pendingCount=32 captureCount=198
[advisory-diag] doc keys=artifactRef,provenance,scope,type,version type=route_ladder_evidence ver=1 docScope=standalone-runtime-dev scopeId=standalone-runtime-dev mScopeId=standalone-runtime-dev mRole=coder roleId=coder mTask=coder.edit taskId=coder.edit mTax=1.0.0-alpha.1 tax=1.0.0-alpha.1 digestMatch=true
[advisory-recall] key=["development","standalone-runtime-dev","coder","coder.review"] hit=false cacheSize=1 keys=["development","standalone-runtime-dev","coder","coder.edit"]
[run99] live advisory miss: stage=S4 channel=development scope=standalone-runtime-dev
[run115] eligibility candidates=4 eligible=1 codes=POLICY_DENY_ENDPOINT=3 request=bench-h10-agent-read-grep-patch-deepseek.personal.deepseek-api-key.global.deepseek-v4-pro-turn2-48ce8127-1317-4668-9496-339f3d304c43 alias=- model=- effort=- pass=live allow=[deepseek.personal.deepseek-api-key.global.deepseek-v4-pro] denied=[deepseek.personal.deepseek-api-key.global.deepseek-flash,deepseek.personal.deepseek-api-key.global.deepseek-flash-max,moonshot.personal.kimi-code.global.kimi-k3]
[advisory-diag] doc keys=artifactRef,provenance,scope,type,version type=route_ladder_evidence ver=1 docScope=standalone-runtime-dev scopeId=standalone-runtime-dev mScopeId=standalone-runtime-dev mRole=coder roleId=coder mTask=coder.edit taskId=coder.edit mTax=1.0.0-alpha.1 tax=1.0.0-alpha.1 digestMatch=true
[run105] 32 capture(s) refused as no_route_classification: no (role, task) classification, so they never enter the replay/eval queue and get no advisory
[run104-pending] captures=50 scoped=1 first=req-427f4f21-30b8-4214-891b-dd1039becf1a,req-ad518549-270f-428b-ac29-ab3ad5654198,req-0073acfc-9b7e-435e-a30c-a9279bd35d2f only=none pendingCount=32 captureCount=198
[advisory-diag] doc keys=artifactRef,provenance,scope,type,version type=route_ladder_evidence ver=1 docScope=standalone-runtime-dev scopeId=standalone-runtime-dev mScopeId=standalone-runtime-dev mRole=coder roleId=coder mTask=coder.edit taskId=coder.edit mTax=1.0.0-alpha.1 tax=1.0.0-alpha.1 digestMatch=true
[advisory-recall] key=["development","standalone-runtime-dev","coder","operator.debug.api"] hit=false cacheSize=1 keys=["development","standalone-runtime-dev","coder","coder.edit"]
[run99] live advisory miss: stage=S4 channel=development scope=standalone-runtime-dev
[run115] eligibility candidates=4 eligible=1 codes=POLICY_DENY_ENDPOINT=3 request=bench-h10-agent-read-grep-patch-deepseek.personal.deepseek-api-key.global.deepseek-v4-pro-turn3-78bb505b-2cfa-492e-a109-64800d56ceba alias=- model=- effort=- pass=live allow=[deepseek.personal.deepseek-api-key.global.deepseek-v4-pro] denied=[deepseek.personal.deepseek-api-key.global.deepseek-flash,deepseek.personal.deepseek-api-key.global.deepseek-flash-max,moonshot.personal.kimi-code.global.kimi-k3]
[advisory-diag] doc keys=artifactRef,provenance,scope,type,version type=route_ladder_evidence ver=1 docScope=standalone-runtime-dev scopeId=standalone-runtime-dev mScopeId=standalone-runtime-dev mRole=coder roleId=coder mTask=coder.edit taskId=coder.edit mTax=1.0.0-alpha.1 tax=1.0.0-alpha.1 digestMatch=true
[run105] 32 capture(s) refused as no_route_classification: no (role, task) classification, so they never enter the replay/eval queue and get no advisory
[run104-pending] captures=50 scoped=1 first=req-427f4f21-30b8-4214-891b-dd1039becf1a,req-ad518549-270f-428b-ac29-ab3ad5654198,req-0073acfc-9b7e-435e-a30c-a9279bd35d2f only=none pendingCount=32 captureCount=198
[advisory-diag] doc keys=artifactRef,provenance,scope,type,version type=route_ladder_evidence ver=1 docScope=standalone-runtime-dev scopeId=standalone-runtime-dev mScopeId=standalone-runtime-dev mRole=coder roleId=coder mTask=coder.edit taskId=coder.edit mTax=1.0.0-alpha.1 tax=1.0.0-alpha.1 digestMatch=true
[run101] recovery sweep: examined=1 candidates=1 recovered=0 - every candidate already has its evaluation
[advisory-diag] doc keys=artifactRef,provenance,scope,type,version type=route_ladder_evidence ver=1 docScope=standalone-runtime-dev scopeId=standalone-runtime-dev mScopeId=standalone-runtime-dev mRole=coder roleId=coder mTask=coder.edit taskId=coder.edit mTax=1.0.0-alpha.1 tax=1.0.0-alpha.1 digestMatch=true
[advisory-diag] doc keys=artifactRef,provenance,scope,type,version type=route_ladder_evidence ver=1 docScope=standalone-runtime-dev scopeId=standalone-runtime-dev mScopeId=standalone-runtime-dev mRole=coder roleId=coder mTask=coder.edit taskId=coder.edit mTax=1.0.0-alpha.1 tax=1.0.0-alpha.1 digestMatch=true
[advisory-diag] doc keys=artifactRef,provenance,scope,type,version type=route_ladder_evidence ver=1 docScope=standalone-runtime-dev scopeId=standalone-runtime-dev mScopeId=standalone-runtime-dev mRole=coder roleId=coder mTask=coder.edit taskId=coder.edit mTax=1.0.0-alpha.1 tax=1.0.0-alpha.1 digestMatch=true
[advisory-recall] key=["development","standalone-runtime-dev","coder","coder.edit"] hit=true cacheSize=1 keys=["development","standalone-runtime-dev","coder","coder.edit"]
[run115] eligibility candidates=4 eligible=1 codes=POLICY_DENY_ENDPOINT=3 request=bench-h15-max-signal-v3-deepseek.personal.deepseek-api-key.global.deepseek-v4-pro-turn1-dc8fb7f3-9e2d-4989-8040-f54a8a49d3cd alias=- model=- effort=- pass=live allow=[deepseek.personal.deepseek-api-key.global.deepseek-v4-pro] denied=[deepseek.personal.deepseek-api-key.global.deepseek-flash,deepseek.personal.deepseek-api-key.global.deepseek-flash-max,moonshot.personal.kimi-code.global.kimi-k3]
[run105] 32 capture(s) refused as no_route_classification: no (role, task) classification, so they never enter the replay/eval queue and get no advisory
[run104-pending] captures=50 scoped=1 first=req-427f4f21-30b8-4214-891b-dd1039becf1a,req-ad518549-270f-428b-ac29-ab3ad5654198,req-0073acfc-9b7e-435e-a30c-a9279bd35d2f only=none pendingCount=32 captureCount=198
[advisory-diag] doc keys=artifactRef,provenance,scope,type,version type=route_ladder_evidence ver=1 docScope=standalone-runtime-dev scopeId=standalone-runtime-dev mScopeId=standalone-runtime-dev mRole=coder roleId=coder mTask=coder.edit taskId=coder.edit mTax=1.0.0-alpha.1 tax=1.0.0-alpha.1 digestMatch=true
[advisory-diag] doc keys=artifactRef,provenance,scope,type,version type=route_ladder_evidence ver=1 docScope=standalone-runtime-dev scopeId=standalone-runtime-dev mScopeId=standalone-runtime-dev mRole=coder roleId=coder mTask=coder.edit taskId=coder.edit mTax=1.0.0-alpha.1 tax=1.0.0-alpha.1 digestMatch=true
[run105] 32 capture(s) refused as no_route_classification: no (role, task) classification, so they never enter the replay/eval queue and get no advisory
[run104-pending] captures=50 scoped=1 first=req-427f4f21-30b8-4214-891b-dd1039becf1a,req-ad518549-270f-428b-ac29-ab3ad5654198,req-0073acfc-9b7e-435e-a30c-a9279bd35d2f only=none pendingCount=32 captureCount=198
[advisory-diag] doc keys=artifactRef,provenance,scope,type,version type=route_ladder_evidence ver=1 docScope=standalone-runtime-dev scopeId=standalone-runtime-dev mScopeId=standalone-runtime-dev mRole=coder roleId=coder mTask=coder.edit taskId=coder.edit mTax=1.0.0-alpha.1 tax=1.0.0-alpha.1 digestMatch=true
[advisory-diag] doc keys=artifactRef,provenance,scope,type,version type=route_ladder_evidence ver=1 docScope=standalone-runtime-dev scopeId=standalone-runtime-dev mScopeId=standalone-runtime-dev mRole=coder roleId=coder mTask=coder.edit taskId=coder.edit mTax=1.0.0-alpha.1 tax=1.0.0-alpha.1 digestMatch=true
[advisory-recall] key=["development","standalone-runtime-dev","coder","coder.edit"] hit=true cacheSize=1 keys=["development","standalone-runtime-dev","coder","coder.edit"]
[run115] eligibility candidates=4 eligible=1 codes=POLICY_DENY_ENDPOINT=3 request=bench-h15-max-signal-v3-deepseek.personal.deepseek-api-key.global.deepseek-v4-pro-turn2-bdb29355-2f57-4db8-8957-8f2b771538fa alias=- model=- effort=- pass=live allow=[deepseek.personal.deepseek-api-key.global.deepseek-v4-pro] denied=[deepseek.personal.deepseek-api-key.global.deepseek-flash,deepseek.personal.deepseek-api-key.global.deepseek-flash-max,moonshot.personal.kimi-code.global.kimi-k3]
[run105] 32 capture(s) refused as no_route_classification: no (role, task) classification, so they never enter the replay/eval queue and get no advisory
[run104-pending] captures=50 scoped=1 first=req-427f4f21-30b8-4214-891b-dd1039becf1a,req-ad518549-270f-428b-ac29-ab3ad5654198,req-0073acfc-9b7e-435e-a30c-a9279bd35d2f only=none pendingCount=32 captureCount=198
[advisory-recall] key=["development","standalone-runtime-dev","coder","tester.e2e"] hit=false cacheSize=1 keys=["development","standalone-runtime-dev","coder","coder.edit"]
[run99] live advisory miss: stage=S4 channel=development scope=standalone-runtime-dev
[run115] eligibility candidates=4 eligible=1 codes=POLICY_DENY_ENDPOINT=3 request=bench-h15-max-signal-v3-deepseek.personal.deepseek-api-key.global.deepseek-v4-pro-turn3-2c78d283-8619-4798-83cf-d30c2bd96187 alias=- model=- effort=- pass=live allow=[deepseek.personal.deepseek-api-key.global.deepseek-v4-pro] denied=[deepseek.personal.deepseek-api-key.global.deepseek-flash,deepseek.personal.deepseek-api-key.global.deepseek-flash-max,moonshot.personal.kimi-code.global.kimi-k3]
[advisory-diag] doc keys=artifactRef,provenance,scope,type,version type=route_ladder_evidence ver=1 docScope=standalone-runtime-dev scopeId=standalone-runtime-dev mScopeId=standalone-runtime-dev mRole=coder roleId=coder mTask=coder.edit taskId=coder.edit mTax=1.0.0-alpha.1 tax=1.0.0-alpha.1 digestMatch=true
[advisory-recall] key=["development","standalone-runtime-dev","coder","tester.e2e"] hit=false cacheSize=1 keys=["development","standalone-runtime-dev","coder","coder.edit"]
[run99] live advisory miss: stage=S4 channel=development scope=standalone-runtime-dev
[run115] eligibility candidates=4 eligible=1 codes=POLICY_DENY_ENDPOINT=3 request=bench-p17-tools-multi-hard-moonshot.personal.kimi-code.global.kimi-k3-turn1-cbe54772-a276-483a-86d2-f96a426c0b60 alias=- model=- effort=- pass=live allow=[moonshot.personal.kimi-code.global.kimi-k3] denied=[deepseek.personal.deepseek-api-key.global.deepseek-flash,deepseek.personal.deepseek-api-key.global.deepseek-flash-max,deepseek.personal.deepseek-api-key.global.deepseek-v4-pro]
[advisory-recall] key=["development","standalone-runtime-dev","coder","tester.e2e"] hit=false cacheSize=1 keys=["development","standalone-runtime-dev","coder","coder.edit"]
[run99] live advisory miss: stage=S4 channel=development scope=standalone-runtime-dev
[run115] eligibility candidates=4 eligible=1 codes=POLICY_DENY_ENDPOINT=3 request=bench-p17-tools-multi-hard-moonshot.personal.kimi-code.global.kimi-k3-turn2-e09f5dfe-4b17-49a5-974a-dc5fef1c7798 alias=- model=- effort=- pass=live allow=[moonshot.personal.kimi-code.global.kimi-k3] denied=[deepseek.personal.deepseek-api-key.global.deepseek-flash,deepseek.personal.deepseek-api-key.global.deepseek-flash-max,deepseek.personal.deepseek-api-key.global.deepseek-v4-pro]
[advisory-diag] doc keys=artifactRef,provenance,scope,type,version type=route_ladder_evidence ver=1 docScope=standalone-runtime-dev scopeId=standalone-runtime-dev mScopeId=standalone-runtime-dev mRole=coder roleId=coder mTask=coder.edit taskId=coder.edit mTax=1.0.0-alpha.1 tax=1.0.0-alpha.1 digestMatch=true
[advisory-recall] key=["development","standalone-runtime-dev","coder","architect.api_design"] hit=false cacheSize=1 keys=["development","standalone-runtime-dev","coder","coder.edit"]
[run99] live advisory miss: stage=S4 channel=development scope=standalone-runtime-dev
[run115] eligibility candidates=4 eligible=1 codes=POLICY_DENY_ENDPOINT=3 request=bench-p17-tools-multi-hard-moonshot.personal.kimi-code.global.kimi-k3-turn3-cf32c57a-af5e-4417-bc6a-8a7e8a72d115 alias=- model=- effort=- pass=live allow=[moonshot.personal.kimi-code.global.kimi-k3] denied=[deepseek.personal.deepseek-api-key.global.deepseek-flash,deepseek.personal.deepseek-api-key.global.deepseek-flash-max,deepseek.personal.deepseek-api-key.global.deepseek-v4-pro]
[advisory-recall] key=["development","standalone-runtime-dev","coder","coder.edit"] hit=true cacheSize=1 keys=["development","standalone-runtime-dev","coder","coder.edit"]
[run115] eligibility candidates=4 eligible=1 codes=POLICY_DENY_ENDPOINT=3 request=bench-x01-max-signal-moonshot.personal.kimi-code.global.kimi-k3-turn1-fa6ba642-b106-4f6f-928d-0017c4c1a835 alias=- model=- effort=- pass=live allow=[moonshot.personal.kimi-code.global.kimi-k3] denied=[deepseek.personal.deepseek-api-key.global.deepseek-flash,deepseek.personal.deepseek-api-key.global.deepseek-flash-max,deepseek.personal.deepseek-api-key.global.deepseek-v4-pro]
[advisory-recall] key=["development","standalone-runtime-dev","coder","coder.edit"] hit=true cacheSize=1 keys=["development","standalone-runtime-dev","coder","coder.edit"]
[run115] eligibility candidates=4 eligible=1 codes=POLICY_DENY_ENDPOINT=3 request=bench-x01-max-signal-moonshot.personal.kimi-code.global.kimi-k3-turn2-a1b167f6-ca96-4ccc-9a7b-27dbfbc82abc alias=- model=- effort=- pass=live allow=[moonshot.personal.kimi-code.global.kimi-k3] denied=[deepseek.personal.deepseek-api-key.global.deepseek-flash,deepseek.personal.deepseek-api-key.global.deepseek-flash-max,deepseek.personal.deepseek-api-key.global.deepseek-v4-pro]
[advisory-diag] doc keys=artifactRef,provenance,scope,type,version type=route_ladder_evidence ver=1 docScope=standalone-runtime-dev scopeId=standalone-runtime-dev mScopeId=standalone-runtime-dev mRole=coder roleId=coder mTask=coder.edit taskId=coder.edit mTax=1.0.0-alpha.1 tax=1.0.0-alpha.1 digestMatch=true
[run105] 32 capture(s) refused as no_route_classification: no (role, task) classification, so they never enter the replay/eval queue and get no advisory
[run104-pending] captures=50 scoped=1 first=req-427f4f21-30b8-4214-891b-dd1039becf1a,req-ad518549-270f-428b-ac29-ab3ad5654198,req-0073acfc-9b7e-435e-a30c-a9279bd35d2f only=none pendingCount=32 captureCount=198
[run101] recovery sweep: examined=1 candidates=1 recovered=0 - every candidate already has its evaluation
[advisory-recall] key=["development","standalone-runtime-dev","coder","operator.debug.api"] hit=false cacheSize=1 keys=["development","standalone-runtime-dev","coder","coder.edit"]
[run99] live advisory miss: stage=S4 channel=development scope=standalone-runtime-dev
[run115] eligibility candidates=4 eligible=1 codes=POLICY_DENY_ENDPOINT=3 request=bench-x01-max-signal-moonshot.personal.kimi-code.global.kimi-k3-turn3-8bc510b6-9047-4604-8a08-a81892ccfbf8 alias=- model=- effort=- pass=live allow=[moonshot.personal.kimi-code.global.kimi-k3] denied=[deepseek.personal.deepseek-api-key.global.deepseek-flash,deepseek.personal.deepseek-api-key.global.deepseek-flash-max,deepseek.personal.deepseek-api-key.global.deepseek-v4-pro]
[advisory-diag] doc keys=artifactRef,provenance,scope,type,version type=route_ladder_evidence ver=1 docScope=standalone-runtime-dev scopeId=standalone-runtime-dev mScopeId=standalone-runtime-dev mRole=coder roleId=coder mTask=coder.edit taskId=coder.edit mTax=1.0.0-alpha.1 tax=1.0.0-alpha.1 digestMatch=true
[advisory-recall] key=["development","standalone-runtime-dev","coder","coder.explain"] hit=false cacheSize=1 keys=["development","standalone-runtime-dev","coder","coder.edit"]
[run99] live advisory miss: stage=S4 channel=development scope=standalone-runtime-dev
[run115] eligibility candidates=4 eligible=1 codes=POLICY_DENY_ENDPOINT=3 request=bench-h01-implement-two-sum-moonshot.personal.kimi-code.global.kimi-k3-turn1-8d227b21-aa23-4214-9f11-7b49c950d7b2 alias=- model=- effort=- pass=live allow=[moonshot.personal.kimi-code.global.kimi-k3] denied=[deepseek.personal.deepseek-api-key.global.deepseek-flash,deepseek.personal.deepseek-api-key.global.deepseek-flash-max,deepseek.personal.deepseek-api-key.global.deepseek-v4-pro]
[advisory-recall] key=["development","standalone-runtime-dev","coder","tester.reproduce"] hit=false cacheSize=1 keys=["development","standalone-runtime-dev","coder","coder.edit"]
[run99] live advisory miss: stage=S4 channel=development scope=standalone-runtime-dev
[run115] eligibility candidates=4 eligible=1 codes=POLICY_DENY_ENDPOINT=3 request=bench-h02-fix-async-counter-moonshot.personal.kimi-code.global.kimi-k3-turn1-635d2e4a-c1ab-49a9-af95-ad75030bad22 alias=- model=- effort=- pass=live allow=[moonshot.personal.kimi-code.global.kimi-k3] denied=[deepseek.personal.deepseek-api-key.global.deepseek-flash,deepseek.personal.deepseek-api-key.global.deepseek-flash-max,deepseek.personal.deepseek-api-key.global.deepseek-v4-pro]
[advisory-diag] doc keys=artifactRef,provenance,scope,type,version type=route_ladder_evidence ver=1 docScope=standalone-runtime-dev scopeId=standalone-runtime-dev mScopeId=standalone-runtime-dev mRole=coder roleId=coder mTask=coder.edit taskId=coder.edit mTax=1.0.0-alpha.1 tax=1.0.0-alpha.1 digestMatch=true
[advisory-diag] doc keys=artifactRef,provenance,scope,type,version type=route_ladder_evidence ver=1 docScope=standalone-runtime-dev scopeId=standalone-runtime-dev mScopeId=standalone-runtime-dev mRole=coder roleId=coder mTask=coder.edit taskId=coder.edit mTax=1.0.0-alpha.1 tax=1.0.0-alpha.1 digestMatch=true
[advisory-diag] doc keys=artifactRef,provenance,scope,type,version type=route_ladder_evidence ver=1 docScope=standalone-runtime-dev scopeId=standalone-runtime-dev mScopeId=standalone-runtime-dev mRole=coder roleId=coder mTask=coder.edit taskId=coder.edit mTax=1.0.0-alpha.1 tax=1.0.0-alpha.1 digestMatch=true
[run105] 32 capture(s) refused as no_route_classification: no (role, task) classification, so they never enter the replay/eval queue and get no advisory
[run104-pending] captures=50 scoped=1 first=req-427f4f21-30b8-4214-891b-dd1039becf1a,req-ad518549-270f-428b-ac29-ab3ad5654198,req-0073acfc-9b7e-435e-a30c-a9279bd35d2f only=none pendingCount=32 captureCount=198
[advisory-diag] doc keys=artifactRef,provenance,scope,type,version type=route_ladder_evidence ver=1 docScope=standalone-runtime-dev scopeId=standalone-runtime-dev mScopeId=standalone-runtime-dev mRole=coder roleId=coder mTask=coder.edit taskId=coder.edit mTax=1.0.0-alpha.1 tax=1.0.0-alpha.1 digestMatch=true
[advisory-diag] doc keys=artifactRef,provenance,scope,type,version type=route_ladder_evidence ver=1 docScope=standalone-runtime-dev scopeId=standalone-runtime-dev mScopeId=standalone-runtime-dev mRole=coder roleId=coder mTask=coder.edit taskId=coder.edit mTax=1.0.0-alpha.1 tax=1.0.0-alpha.1 digestMatch=true
[advisory-diag] doc keys=artifactRef,provenance,scope,type,version type=route_ladder_evidence ver=1 docScope=standalone-runtime-dev scopeId=standalone-runtime-dev mScopeId=standalone-runtime-dev mRole=coder roleId=coder mTask=coder.edit taskId=coder.edit mTax=1.0.0-alpha.1 tax=1.0.0-alpha.1 digestMatch=true
[advisory-diag] doc keys=artifactRef,provenance,scope,type,version type=route_ladder_evidence ver=1 docScope=standalone-runtime-dev scopeId=standalone-runtime-dev mScopeId=standalone-runtime-dev mRole=coder roleId=coder mTask=coder.edit taskId=coder.edit mTax=1.0.0-alpha.1 tax=1.0.0-alpha.1 digestMatch=true
[advisory-recall] key=["development","standalone-runtime-dev","operator","operator.debug.api"] hit=false cacheSize=1 keys=["development","standalone-runtime-dev","coder","coder.edit"]
[run99] live advisory miss: stage=S4 channel=development scope=standalone-runtime-dev
[run115] eligibility candidates=4 eligible=1 codes=POLICY_DENY_ENDPOINT=3 request=bench-h04-tool-read-router-moonshot.personal.kimi-code.global.kimi-k3-turn1-e6438863-19bf-4d94-9b9b-bfab045ca151 alias=- model=- effort=- pass=live allow=[moonshot.personal.kimi-code.global.kimi-k3] denied=[deepseek.personal.deepseek-api-key.global.deepseek-flash,deepseek.personal.deepseek-api-key.global.deepseek-flash-max,deepseek.personal.deepseek-api-key.global.deepseek-v4-pro]
[run105] 32 capture(s) refused as no_route_classification: no (role, task) classification, so they never enter the replay/eval queue and get no advisory
[run104-pending] captures=50 scoped=1 first=req-427f4f21-30b8-4214-891b-dd1039becf1a,req-ad518549-270f-428b-ac29-ab3ad5654198,req-0073acfc-9b7e-435e-a30c-a9279bd35d2f only=none pendingCount=32 captureCount=198
[advisory-recall] key=["development","standalone-runtime-dev","creative","creative.name.generate"] hit=false cacheSize=1 keys=["development","standalone-runtime-dev","coder","coder.edit"]
[run99] live advisory miss: stage=S4 channel=development scope=standalone-runtime-dev
[run115] eligibility candidates=4 eligible=1 codes=POLICY_DENY_ENDPOINT=3 request=bench-h04-tool-read-router-moonshot.personal.kimi-code.global.kimi-k3-turn2-e17587db-0151-4ad4-8eba-f832e66bf417 alias=- model=- effort=- pass=live allow=[moonshot.personal.kimi-code.global.kimi-k3] denied=[deepseek.personal.deepseek-api-key.global.deepseek-flash,deepseek.personal.deepseek-api-key.global.deepseek-flash-max,deepseek.personal.deepseek-api-key.global.deepseek-v4-pro]
[advisory-recall] key=["development","standalone-runtime-dev","coder","architect.api_design"] hit=false cacheSize=1 keys=["development","standalone-runtime-dev","coder","coder.edit"]
[run99] live advisory miss: stage=S4 channel=development scope=standalone-runtime-dev
[run115] eligibility candidates=4 eligible=1 codes=POLICY_DENY_ENDPOINT=3 request=bench-h05-tool-grep-eligibility-moonshot.personal.kimi-code.global.kimi-k3-turn1-3b1de348-217b-4584-9c51-a6e4c9e0afd3 alias=- model=- effort=- pass=live allow=[moonshot.personal.kimi-code.global.kimi-k3] denied=[deepseek.personal.deepseek-api-key.global.deepseek-flash,deepseek.personal.deepseek-api-key.global.deepseek-flash-max,deepseek.personal.deepseek-api-key.global.deepseek-v4-pro]
[advisory-diag] doc keys=artifactRef,provenance,scope,type,version type=route_ladder_evidence ver=1 docScope=standalone-runtime-dev scopeId=standalone-runtime-dev mScopeId=standalone-runtime-dev mRole=coder roleId=coder mTask=coder.edit taskId=coder.edit mTax=1.0.0-alpha.1 tax=1.0.0-alpha.1 digestMatch=true
[advisory-recall] key=["development","standalone-runtime-dev","planner","coordinator.meeting.notes"] hit=false cacheSize=1 keys=["development","standalone-runtime-dev","coder","coder.edit"]
[run99] live advisory miss: stage=S4 channel=development scope=standalone-runtime-dev
[run115] eligibility candidates=4 eligible=1 codes=POLICY_DENY_ENDPOINT=3 request=bench-h05-tool-grep-eligibility-moonshot.personal.kimi-code.global.kimi-k3-turn2-4e5ea146-8fe3-4335-9bdb-6387de0d0bd7 alias=- model=- effort=- pass=live allow=[moonshot.personal.kimi-code.global.kimi-k3] denied=[deepseek.personal.deepseek-api-key.global.deepseek-flash,deepseek.personal.deepseek-api-key.global.deepseek-flash-max,deepseek.personal.deepseek-api-key.global.deepseek-v4-pro]
[advisory-diag] doc keys=artifactRef,provenance,scope,type,version type=route_ladder_evidence ver=1 docScope=standalone-runtime-dev scopeId=standalone-runtime-dev mScopeId=standalone-runtime-dev mRole=coder roleId=coder mTask=coder.edit taskId=coder.edit mTax=1.0.0-alpha.1 tax=1.0.0-alpha.1 digestMatch=true
[advisory-recall] key=["development","standalone-runtime-dev","operator","operator.debug.api"] hit=false cacheSize=1 keys=["development","standalone-runtime-dev","coder","coder.edit"]
[run99] live advisory miss: stage=S4 channel=development scope=standalone-runtime-dev
[run115] eligibility candidates=4 eligible=1 codes=POLICY_DENY_ENDPOINT=3 request=bench-h05-tool-grep-eligibility-moonshot.personal.kimi-code.global.kimi-k3-turn3-486c5b60-beb4-49b6-a0e5-24d935051406 alias=- model=- effort=- pass=live allow=[moonshot.personal.kimi-code.global.kimi-k3] denied=[deepseek.personal.deepseek-api-key.global.deepseek-flash,deepseek.personal.deepseek-api-key.global.deepseek-flash-max,deepseek.personal.deepseek-api-key.global.deepseek-v4-pro]
[advisory-recall] key=["development","standalone-runtime-dev","support","operator.debug.api"] hit=false cacheSize=1 keys=["development","standalone-runtime-dev","coder","coder.edit"]
[run99] live advisory miss: stage=S4 channel=development scope=standalone-runtime-dev
[run115] eligibility candidates=4 eligible=1 codes=POLICY_DENY_ENDPOINT=3 request=bench-h05-tool-grep-eligibility-moonshot.personal.kimi-code.global.kimi-k3-turn4-e96ce3d4-5427-4b5a-881e-c8ddd7d3bbcc alias=- model=- effort=- pass=live allow=[moonshot.personal.kimi-code.global.kimi-k3] denied=[deepseek.personal.deepseek-api-key.global.deepseek-flash,deepseek.personal.deepseek-api-key.global.deepseek-flash-max,deepseek.personal.deepseek-api-key.global.deepseek-v4-pro]
[advisory-diag] doc keys=artifactRef,provenance,scope,type,version type=route_ladder_evidence ver=1 docScope=standalone-runtime-dev scopeId=standalone-runtime-dev mScopeId=standalone-runtime-dev mRole=coder roleId=coder mTask=coder.edit taskId=coder.edit mTax=1.0.0-alpha.1 tax=1.0.0-alpha.1 digestMatch=true
[advisory-recall] key=["development","standalone-runtime-dev","coder","coder.edit"] hit=true cacheSize=1 keys=["development","standalone-runtime-dev","coder","coder.edit"]
[run115] eligibility candidates=4 eligible=1 codes=POLICY_DENY_ENDPOINT=3 request=bench-h06-tool-apply-patch-moonshot.personal.kimi-code.global.kimi-k3-turn1-8c9f4745-0919-4206-a6ca-962bc5518ce1 alias=- model=- effort=- pass=live allow=[moonshot.personal.kimi-code.global.kimi-k3] denied=[deepseek.personal.deepseek-api-key.global.deepseek-flash,deepseek.personal.deepseek-api-key.global.deepseek-flash-max,deepseek.personal.deepseek-api-key.global.deepseek-v4-pro]
[advisory-recall] key=["development","standalone-runtime-dev","coder","coder.edit"] hit=true cacheSize=1 keys=["development","standalone-runtime-dev","coder","coder.edit"]
[run115] eligibility candidates=4 eligible=1 codes=POLICY_DENY_ENDPOINT=3 request=bench-h06-tool-apply-patch-moonshot.personal.kimi-code.global.kimi-k3-turn2-62423dbf-5cbb-4ea4-a4e2-a650e0ff80bd alias=- model=- effort=- pass=live allow=[moonshot.personal.kimi-code.global.kimi-k3] denied=[deepseek.personal.deepseek-api-key.global.deepseek-flash,deepseek.personal.deepseek-api-key.global.deepseek-flash-max,deepseek.personal.deepseek-api-key.global.deepseek-v4-pro]
[run105] 32 capture(s) refused as no_route_classification: no (role, task) classification, so they never enter the replay/eval queue and get no advisory
[run104-pending] captures=50 scoped=1 first=req-427f4f21-30b8-4214-891b-dd1039becf1a,req-ad518549-270f-428b-ac29-ab3ad5654198,req-0073acfc-9b7e-435e-a30c-a9279bd35d2f only=none pendingCount=32 captureCount=198
[advisory-diag] doc keys=artifactRef,provenance,scope,type,version type=route_ladder_evidence ver=1 docScope=standalone-runtime-dev scopeId=standalone-runtime-dev mScopeId=standalone-runtime-dev mRole=coder roleId=coder mTask=coder.edit taskId=coder.edit mTax=1.0.0-alpha.1 tax=1.0.0-alpha.1 digestMatch=true
[run101] recovery sweep: examined=1 candidates=1 recovered=0 - every candidate already has its evaluation
[advisory-recall] key=["development","standalone-runtime-dev","coder","operator.debug.api"] hit=false cacheSize=1 keys=["development","standalone-runtime-dev","coder","coder.edit"]
[run99] live advisory miss: stage=S4 channel=development scope=standalone-runtime-dev
[run115] eligibility candidates=4 eligible=1 codes=POLICY_DENY_ENDPOINT=3 request=bench-h07-multi-turn-sla-guard-moonshot.personal.kimi-code.global.kimi-k3-turn1-ddeed6d4-6fa8-43cd-8a5d-167c4b5f8596 alias=- model=- effort=- pass=live allow=[moonshot.personal.kimi-code.global.kimi-k3] denied=[deepseek.personal.deepseek-api-key.global.deepseek-flash,deepseek.personal.deepseek-api-key.global.deepseek-flash-max,deepseek.personal.deepseek-api-key.global.deepseek-v4-pro]
[advisory-diag] doc keys=artifactRef,provenance,scope,type,version type=route_ladder_evidence ver=1 docScope=standalone-runtime-dev scopeId=standalone-runtime-dev mScopeId=standalone-runtime-dev mRole=coder roleId=coder mTask=coder.edit taskId=coder.edit mTax=1.0.0-alpha.1 tax=1.0.0-alpha.1 digestMatch=true
[advisory-diag] doc keys=artifactRef,provenance,scope,type,version type=route_ladder_evidence ver=1 docScope=standalone-runtime-dev scopeId=standalone-runtime-dev mScopeId=standalone-runtime-dev mRole=coder roleId=coder mTask=coder.edit taskId=coder.edit mTax=1.0.0-alpha.1 tax=1.0.0-alpha.1 digestMatch=true
[advisory-recall] key=["development","standalone-runtime-dev","operator","operator.debug.api"] hit=false cacheSize=1 keys=["development","standalone-runtime-dev","coder","coder.edit"]
[run99] live advisory miss: stage=S4 channel=development scope=standalone-runtime-dev
[run115] eligibility candidates=4 eligible=1 codes=POLICY_DENY_ENDPOINT=3 request=bench-h08-multi-turn-tool-refine-moonshot.personal.kimi-code.global.kimi-k3-turn1-daf2fb3a-8be1-495f-901e-1558179c66cf alias=- model=- effort=- pass=live allow=[moonshot.personal.kimi-code.global.kimi-k3] denied=[deepseek.personal.deepseek-api-key.global.deepseek-flash,deepseek.personal.deepseek-api-key.global.deepseek-flash-max,deepseek.personal.deepseek-api-key.global.deepseek-v4-pro]
[advisory-recall] key=["development","standalone-runtime-dev","operator","operator.debug.api"] hit=false cacheSize=1 keys=["development","standalone-runtime-dev","coder","coder.edit"]
[run99] live advisory miss: stage=S4 channel=development scope=standalone-runtime-dev
[run115] eligibility candidates=4 eligible=1 codes=POLICY_DENY_ENDPOINT=3 request=bench-h08-multi-turn-tool-refine-moonshot.personal.kimi-code.global.kimi-k3-turn2-5289c34c-1daa-4d0b-8a53-d1fc5fef8f81 alias=- model=- effort=- pass=live allow=[moonshot.personal.kimi-code.global.kimi-k3] denied=[deepseek.personal.deepseek-api-key.global.deepseek-flash,deepseek.personal.deepseek-api-key.global.deepseek-flash-max,deepseek.personal.deepseek-api-key.global.deepseek-v4-pro]
[advisory-recall] key=["development","standalone-runtime-dev","coder","operator.debug.api"] hit=false cacheSize=1 keys=["development","standalone-runtime-dev","coder","coder.edit"]
[run99] live advisory miss: stage=S4 channel=development scope=standalone-runtime-dev
[run115] eligibility candidates=4 eligible=1 codes=POLICY_DENY_ENDPOINT=3 request=bench-h09-agent-metrics-chain-moonshot.personal.kimi-code.global.kimi-k3-turn1-25ede8fa-5d30-42db-b128-3946eb3273f2 alias=- model=- effort=- pass=live allow=[moonshot.personal.kimi-code.global.kimi-k3] denied=[deepseek.personal.deepseek-api-key.global.deepseek-flash,deepseek.personal.deepseek-api-key.global.deepseek-flash-max,deepseek.personal.deepseek-api-key.global.deepseek-v4-pro]
[advisory-diag] doc keys=artifactRef,provenance,scope,type,version type=route_ladder_evidence ver=1 docScope=standalone-runtime-dev scopeId=standalone-runtime-dev mScopeId=standalone-runtime-dev mRole=coder roleId=coder mTask=coder.edit taskId=coder.edit mTax=1.0.0-alpha.1 tax=1.0.0-alpha.1 digestMatch=true
[advisory-recall] key=["development","standalone-runtime-dev","operator","operator.debug.api"] hit=false cacheSize=1 keys=["development","standalone-runtime-dev","coder","coder.edit"]
[run99] live advisory miss: stage=S4 channel=development scope=standalone-runtime-dev
[run115] eligibility candidates=4 eligible=1 codes=POLICY_DENY_ENDPOINT=3 request=bench-h09-agent-metrics-chain-moonshot.personal.kimi-code.global.kimi-k3-turn2-14c8b0f8-8071-4e46-bf68-3993a1c94b29 alias=- model=- effort=- pass=live allow=[moonshot.personal.kimi-code.global.kimi-k3] denied=[deepseek.personal.deepseek-api-key.global.deepseek-flash,deepseek.personal.deepseek-api-key.global.deepseek-flash-max,deepseek.personal.deepseek-api-key.global.deepseek-v4-pro]
[advisory-recall] key=["development","standalone-runtime-dev","operator","operator.debug.api"] hit=false cacheSize=1 keys=["development","standalone-runtime-dev","coder","coder.edit"]
[run99] live advisory miss: stage=S4 channel=development scope=standalone-runtime-dev
[run115] eligibility candidates=4 eligible=1 codes=POLICY_DENY_ENDPOINT=3 request=bench-h09-agent-metrics-chain-moonshot.personal.kimi-code.global.kimi-k3-turn3-9d0c5201-16e1-47d1-b54f-61a506af1861 alias=- model=- effort=- pass=live allow=[moonshot.personal.kimi-code.global.kimi-k3] denied=[deepseek.personal.deepseek-api-key.global.deepseek-flash,deepseek.personal.deepseek-api-key.global.deepseek-flash-max,deepseek.personal.deepseek-api-key.global.deepseek-v4-pro]
[advisory-diag] doc keys=artifactRef,provenance,scope,type,version type=route_ladder_evidence ver=1 docScope=standalone-runtime-dev scopeId=standalone-runtime-dev mScopeId=standalone-runtime-dev mRole=coder roleId=coder mTask=coder.edit taskId=coder.edit mTax=1.0.0-alpha.1 tax=1.0.0-alpha.1 digestMatch=true
[run105] 32 capture(s) refused as no_route_classification: no (role, task) classification, so they never enter the replay/eval queue and get no advisory
[run104-pending] captures=50 scoped=1 first=req-427f4f21-30b8-4214-891b-dd1039becf1a,req-ad518549-270f-428b-ac29-ab3ad5654198,req-0073acfc-9b7e-435e-a30c-a9279bd35d2f only=none pendingCount=32 captureCount=198
[advisory-recall] key=["development","standalone-runtime-dev","researcher","researcher.web_research.current"] hit=false cacheSize=1 keys=["development","standalone-runtime-dev","coder","coder.edit"]
[run99] live advisory miss: stage=S4 channel=development scope=standalone-runtime-dev
[run115] eligibility candidates=4 eligible=1 codes=POLICY_DENY_ENDPOINT=3 request=bench-h09-agent-metrics-chain-moonshot.personal.kimi-code.global.kimi-k3-turn4-3c233e82-b653-4b2e-a1d7-d43ae76f9f08 alias=- model=- effort=- pass=live allow=[moonshot.personal.kimi-code.global.kimi-k3] denied=[deepseek.personal.deepseek-api-key.global.deepseek-flash,deepseek.personal.deepseek-api-key.global.deepseek-flash-max,deepseek.personal.deepseek-api-key.global.deepseek-v4-pro]
[advisory-recall] key=["development","standalone-runtime-dev","researcher","researcher.web_research.current"] hit=false cacheSize=1 keys=["development","standalone-runtime-dev","coder","coder.edit"]
[run99] live advisory miss: stage=S4 channel=development scope=standalone-runtime-dev
[run115] eligibility candidates=4 eligible=1 codes=POLICY_DENY_ENDPOINT=3 request=bench-h09-agent-metrics-chain-moonshot.personal.kimi-code.global.kimi-k3-turn5-8208df92-381e-422c-82b1-b7418db4a97c alias=- model=- effort=- pass=live allow=[moonshot.personal.kimi-code.global.kimi-k3] denied=[deepseek.personal.deepseek-api-key.global.deepseek-flash,deepseek.personal.deepseek-api-key.global.deepseek-flash-max,deepseek.personal.deepseek-api-key.global.deepseek-v4-pro]
[advisory-diag] doc keys=artifactRef,provenance,scope,type,version type=route_ladder_evidence ver=1 docScope=standalone-runtime-dev scopeId=standalone-runtime-dev mScopeId=standalone-runtime-dev mRole=coder roleId=coder mTask=coder.edit taskId=coder.edit mTax=1.0.0-alpha.1 tax=1.0.0-alpha.1 digestMatch=true
[advisory-recall] key=["development","standalone-runtime-dev","coder","coder.edit"] hit=true cacheSize=1 keys=["development","standalone-runtime-dev","coder","coder.edit"]
[run115] eligibility candidates=4 eligible=1 codes=POLICY_DENY_ENDPOINT=3 request=bench-h10-agent-read-grep-patch-moonshot.personal.kimi-code.global.kimi-k3-turn1-a2dfc309-5a64-4352-bdd0-8fc0cbab45dd alias=- model=- effort=- pass=live allow=[moonshot.personal.kimi-code.global.kimi-k3] denied=[deepseek.personal.deepseek-api-key.global.deepseek-flash,deepseek.personal.deepseek-api-key.global.deepseek-flash-max,deepseek.personal.deepseek-api-key.global.deepseek-v4-pro]
[advisory-recall] key=["development","standalone-runtime-dev","coder","coder.edit"] hit=true cacheSize=1 keys=["development","standalone-runtime-dev","coder","coder.edit"]
[run115] eligibility candidates=4 eligible=1 codes=POLICY_DENY_ENDPOINT=3 request=bench-h10-agent-read-grep-patch-moonshot.personal.kimi-code.global.kimi-k3-turn2-79652bec-c1a4-416d-8fa0-c08cc43a28ca alias=- model=- effort=- pass=live allow=[moonshot.personal.kimi-code.global.kimi-k3] denied=[deepseek.personal.deepseek-api-key.global.deepseek-flash,deepseek.personal.deepseek-api-key.global.deepseek-flash-max,deepseek.personal.deepseek-api-key.global.deepseek-v4-pro]
[advisory-recall] key=["development","standalone-runtime-dev","operator","operator.debug.api"] hit=false cacheSize=1 keys=["development","standalone-runtime-dev","coder","coder.edit"]
[run99] live advisory miss: stage=S4 channel=development scope=standalone-runtime-dev
[run115] eligibility candidates=4 eligible=1 codes=POLICY_DENY_ENDPOINT=3 request=bench-h10-agent-read-grep-patch-moonshot.personal.kimi-code.global.kimi-k3-turn3-40d50a33-b52d-47a4-bc07-1d5ea7fabf6c alias=- model=- effort=- pass=live allow=[moonshot.personal.kimi-code.global.kimi-k3] denied=[deepseek.personal.deepseek-api-key.global.deepseek-flash,deepseek.personal.deepseek-api-key.global.deepseek-flash-max,deepseek.personal.deepseek-api-key.global.deepseek-v4-pro]
[advisory-diag] doc keys=artifactRef,provenance,scope,type,version type=route_ladder_evidence ver=1 docScope=standalone-runtime-dev scopeId=standalone-runtime-dev mScopeId=standalone-runtime-dev mRole=coder roleId=coder mTask=coder.edit taskId=coder.edit mTax=1.0.0-alpha.1 tax=1.0.0-alpha.1 digestMatch=true
[advisory-diag] doc keys=artifactRef,provenance,scope,type,version type=route_ladder_evidence ver=1 docScope=standalone-runtime-dev scopeId=standalone-runtime-dev mScopeId=standalone-runtime-dev mRole=coder roleId=coder mTask=coder.edit taskId=coder.edit mTax=1.0.0-alpha.1 tax=1.0.0-alpha.1 digestMatch=true
[advisory-recall] key=["development","standalone-runtime-dev","coder","operator.debug.api"] hit=false cacheSize=1 keys=["development","standalone-runtime-dev","coder","coder.edit"]
[run99] live advisory miss: stage=S4 channel=development scope=standalone-runtime-dev
[run115] eligibility candidates=4 eligible=1 codes=POLICY_DENY_ENDPOINT=3 request=bench-h10-agent-read-grep-patch-moonshot.personal.kimi-code.global.kimi-k3-turn4-66d5abaf-7ad4-4530-8ead-6a493d9dbbdc alias=- model=- effort=- pass=live allow=[moonshot.personal.kimi-code.global.kimi-k3] denied=[deepseek.personal.deepseek-api-key.global.deepseek-flash,deepseek.personal.deepseek-api-key.global.deepseek-flash-max,deepseek.personal.deepseek-api-key.global.deepseek-v4-pro]
[advisory-diag] doc keys=artifactRef,provenance,scope,type,version type=route_ladder_evidence ver=1 docScope=standalone-runtime-dev scopeId=standalone-runtime-dev mScopeId=standalone-runtime-dev mRole=coder roleId=coder mTask=coder.edit taskId=coder.edit mTax=1.0.0-alpha.1 tax=1.0.0-alpha.1 digestMatch=true
[run105] 32 capture(s) refused as no_route_classification: no (role, task) classification, so they never enter the replay/eval queue and get no advisory
[run104-pending] captures=50 scoped=1 first=req-427f4f21-30b8-4214-891b-dd1039becf1a,req-ad518549-270f-428b-ac29-ab3ad5654198,req-0073acfc-9b7e-435e-a30c-a9279bd35d2f only=none pendingCount=32 captureCount=198
[advisory-recall] key=["development","standalone-runtime-dev","coder","coder.edit"] hit=true cacheSize=1 keys=["development","standalone-runtime-dev","coder","coder.edit"]
[run115] eligibility candidates=4 eligible=1 codes=POLICY_DENY_ENDPOINT=3 request=bench-h15-max-signal-v3-moonshot.personal.kimi-code.global.kimi-k3-turn1-711bf7c9-5af6-42d7-b0d3-84e3bfc8a544 alias=- model=- effort=- pass=live allow=[moonshot.personal.kimi-code.global.kimi-k3] denied=[deepseek.personal.deepseek-api-key.global.deepseek-flash,deepseek.personal.deepseek-api-key.global.deepseek-flash-max,deepseek.personal.deepseek-api-key.global.deepseek-v4-pro]
[run101] recovery sweep: examined=1 candidates=1 recovered=0 - every candidate already has its evaluation
[advisory-recall] key=["development","standalone-runtime-dev","coder","coder.edit"] hit=true cacheSize=1 keys=["development","standalone-runtime-dev","coder","coder.edit"]
[run115] eligibility candidates=4 eligible=1 codes=POLICY_DENY_ENDPOINT=3 request=bench-h15-max-signal-v3-moonshot.personal.kimi-code.global.kimi-k3-turn2-72ded729-7e37-47c9-8c4d-b75e55486d5f alias=- model=- effort=- pass=live allow=[moonshot.personal.kimi-code.global.kimi-k3] denied=[deepseek.personal.deepseek-api-key.global.deepseek-flash,deepseek.personal.deepseek-api-key.global.deepseek-flash-max,deepseek.personal.deepseek-api-key.global.deepseek-v4-pro]
[advisory-diag] doc keys=artifactRef,provenance,scope,type,version type=route_ladder_evidence ver=1 docScope=standalone-runtime-dev scopeId=standalone-runtime-dev mScopeId=standalone-runtime-dev mRole=coder roleId=coder mTask=coder.edit taskId=coder.edit mTax=1.0.0-alpha.1 tax=1.0.0-alpha.1 digestMatch=true
[advisory-diag] doc keys=artifactRef,provenance,scope,type,version type=route_ladder_evidence ver=1 docScope=standalone-runtime-dev scopeId=standalone-runtime-dev mScopeId=standalone-runtime-dev mRole=coder roleId=coder mTask=coder.edit taskId=coder.edit mTax=1.0.0-alpha.1 tax=1.0.0-alpha.1 digestMatch=true
[advisory-diag] doc keys=artifactRef,provenance,scope,type,version type=route_ladder_evidence ver=1 docScope=standalone-runtime-dev scopeId=standalone-runtime-dev mScopeId=standalone-runtime-dev mRole=coder roleId=coder mTask=coder.edit taskId=coder.edit mTax=1.0.0-alpha.1 tax=1.0.0-alpha.1 digestMatch=true
[advisory-diag] doc keys=artifactRef,provenance,scope,type,version type=route_ladder_evidence ver=1 docScope=standalone-runtime-dev scopeId=standalone-runtime-dev mScopeId=standalone-runtime-dev mRole=coder roleId=coder mTask=coder.edit taskId=coder.edit mTax=1.0.0-alpha.1 tax=1.0.0-alpha.1 digestMatch=true
[run105] 32 capture(s) refused as no_route_classification: no (role, task) classification, so they never enter the replay/eval queue and get no advisory
[run104-pending] captures=50 scoped=1 first=req-427f4f21-30b8-4214-891b-dd1039becf1a,req-ad518549-270f-428b-ac29-ab3ad5654198,req-0073acfc-9b7e-435e-a30c-a9279bd35d2f only=none pendingCount=32 captureCount=198
[advisory-diag] doc keys=artifactRef,provenance,scope,type,version type=route_ladder_evidence ver=1 docScope=standalone-runtime-dev scopeId=standalone-runtime-dev mScopeId=standalone-runtime-dev mRole=coder roleId=coder mTask=coder.edit taskId=coder.edit mTax=1.0.0-alpha.1 tax=1.0.0-alpha.1 digestMatch=true
[advisory-recall] key=["development","standalone-runtime-dev","coder","tester.e2e"] hit=false cacheSize=1 keys=["development","standalone-runtime-dev","coder","coder.edit"]
[run99] live advisory miss: stage=S4 channel=development scope=standalone-runtime-dev
[run115] eligibility candidates=4 eligible=1 codes=POLICY_DENY_ENDPOINT=3 request=bench-h15-max-signal-v3-moonshot.personal.kimi-code.global.kimi-k3-turn3-9903ff85-98f5-4287-adba-7155e1cdf31d alias=- model=- effort=- pass=live allow=[moonshot.personal.kimi-code.global.kimi-k3] denied=[deepseek.personal.deepseek-api-key.global.deepseek-flash,deepseek.personal.deepseek-api-key.global.deepseek-flash-max,deepseek.personal.deepseek-api-key.global.deepseek-v4-pro]
[advisory-diag] doc keys=artifactRef,provenance,scope,type,version type=route_ladder_evidence ver=1 docScope=standalone-runtime-dev scopeId=standalone-runtime-dev mScopeId=standalone-runtime-dev mRole=coder roleId=coder mTask=coder.edit taskId=coder.edit mTax=1.0.0-alpha.1 tax=1.0.0-alpha.1 digestMatch=true
[advisory-recall] key=["development","standalone-runtime-dev","coder","operator.debug.api"] hit=false cacheSize=1 keys=["development","standalone-runtime-dev","coder","coder.edit"]
[run99] live advisory miss: stage=S4 channel=development scope=standalone-runtime-dev
[run115] eligibility candidates=4 eligible=1 codes=POLICY_DENY_ENDPOINT=3 request=bench-h15-max-signal-v3-moonshot.personal.kimi-code.global.kimi-k3-turn4-6cfb3f39-7b49-4056-8f1c-3d84a91b0b93 alias=- model=- effort=- pass=live allow=[moonshot.personal.kimi-code.global.kimi-k3] denied=[deepseek.personal.deepseek-api-key.global.deepseek-flash,deepseek.personal.deepseek-api-key.global.deepseek-flash-max,deepseek.personal.deepseek-api-key.global.deepseek-v4-pro]
[advisory-diag] doc keys=artifactRef,provenance,scope,type,version type=route_ladder_evidence ver=1 docScope=standalone-runtime-dev scopeId=standalone-runtime-dev mScopeId=standalone-runtime-dev mRole=coder roleId=coder mTask=coder.edit taskId=coder.edit mTax=1.0.0-alpha.1 tax=1.0.0-alpha.1 digestMatch=true
[run105] 32 capture(s) refused as no_route_classification: no (role, task) classification, so they never enter the replay/eval queue and get no advisory
[run104-pending] captures=50 scoped=1 first=req-427f4f21-30b8-4214-891b-dd1039becf1a,req-ad518549-270f-428b-ac29-ab3ad5654198,req-0073acfc-9b7e-435e-a30c-a9279bd35d2f only=none pendingCount=32 captureCount=198
[advisory-diag] doc keys=artifactRef,provenance,scope,type,version type=route_ladder_evidence ver=1 docScope=standalone-runtime-dev scopeId=standalone-runtime-dev mScopeId=standalone-runtime-dev mRole=coder roleId=coder mTask=coder.edit taskId=coder.edit mTax=1.0.0-alpha.1 tax=1.0.0-alpha.1 digestMatch=true
[advisory-diag] doc keys=artifactRef,provenance,scope,type,version type=route_ladder_evidence ver=1 docScope=standalone-runtime-dev scopeId=standalone-runtime-dev mScopeId=standalone-runtime-dev mRole=coder roleId=coder mTask=coder.edit taskId=coder.edit mTax=1.0.0-alpha.1 tax=1.0.0-alpha.1 digestMatch=true
[advisory-diag] doc keys=artifactRef,provenance,scope,type,version type=route_ladder_evidence ver=1 docScope=standalone-runtime-dev scopeId=standalone-runtime-dev mScopeId=standalone-runtime-dev mRole=coder roleId=coder mTask=coder.edit taskId=coder.edit mTax=1.0.0-alpha.1 tax=1.0.0-alpha.1 digestMatch=true
[advisory-diag] doc keys=artifactRef,provenance,scope,type,version type=route_ladder_evidence ver=1 docScope=standalone-runtime-dev scopeId=standalone-runtime-dev mScopeId=standalone-runtime-dev mRole=coder roleId=coder mTask=coder.edit taskId=coder.edit mTax=1.0.0-alpha.1 tax=1.0.0-alpha.1 digestMatch=true
[run105] 32 capture(s) refused as no_route_classification: no (role, task) classification, so they never enter the replay/eval queue and get no advisory
[run104-pending] captures=50 scoped=1 first=req-427f4f21-30b8-4214-891b-dd1039becf1a,req-ad518549-270f-428b-ac29-ab3ad5654198,req-0073acfc-9b7e-435e-a30c-a9279bd35d2f only=none pendingCount=32 captureCount=198
[run101] recovery sweep: examined=1 candidates=1 recovered=0 - every candidate already has its evaluation
[advisory-recall] key=["development","standalone-runtime-dev","coder","tester.e2e"] hit=false cacheSize=1 keys=["development","standalone-runtime-dev","coder","coder.edit"]
[run99] live advisory miss: stage=S4 channel=development scope=standalone-runtime-dev
[run115] eligibility candidates=4 eligible=1 codes=POLICY_DENY_ENDPOINT=3 request=bench-judge-p17-tools-multi-hard-a1-44de4a61-3d7d-4bc9-ac76-d33f60eab270 alias=- model=- effort=- pass=live allow=[deepseek.personal.deepseek-api-key.global.deepseek-v4-pro] denied=[deepseek.personal.deepseek-api-key.global.deepseek-flash,deepseek.personal.deepseek-api-key.global.deepseek-flash-max,moonshot.personal.kimi-code.global.kimi-k3]
[advisory-diag] doc keys=artifactRef,provenance,scope,type,version type=route_ladder_evidence ver=1 docScope=standalone-runtime-dev scopeId=standalone-runtime-dev mScopeId=standalone-runtime-dev mRole=coder roleId=coder mTask=coder.edit taskId=coder.edit mTax=1.0.0-alpha.1 tax=1.0.0-alpha.1 digestMatch=true
[advisory-recall] key=["development","standalone-runtime-dev","coder","operator.debug.api"] hit=false cacheSize=1 keys=["development","standalone-runtime-dev","coder","coder.edit"]
[run99] live advisory miss: stage=S4 channel=development scope=standalone-runtime-dev
[run115] eligibility candidates=4 eligible=1 codes=POLICY_DENY_ENDPOINT=3 request=bench-judge-x01-max-signal-a1-45bf6397-63c5-4fa3-baa3-e90c55062ef9 alias=- model=- effort=- pass=live allow=[deepseek.personal.deepseek-api-key.global.deepseek-v4-pro] denied=[deepseek.personal.deepseek-api-key.global.deepseek-flash,deepseek.personal.deepseek-api-key.global.deepseek-flash-max,moonshot.personal.kimi-code.global.kimi-k3]
[advisory-recall] key=["development","standalone-runtime-dev","coder","coder.edit"] hit=true cacheSize=1 keys=["development","standalone-runtime-dev","coder","coder.edit"]
[run115] eligibility candidates=4 eligible=1 codes=POLICY_DENY_ENDPOINT=3 request=bench-judge-h01-implement-two-sum-a1-8b0fa4c8-f656-4dba-b337-4b1d2e17959b alias=- model=- effort=- pass=live allow=[deepseek.personal.deepseek-api-key.global.deepseek-v4-pro] denied=[deepseek.personal.deepseek-api-key.global.deepseek-flash,deepseek.personal.deepseek-api-key.global.deepseek-flash-max,moonshot.personal.kimi-code.global.kimi-k3]
[advisory-recall] key=["development","standalone-runtime-dev","coder","coder.edit"] hit=true cacheSize=1 keys=["development","standalone-runtime-dev","coder","coder.edit"]
[run115] eligibility candidates=4 eligible=1 codes=POLICY_DENY_ENDPOINT=3 request=bench-judge-h02-fix-async-counter-a1-9063574a-b039-45dc-b520-af28be904f01 alias=- model=- effort=- pass=live allow=[deepseek.personal.deepseek-api-key.global.deepseek-v4-pro] denied=[deepseek.personal.deepseek-api-key.global.deepseek-flash,deepseek.personal.deepseek-api-key.global.deepseek-flash-max,moonshot.personal.kimi-code.global.kimi-k3]
[advisory-diag] doc keys=artifactRef,provenance,scope,type,version type=route_ladder_evidence ver=1 docScope=standalone-runtime-dev scopeId=standalone-runtime-dev mScopeId=standalone-runtime-dev mRole=coder roleId=coder mTask=coder.edit taskId=coder.edit mTax=1.0.0-alpha.1 tax=1.0.0-alpha.1 digestMatch=true
[run105] 32 capture(s) refused as no_route_classification: no (role, task) classification, so they never enter the replay/eval queue and get no advisory
[run104-pending] captures=50 scoped=1 first=req-427f4f21-30b8-4214-891b-dd1039becf1a,req-ad518549-270f-428b-ac29-ab3ad5654198,req-0073acfc-9b7e-435e-a30c-a9279bd35d2f only=none pendingCount=32 captureCount=198
[advisory-recall] key=["development","standalone-runtime-dev","coder","operator.debug.api"] hit=false cacheSize=1 keys=["development","standalone-runtime-dev","coder","coder.edit"]
[run99] live advisory miss: stage=S4 channel=development scope=standalone-runtime-dev
[run115] eligibility candidates=4 eligible=1 codes=POLICY_DENY_ENDPOINT=3 request=bench-judge-h04-tool-read-router-a1-83d2ad5f-03a3-45a7-846c-4f6fdae6ecf4 alias=- model=- effort=- pass=live allow=[deepseek.personal.deepseek-api-key.global.deepseek-v4-pro] denied=[deepseek.personal.deepseek-api-key.global.deepseek-flash,deepseek.personal.deepseek-api-key.global.deepseek-flash-max,moonshot.personal.kimi-code.global.kimi-k3]
[advisory-recall] key=["development","standalone-runtime-dev","coder","operator.debug.api"] hit=false cacheSize=1 keys=["development","standalone-runtime-dev","coder","coder.edit"]
[run99] live advisory miss: stage=S4 channel=development scope=standalone-runtime-dev
[run115] eligibility candidates=4 eligible=1 codes=POLICY_DENY_ENDPOINT=3 request=bench-judge-h05-tool-grep-eligibility-a1-31ff1a5e-48d8-4dc9-9aa5-fcdef82fdff1 alias=- model=- effort=- pass=live allow=[deepseek.personal.deepseek-api-key.global.deepseek-v4-pro] denied=[deepseek.personal.deepseek-api-key.global.deepseek-flash,deepseek.personal.deepseek-api-key.global.deepseek-flash-max,moonshot.personal.kimi-code.global.kimi-k3]
[advisory-diag] doc keys=artifactRef,provenance,scope,type,version type=route_ladder_evidence ver=1 docScope=standalone-runtime-dev scopeId=standalone-runtime-dev mScopeId=standalone-runtime-dev mRole=coder roleId=coder mTask=coder.edit taskId=coder.edit mTax=1.0.0-alpha.1 tax=1.0.0-alpha.1 digestMatch=true
[advisory-recall] key=["development","standalone-runtime-dev","coder","operator.debug.api"] hit=false cacheSize=1 keys=["development","standalone-runtime-dev","coder","coder.edit"]
[run99] live advisory miss: stage=S4 channel=development scope=standalone-runtime-dev
[run115] eligibility candidates=4 eligible=1 codes=POLICY_DENY_ENDPOINT=3 request=bench-judge-h06-tool-apply-patch-a1-6ca8649a-83e2-44bd-b787-8487acffd51f alias=- model=- effort=- pass=live allow=[deepseek.personal.deepseek-api-key.global.deepseek-v4-pro] denied=[deepseek.personal.deepseek-api-key.global.deepseek-flash,deepseek.personal.deepseek-api-key.global.deepseek-flash-max,moonshot.personal.kimi-code.global.kimi-k3]
[advisory-recall] key=["development","standalone-runtime-dev","coder","operator.debug.api"] hit=false cacheSize=1 keys=["development","standalone-runtime-dev","coder","coder.edit"]
[run99] live advisory miss: stage=S4 channel=development scope=standalone-runtime-dev
[run115] eligibility candidates=4 eligible=1 codes=POLICY_DENY_ENDPOINT=3 request=bench-judge-h07-multi-turn-sla-guard-a1-0478a1e5-0902-42b4-a73d-2f9b5fdec5fc alias=- model=- effort=- pass=live allow=[deepseek.personal.deepseek-api-key.global.deepseek-v4-pro] denied=[deepseek.personal.deepseek-api-key.global.deepseek-flash,deepseek.personal.deepseek-api-key.global.deepseek-flash-max,moonshot.personal.kimi-code.global.kimi-k3]
[advisory-diag] doc keys=artifactRef,provenance,scope,type,version type=route_ladder_evidence ver=1 docScope=standalone-runtime-dev scopeId=standalone-runtime-dev mScopeId=standalone-runtime-dev mRole=coder roleId=coder mTask=coder.edit taskId=coder.edit mTax=1.0.0-alpha.1 tax=1.0.0-alpha.1 digestMatch=true
[run105] 32 capture(s) refused as no_route_classification: no (role, task) classification, so they never enter the replay/eval queue and get no advisory
[run104-pending] captures=50 scoped=1 first=req-427f4f21-30b8-4214-891b-dd1039becf1a,req-ad518549-270f-428b-ac29-ab3ad5654198,req-0073acfc-9b7e-435e-a30c-a9279bd35d2f only=none pendingCount=32 captureCount=198
[advisory-diag] doc keys=artifactRef,provenance,scope,type,version type=route_ladder_evidence ver=1 docScope=standalone-runtime-dev scopeId=standalone-runtime-dev mScopeId=standalone-runtime-dev mRole=coder roleId=coder mTask=coder.edit taskId=coder.edit mTax=1.0.0-alpha.1 tax=1.0.0-alpha.1 digestMatch=true
[advisory-diag] doc keys=artifactRef,provenance,scope,type,version type=route_ladder_evidence ver=1 docScope=standalone-runtime-dev scopeId=standalone-runtime-dev mScopeId=standalone-runtime-dev mRole=coder roleId=coder mTask=coder.edit taskId=coder.edit mTax=1.0.0-alpha.1 tax=1.0.0-alpha.1 digestMatch=true
[run105] 32 capture(s) refused as no_route_classification: no (role, task) classification, so they never enter the replay/eval queue and get no advisory
[run104-pending] captures=50 scoped=1 first=req-427f4f21-30b8-4214-891b-dd1039becf1a,req-ad518549-270f-428b-ac29-ab3ad5654198,req-0073acfc-9b7e-435e-a30c-a9279bd35d2f only=none pendingCount=32 captureCount=198
[advisory-diag] doc keys=artifactRef,provenance,scope,type,version type=route_ladder_evidence ver=1 docScope=standalone-runtime-dev scopeId=standalone-runtime-dev mScopeId=standalone-runtime-dev mRole=coder roleId=coder mTask=coder.edit taskId=coder.edit mTax=1.0.0-alpha.1 tax=1.0.0-alpha.1 digestMatch=true
[advisory-diag] doc keys=artifactRef,provenance,scope,type,version type=route_ladder_evidence ver=1 docScope=standalone-runtime-dev scopeId=standalone-runtime-dev mScopeId=standalone-runtime-dev mRole=coder roleId=coder mTask=coder.edit taskId=coder.edit mTax=1.0.0-alpha.1 tax=1.0.0-alpha.1 digestMatch=true
[run105] 32 capture(s) refused as no_route_classification: no (role, task) classification, so they never enter the replay/eval queue and get no advisory
[run104-pending] captures=50 scoped=1 first=req-427f4f21-30b8-4214-891b-dd1039becf1a,req-ad518549-270f-428b-ac29-ab3ad5654198,req-0073acfc-9b7e-435e-a30c-a9279bd35d2f only=none pendingCount=32 captureCount=198
[advisory-diag] doc keys=artifactRef,provenance,scope,type,version type=route_ladder_evidence ver=1 docScope=standalone-runtime-dev scopeId=standalone-runtime-dev mScopeId=standalone-runtime-dev mRole=coder roleId=coder mTask=coder.edit taskId=coder.edit mTax=1.0.0-alpha.1 tax=1.0.0-alpha.1 digestMatch=true
[run101] recovery sweep: examined=1 candidates=1 recovered=0 - every candidate already has its evaluation
[advisory-recall] key=["development","standalone-runtime-dev","coder","operator.debug.api"] hit=false cacheSize=1 keys=["development","standalone-runtime-dev","coder","coder.edit"]
[run99] live advisory miss: stage=S4 channel=development scope=standalone-runtime-dev
[run115] eligibility candidates=4 eligible=1 codes=POLICY_DENY_ENDPOINT=3 request=bench-judge-h08-multi-turn-tool-refine-a1-f3d56ae3-e717-4987-ab2d-8a20407ff423 alias=- model=- effort=- pass=live allow=[deepseek.personal.deepseek-api-key.global.deepseek-v4-pro] denied=[deepseek.personal.deepseek-api-key.global.deepseek-flash,deepseek.personal.deepseek-api-key.global.deepseek-flash-max,moonshot.personal.kimi-code.global.kimi-k3]
[advisory-recall] key=["development","standalone-runtime-dev","coder","operator.debug.api"] hit=false cacheSize=1 keys=["development","standalone-runtime-dev","coder","coder.edit"]
[run99] live advisory miss: stage=S4 channel=development scope=standalone-runtime-dev
[run115] eligibility candidates=4 eligible=1 codes=POLICY_DENY_ENDPOINT=3 request=bench-judge-h09-agent-metrics-chain-a1-a6aeb605-f391-4144-8f4a-b8eb8101c152 alias=- model=- effort=- pass=live allow=[deepseek.personal.deepseek-api-key.global.deepseek-v4-pro] denied=[deepseek.personal.deepseek-api-key.global.deepseek-flash,deepseek.personal.deepseek-api-key.global.deepseek-flash-max,moonshot.personal.kimi-code.global.kimi-k3]
[advisory-diag] doc keys=artifactRef,provenance,scope,type,version type=route_ladder_evidence ver=1 docScope=standalone-runtime-dev scopeId=standalone-runtime-dev mScopeId=standalone-runtime-dev mRole=coder roleId=coder mTask=coder.edit taskId=coder.edit mTax=1.0.0-alpha.1 tax=1.0.0-alpha.1 digestMatch=true
[advisory-diag] doc keys=artifactRef,provenance,scope,type,version type=route_ladder_evidence ver=1 docScope=standalone-runtime-dev scopeId=standalone-runtime-dev mScopeId=standalone-runtime-dev mRole=coder roleId=coder mTask=coder.edit taskId=coder.edit mTax=1.0.0-alpha.1 tax=1.0.0-alpha.1 digestMatch=true
[advisory-diag] doc keys=artifactRef,provenance,scope,type,version type=route_ladder_evidence ver=1 docScope=standalone-runtime-dev scopeId=standalone-runtime-dev mScopeId=standalone-runtime-dev mRole=coder roleId=coder mTask=coder.edit taskId=coder.edit mTax=1.0.0-alpha.1 tax=1.0.0-alpha.1 digestMatch=true
[advisory-recall] key=["development","standalone-runtime-dev","coder","operator.debug.api"] hit=false cacheSize=1 keys=["development","standalone-runtime-dev","coder","coder.edit"]
[run99] live advisory miss: stage=S4 channel=development scope=standalone-runtime-dev
[run115] eligibility candidates=4 eligible=1 codes=POLICY_DENY_ENDPOINT=3 request=bench-judge-h10-agent-read-grep-patch-a1-4ac19a7f-1dad-414a-92ee-99523e4fc761 alias=- model=- effort=- pass=live allow=[deepseek.personal.deepseek-api-key.global.deepseek-v4-pro] denied=[deepseek.personal.deepseek-api-key.global.deepseek-flash,deepseek.personal.deepseek-api-key.global.deepseek-flash-max,moonshot.personal.kimi-code.global.kimi-k3]
[advisory-recall] key=["development","standalone-runtime-dev","coder","coder.review"] hit=false cacheSize=1 keys=["development","standalone-runtime-dev","coder","coder.edit"]
[run99] live advisory miss: stage=S4 channel=development scope=standalone-runtime-dev
[run115] eligibility candidates=4 eligible=1 codes=POLICY_DENY_ENDPOINT=3 request=bench-judge-h15-max-signal-v3-a1-de1c2bdf-ac68-40a1-95aa-674b561cb2cd alias=- model=- effort=- pass=live allow=[deepseek.personal.deepseek-api-key.global.deepseek-v4-pro] denied=[deepseek.personal.deepseek-api-key.global.deepseek-flash,deepseek.personal.deepseek-api-key.global.deepseek-flash-max,moonshot.personal.kimi-code.global.kimi-k3]
[advisory-recall] key=["development","standalone-runtime-dev","coder","tester.e2e"] hit=false cacheSize=1 keys=["development","standalone-runtime-dev","coder","coder.edit"]
[run99] live advisory miss: stage=S4 channel=development scope=standalone-runtime-dev
[run115] eligibility candidates=4 eligible=1 codes=POLICY_DENY_ENDPOINT=3 request=bench-judge-p17-tools-multi-hard-a1-2ea20fac-50d9-4a5a-83b8-81b2d820a73f alias=- model=- effort=- pass=live allow=[deepseek.personal.deepseek-api-key.global.deepseek-v4-pro] denied=[deepseek.personal.deepseek-api-key.global.deepseek-flash,deepseek.personal.deepseek-api-key.global.deepseek-flash-max,moonshot.personal.kimi-code.global.kimi-k3]
[advisory-diag] doc keys=artifactRef,provenance,scope,type,version type=route_ladder_evidence ver=1 docScope=standalone-runtime-dev scopeId=standalone-runtime-dev mScopeId=standalone-runtime-dev mRole=coder roleId=coder mTask=coder.edit taskId=coder.edit mTax=1.0.0-alpha.1 tax=1.0.0-alpha.1 digestMatch=true
[run105] 32 capture(s) refused as no_route_classification: no (role, task) classification, so they never enter the replay/eval queue and get no advisory
[run104-pending] captures=50 scoped=1 first=req-427f4f21-30b8-4214-891b-dd1039becf1a,req-ad518549-270f-428b-ac29-ab3ad5654198,req-0073acfc-9b7e-435e-a30c-a9279bd35d2f only=none pendingCount=32 captureCount=198
[advisory-recall] key=["development","standalone-runtime-dev","coder","operator.debug.api"] hit=false cacheSize=1 keys=["development","standalone-runtime-dev","coder","coder.edit"]
[run99] live advisory miss: stage=S4 channel=development scope=standalone-runtime-dev
[run115] eligibility candidates=4 eligible=1 codes=POLICY_DENY_ENDPOINT=3 request=bench-judge-x01-max-signal-a1-0638d98f-92ff-4371-b650-d6d0b80d1534 alias=- model=- effort=- pass=live allow=[deepseek.personal.deepseek-api-key.global.deepseek-v4-pro] denied=[deepseek.personal.deepseek-api-key.global.deepseek-flash,deepseek.personal.deepseek-api-key.global.deepseek-flash-max,moonshot.personal.kimi-code.global.kimi-k3]
[advisory-recall] key=["development","standalone-runtime-dev","coder","coder.edit"] hit=true cacheSize=1 keys=["development","standalone-runtime-dev","coder","coder.edit"]
[run115] eligibility candidates=4 eligible=1 codes=POLICY_DENY_ENDPOINT=3 request=bench-judge-h01-implement-two-sum-a1-bf5f82b9-3bd7-48f1-9dc3-fa05e4e9f703 alias=- model=- effort=- pass=live allow=[deepseek.personal.deepseek-api-key.global.deepseek-v4-pro] denied=[deepseek.personal.deepseek-api-key.global.deepseek-flash,deepseek.personal.deepseek-api-key.global.deepseek-flash-max,moonshot.personal.kimi-code.global.kimi-k3]
[advisory-diag] doc keys=artifactRef,provenance,scope,type,version type=route_ladder_evidence ver=1 docScope=standalone-runtime-dev scopeId=standalone-runtime-dev mScopeId=standalone-runtime-dev mRole=coder roleId=coder mTask=coder.edit taskId=coder.edit mTax=1.0.0-alpha.1 tax=1.0.0-alpha.1 digestMatch=true
[advisory-recall] key=["development","standalone-runtime-dev","coder","operator.debug.api"] hit=false cacheSize=1 keys=["development","standalone-runtime-dev","coder","coder.edit"]
[run99] live advisory miss: stage=S4 channel=development scope=standalone-runtime-dev
[run115] eligibility candidates=4 eligible=1 codes=POLICY_DENY_ENDPOINT=3 request=bench-judge-h02-fix-async-counter-a1-ca72af63-1139-47c5-90e9-e3e68b1ce006 alias=- model=- effort=- pass=live allow=[deepseek.personal.deepseek-api-key.global.deepseek-v4-pro] denied=[deepseek.personal.deepseek-api-key.global.deepseek-flash,deepseek.personal.deepseek-api-key.global.deepseek-flash-max,moonshot.personal.kimi-code.global.kimi-k3]
[advisory-recall] key=["development","standalone-runtime-dev","coder","operator.debug.api"] hit=false cacheSize=1 keys=["development","standalone-runtime-dev","coder","coder.edit"]
[run99] live advisory miss: stage=S4 channel=development scope=standalone-runtime-dev
[run115] eligibility candidates=4 eligible=1 codes=POLICY_DENY_ENDPOINT=3 request=bench-judge-h04-tool-read-router-a1-3e14120c-a22c-4430-8478-cede099989e9 alias=- model=- effort=- pass=live allow=[deepseek.personal.deepseek-api-key.global.deepseek-v4-pro] denied=[deepseek.personal.deepseek-api-key.global.deepseek-flash,deepseek.personal.deepseek-api-key.global.deepseek-flash-max,moonshot.personal.kimi-code.global.kimi-k3]
[advisory-diag] doc keys=artifactRef,provenance,scope,type,version type=route_ladder_evidence ver=1 docScope=standalone-runtime-dev scopeId=standalone-runtime-dev mScopeId=standalone-runtime-dev mRole=coder roleId=coder mTask=coder.edit taskId=coder.edit mTax=1.0.0-alpha.1 tax=1.0.0-alpha.1 digestMatch=true
[advisory-recall] key=["development","standalone-runtime-dev","coder","operator.debug.api"] hit=false cacheSize=1 keys=["development","standalone-runtime-dev","coder","coder.edit"]
[run99] live advisory miss: stage=S4 channel=development scope=standalone-runtime-dev
[run115] eligibility candidates=4 eligible=1 codes=POLICY_DENY_ENDPOINT=3 request=bench-judge-h05-tool-grep-eligibility-a1-9072b526-01da-4976-8edc-ee03f0b47903 alias=- model=- effort=- pass=live allow=[deepseek.personal.deepseek-api-key.global.deepseek-v4-pro] denied=[deepseek.personal.deepseek-api-key.global.deepseek-flash,deepseek.personal.deepseek-api-key.global.deepseek-flash-max,moonshot.personal.kimi-code.global.kimi-k3]
