(node:32940) ExperimentalWarning: SQLite is an experimental feature and might change at any time
(Use `role-model-dev --trace-warnings ...` to show where the warning was created)
{
  "status": "listening",
  "host": "127.0.0.1",
  "port": 3458
}
[track-b-sidecar] (node:38600) ExperimentalWarning: SQLite is an experimental feature and might change at any time
[track-b-sidecar] (Use `node --trace-warnings ...` to show where the warning was created)
[run105] durable task advisory refresh: scope=standalone-runtime-dev pairs=1 stage=S4
[run115] eligibility candidates=4 eligible=4 codes=none request=req-107da042-1ac7-4e09-8ed2-65690669a85b alias=baseline.remote-only model=baseline.remote-only effort=high pass=live allow=[deepseek.personal.deepseek-api-key.global.deepseek-flash,deepseek.personal.deepseek-api-key.global.deepseek-flash-max,deepseek.personal.deepseek-api-key.global.deepseek-v4-pro,moonshot.personal.kimi-code.global.kimi-k3] denied=[]
[run105] 32 capture(s) refused as no_route_classification: no (role, task) classification, so they never enter the replay/eval queue and get no advisory
[run104-pending] captures=41 scoped=1 first=req-5399e8d1-8301-4a14-aabd-dd6ddaf90690,req-1f66992b-67ac-4982-83f7-640f813b4249,req-d63ccea4-34be-4567-a95d-35fd8981ccf9 only=none pendingCount=32 captureCount=168
[run101] replay job scope: learned runtime:e22187fbf8a85949e6e4b00d1c480633
[run101] recovery page payload shape: value,businessOutput,durableLocator,evidenceRef,readCapability,workerPid
[run101] recovery sweep: examined=1 candidates=1 recovered=0 - every candidate already has its evaluation
[run98] remote-health recovery: deepseek.personal.deepseek-api-key.global.deepseek-flash, deepseek.personal.deepseek-api-key.global.deepseek-flash-max, deepseek.personal.deepseek-api-key.global.deepseek-v4-pro, moonshot.personal.kimi-code.global.kimi-k3
[run105] 32 capture(s) refused as no_route_classification: no (role, task) classification, so they never enter the replay/eval queue and get no advisory
[run104-pending] captures=41 scoped=1 first=req-107da042-1ac7-4e09-8ed2-65690669a85b,req-5399e8d1-8301-4a14-aabd-dd6ddaf90690,req-1f66992b-67ac-4982-83f7-640f813b4249 only=none pendingCount=32 captureCount=169
[run105] 32 capture(s) refused as no_route_classification: no (role, task) classification, so they never enter the replay/eval queue and get no advisory
[run104-pending] captures=41 scoped=1 first=req-107da042-1ac7-4e09-8ed2-65690669a85b,req-5399e8d1-8301-4a14-aabd-dd6ddaf90690,req-1f66992b-67ac-4982-83f7-640f813b4249 only=none pendingCount=32 captureCount=169
[run105] 32 capture(s) refused as no_route_classification: no (role, task) classification, so they never enter the replay/eval queue and get no advisory
[run104-pending] captures=41 scoped=1 first=req-107da042-1ac7-4e09-8ed2-65690669a85b,req-5399e8d1-8301-4a14-aabd-dd6ddaf90690,req-1f66992b-67ac-4982-83f7-640f813b4249 only=none pendingCount=32 captureCount=169
[run101] recovery sweep: examined=1 candidates=1 recovered=0 - every candidate already has its evaluation
[run105] 32 capture(s) refused as no_route_classification: no (role, task) classification, so they never enter the replay/eval queue and get no advisory
[run104-pending] captures=41 scoped=1 first=req-107da042-1ac7-4e09-8ed2-65690669a85b,req-5399e8d1-8301-4a14-aabd-dd6ddaf90690,req-1f66992b-67ac-4982-83f7-640f813b4249 only=none pendingCount=32 captureCount=169
[run105] 32 capture(s) refused as no_route_classification: no (role, task) classification, so they never enter the replay/eval queue and get no advisory
[run104-pending] captures=41 scoped=1 first=req-107da042-1ac7-4e09-8ed2-65690669a85b,req-5399e8d1-8301-4a14-aabd-dd6ddaf90690,req-1f66992b-67ac-4982-83f7-640f813b4249 only=none pendingCount=32 captureCount=169
[run101] recovery sweep: examined=1 candidates=1 recovered=0 - every candidate already has its evaluation
[run105] 32 capture(s) refused as no_route_classification: no (role, task) classification, so they never enter the replay/eval queue and get no advisory
[run104-pending] captures=41 scoped=1 first=req-107da042-1ac7-4e09-8ed2-65690669a85b,req-5399e8d1-8301-4a14-aabd-dd6ddaf90690,req-1f66992b-67ac-4982-83f7-640f813b4249 only=none pendingCount=32 captureCount=169
[run105] 32 capture(s) refused as no_route_classification: no (role, task) classification, so they never enter the replay/eval queue and get no advisory
[run104-pending] captures=41 scoped=1 first=req-107da042-1ac7-4e09-8ed2-65690669a85b,req-5399e8d1-8301-4a14-aabd-dd6ddaf90690,req-1f66992b-67ac-4982-83f7-640f813b4249 only=none pendingCount=32 captureCount=169
[run105] 32 capture(s) refused as no_route_classification: no (role, task) classification, so they never enter the replay/eval queue and get no advisory
[run104-pending] captures=41 scoped=1 first=req-107da042-1ac7-4e09-8ed2-65690669a85b,req-5399e8d1-8301-4a14-aabd-dd6ddaf90690,req-1f66992b-67ac-4982-83f7-640f813b4249 only=none pendingCount=32 captureCount=169
[run101] recovery sweep: examined=1 candidates=1 recovered=0 - every candidate already has its evaluation
[run105] 32 capture(s) refused as no_route_classification: no (role, task) classification, so they never enter the replay/eval queue and get no advisory
[run104-pending] captures=41 scoped=1 first=req-107da042-1ac7-4e09-8ed2-65690669a85b,req-5399e8d1-8301-4a14-aabd-dd6ddaf90690,req-1f66992b-67ac-4982-83f7-640f813b4249 only=none pendingCount=32 captureCount=169
[run105] 32 capture(s) refused as no_route_classification: no (role, task) classification, so they never enter the replay/eval queue and get no advisory
[run104-pending] captures=41 scoped=1 first=req-107da042-1ac7-4e09-8ed2-65690669a85b,req-5399e8d1-8301-4a14-aabd-dd6ddaf90690,req-1f66992b-67ac-4982-83f7-640f813b4249 only=none pendingCount=32 captureCount=169
[run105] 32 capture(s) refused as no_route_classification: no (role, task) classification, so they never enter the replay/eval queue and get no advisory
[run104-pending] captures=41 scoped=1 first=req-107da042-1ac7-4e09-8ed2-65690669a85b,req-5399e8d1-8301-4a14-aabd-dd6ddaf90690,req-1f66992b-67ac-4982-83f7-640f813b4249 only=none pendingCount=32 captureCount=169
[run101] recovery sweep: examined=1 candidates=1 recovered=0 - every candidate already has its evaluation
[run105] 32 capture(s) refused as no_route_classification: no (role, task) classification, so they never enter the replay/eval queue and get no advisory
[run104-pending] captures=41 scoped=1 first=req-107da042-1ac7-4e09-8ed2-65690669a85b,req-5399e8d1-8301-4a14-aabd-dd6ddaf90690,req-1f66992b-67ac-4982-83f7-640f813b4249 only=none pendingCount=32 captureCount=169
[run105] 32 capture(s) refused as no_route_classification: no (role, task) classification, so they never enter the replay/eval queue and get no advisory
[run104-pending] captures=41 scoped=1 first=req-107da042-1ac7-4e09-8ed2-65690669a85b,req-5399e8d1-8301-4a14-aabd-dd6ddaf90690,req-1f66992b-67ac-4982-83f7-640f813b4249 only=none pendingCount=32 captureCount=169
[run105] 32 capture(s) refused as no_route_classification: no (role, task) classification, so they never enter the replay/eval queue and get no advisory
[run104-pending] captures=41 scoped=1 first=req-107da042-1ac7-4e09-8ed2-65690669a85b,req-5399e8d1-8301-4a14-aabd-dd6ddaf90690,req-1f66992b-67ac-4982-83f7-640f813b4249 only=none pendingCount=32 captureCount=169
[run101] recovery sweep: examined=1 candidates=1 recovered=0 - every candidate already has its evaluation
[run105] 32 capture(s) refused as no_route_classification: no (role, task) classification, so they never enter the replay/eval queue and get no advisory
[run104-pending] captures=41 scoped=1 first=req-107da042-1ac7-4e09-8ed2-65690669a85b,req-5399e8d1-8301-4a14-aabd-dd6ddaf90690,req-1f66992b-67ac-4982-83f7-640f813b4249 only=none pendingCount=32 captureCount=169
[run105] 32 capture(s) refused as no_route_classification: no (role, task) classification, so they never enter the replay/eval queue and get no advisory
[run104-pending] captures=41 scoped=1 first=req-107da042-1ac7-4e09-8ed2-65690669a85b,req-5399e8d1-8301-4a14-aabd-dd6ddaf90690,req-1f66992b-67ac-4982-83f7-640f813b4249 only=none pendingCount=32 captureCount=169
[run105] 32 capture(s) refused as no_route_classification: no (role, task) classification, so they never enter the replay/eval queue and get no advisory
[run104-pending] captures=41 scoped=1 first=req-107da042-1ac7-4e09-8ed2-65690669a85b,req-5399e8d1-8301-4a14-aabd-dd6ddaf90690,req-1f66992b-67ac-4982-83f7-640f813b4249 only=none pendingCount=32 captureCount=169
[run101] recovery sweep: examined=1 candidates=1 recovered=0 - every candidate already has its evaluation
[run105] 32 capture(s) refused as no_route_classification: no (role, task) classification, so they never enter the replay/eval queue and get no advisory
[run104-pending] captures=41 scoped=1 first=req-107da042-1ac7-4e09-8ed2-65690669a85b,req-5399e8d1-8301-4a14-aabd-dd6ddaf90690,req-1f66992b-67ac-4982-83f7-640f813b4249 only=none pendingCount=32 captureCount=169
[run105] 32 capture(s) refused as no_route_classification: no (role, task) classification, so they never enter the replay/eval queue and get no advisory
[run104-pending] captures=41 scoped=1 first=req-107da042-1ac7-4e09-8ed2-65690669a85b,req-5399e8d1-8301-4a14-aabd-dd6ddaf90690,req-1f66992b-67ac-4982-83f7-640f813b4249 only=none pendingCount=32 captureCount=169
[run105] 32 capture(s) refused as no_route_classification: no (role, task) classification, so they never enter the replay/eval queue and get no advisory
[run104-pending] captures=41 scoped=1 first=req-107da042-1ac7-4e09-8ed2-65690669a85b,req-5399e8d1-8301-4a14-aabd-dd6ddaf90690,req-1f66992b-67ac-4982-83f7-640f813b4249 only=none pendingCount=32 captureCount=169
[run101] recovery sweep: examined=1 candidates=1 recovered=0 - every candidate already has its evaluation
[run99] live advisory miss: stage=S4 channel=development scope=standalone-runtime-dev
[run115] eligibility candidates=4 eligible=4 codes=none request=req-5d365131-11cc-4310-8278-ceae03a4c8b6 alias=baseline.remote-only model=baseline.remote-only effort=high pass=live allow=[deepseek.personal.deepseek-api-key.global.deepseek-flash,deepseek.personal.deepseek-api-key.global.deepseek-flash-max,deepseek.personal.deepseek-api-key.global.deepseek-v4-pro,moonshot.personal.kimi-code.global.kimi-k3] denied=[]
[run99] live advisory miss: stage=S4 channel=development scope=standalone-runtime-dev
[run115] eligibility candidates=4 eligible=4 codes=none request=req-d14e4e3f-5b3f-4766-95ea-be4dc562e907 alias=baseline.remote-only model=baseline.remote-only effort=high pass=live allow=[deepseek.personal.deepseek-api-key.global.deepseek-flash,deepseek.personal.deepseek-api-key.global.deepseek-flash-max,deepseek.personal.deepseek-api-key.global.deepseek-v4-pro,moonshot.personal.kimi-code.global.kimi-k3] denied=[]
[run99] live advisory miss: stage=S4 channel=development scope=standalone-runtime-dev
[run115] eligibility candidates=4 eligible=4 codes=none request=req-ef30483c-ed97-439d-873c-5f2975d91396 alias=baseline.remote-only model=baseline.remote-only effort=high pass=live allow=[deepseek.personal.deepseek-api-key.global.deepseek-flash,deepseek.personal.deepseek-api-key.global.deepseek-flash-max,deepseek.personal.deepseek-api-key.global.deepseek-v4-pro,moonshot.personal.kimi-code.global.kimi-k3] denied=[]
[run105] 32 capture(s) refused as no_route_classification: no (role, task) classification, so they never enter the replay/eval queue and get no advisory
[run104-pending] captures=41 scoped=1 first=req-d14e4e3f-5b3f-4766-95ea-be4dc562e907,req-5d365131-11cc-4310-8278-ceae03a4c8b6,req-107da042-1ac7-4e09-8ed2-65690669a85b only=none pendingCount=32 captureCount=171
[run99] live advisory miss: stage=S4 channel=development scope=standalone-runtime-dev
[run115] eligibility candidates=4 eligible=4 codes=none request=req-07a42625-7833-488b-863b-fa4ccfd3419f alias=baseline.remote-only model=baseline.remote-only effort=high pass=live allow=[deepseek.personal.deepseek-api-key.global.deepseek-flash,deepseek.personal.deepseek-api-key.global.deepseek-flash-max,deepseek.personal.deepseek-api-key.global.deepseek-v4-pro,moonshot.personal.kimi-code.global.kimi-k3] denied=[]
[run105] 32 capture(s) refused as no_route_classification: no (role, task) classification, so they never enter the replay/eval queue and get no advisory
[run104-pending] captures=41 scoped=1 first=req-d14e4e3f-5b3f-4766-95ea-be4dc562e907,req-5d365131-11cc-4310-8278-ceae03a4c8b6,req-107da042-1ac7-4e09-8ed2-65690669a85b only=none pendingCount=32 captureCount=171
[run101] recovery sweep: examined=1 candidates=1 recovered=0 - every candidate already has its evaluation
[run105] 32 capture(s) refused as no_route_classification: no (role, task) classification, so they never enter the replay/eval queue and get no advisory
[run104-pending] captures=41 scoped=1 first=req-07a42625-7833-488b-863b-fa4ccfd3419f,req-d14e4e3f-5b3f-4766-95ea-be4dc562e907,req-5d365131-11cc-4310-8278-ceae03a4c8b6 only=none pendingCount=32 captureCount=172
[run105] 32 capture(s) refused as no_route_classification: no (role, task) classification, so they never enter the replay/eval queue and get no advisory
[run104-pending] captures=41 scoped=1 first=req-07a42625-7833-488b-863b-fa4ccfd3419f,req-d14e4e3f-5b3f-4766-95ea-be4dc562e907,req-5d365131-11cc-4310-8278-ceae03a4c8b6 only=none pendingCount=32 captureCount=172
[run99] live advisory miss: stage=S4 channel=development scope=standalone-runtime-dev
[run115] eligibility candidates=4 eligible=4 codes=none request=req-595f4283-df98-4ee0-a6a6-8847c928f17e alias=baseline.remote-only model=baseline.remote-only effort=high pass=live allow=[deepseek.personal.deepseek-api-key.global.deepseek-flash,deepseek.personal.deepseek-api-key.global.deepseek-flash-max,deepseek.personal.deepseek-api-key.global.deepseek-v4-pro,moonshot.personal.kimi-code.global.kimi-k3] denied=[]
[run105] 32 capture(s) refused as no_route_classification: no (role, task) classification, so they never enter the replay/eval queue and get no advisory
[run104-pending] captures=41 scoped=1 first=req-07a42625-7833-488b-863b-fa4ccfd3419f,req-d14e4e3f-5b3f-4766-95ea-be4dc562e907,req-5d365131-11cc-4310-8278-ceae03a4c8b6 only=none pendingCount=32 captureCount=172
[run101] recovery sweep: examined=1 candidates=1 recovered=0 - every candidate already has its evaluation
[run105] 32 capture(s) refused as no_route_classification: no (role, task) classification, so they never enter the replay/eval queue and get no advisory
[run104-pending] captures=41 scoped=1 first=req-07a42625-7833-488b-863b-fa4ccfd3419f,req-d14e4e3f-5b3f-4766-95ea-be4dc562e907,req-5d365131-11cc-4310-8278-ceae03a4c8b6 only=none pendingCount=32 captureCount=172
[run99] live advisory miss: stage=S4 channel=development scope=standalone-runtime-dev
[run115] eligibility candidates=4 eligible=4 codes=none request=req-3c833e1d-838f-4336-9011-67de9016b444 alias=baseline.remote-only model=baseline.remote-only effort=high pass=live allow=[deepseek.personal.deepseek-api-key.global.deepseek-flash,deepseek.personal.deepseek-api-key.global.deepseek-flash-max,deepseek.personal.deepseek-api-key.global.deepseek-v4-pro,moonshot.personal.kimi-code.global.kimi-k3] denied=[]
[run105] 32 capture(s) refused as no_route_classification: no (role, task) classification, so they never enter the replay/eval queue and get no advisory
[run104-pending] captures=41 scoped=1 first=req-07a42625-7833-488b-863b-fa4ccfd3419f,req-d14e4e3f-5b3f-4766-95ea-be4dc562e907,req-5d365131-11cc-4310-8278-ceae03a4c8b6 only=none pendingCount=32 captureCount=172
[run101] recovery sweep: examined=1 candidates=1 recovered=0 - every candidate already has its evaluation
[run99] live advisory miss: stage=S4 channel=development scope=standalone-runtime-dev
[run115] eligibility candidates=4 eligible=4 codes=none request=req-c74540f1-ede1-4fa5-97f3-3c1fa2d88482 alias=baseline.remote-only model=baseline.remote-only effort=high pass=live allow=[deepseek.personal.deepseek-api-key.global.deepseek-flash,deepseek.personal.deepseek-api-key.global.deepseek-flash-max,deepseek.personal.deepseek-api-key.global.deepseek-v4-pro,moonshot.personal.kimi-code.global.kimi-k3] denied=[]
[run105] 32 capture(s) refused as no_route_classification: no (role, task) classification, so they never enter the replay/eval queue and get no advisory
[run104-pending] captures=41 scoped=1 first=req-595f4283-df98-4ee0-a6a6-8847c928f17e,req-07a42625-7833-488b-863b-fa4ccfd3419f,req-d14e4e3f-5b3f-4766-95ea-be4dc562e907 only=none pendingCount=32 captureCount=173
[run99] live advisory miss: stage=S4 channel=development scope=standalone-runtime-dev
[run115] eligibility candidates=4 eligible=4 codes=none request=req-33ef457d-e7df-413c-b00f-4d72e85b826c alias=baseline.remote-only model=baseline.remote-only effort=high pass=live allow=[deepseek.personal.deepseek-api-key.global.deepseek-flash,deepseek.personal.deepseek-api-key.global.deepseek-flash-max,deepseek.personal.deepseek-api-key.global.deepseek-v4-pro,moonshot.personal.kimi-code.global.kimi-k3] denied=[]
[run99] live advisory miss: stage=S4 channel=development scope=standalone-runtime-dev
[run115] eligibility candidates=4 eligible=4 codes=none request=req-a4adeb1f-78cf-4310-a02d-bac20371b594 alias=baseline.remote-only model=baseline.remote-only effort=high pass=live allow=[deepseek.personal.deepseek-api-key.global.deepseek-flash,deepseek.personal.deepseek-api-key.global.deepseek-flash-max,deepseek.personal.deepseek-api-key.global.deepseek-v4-pro,moonshot.personal.kimi-code.global.kimi-k3] denied=[]
[run105] 32 capture(s) refused as no_route_classification: no (role, task) classification, so they never enter the replay/eval queue and get no advisory
[run104-pending] captures=41 scoped=1 first=req-c74540f1-ede1-4fa5-97f3-3c1fa2d88482,req-3c833e1d-838f-4336-9011-67de9016b444,req-595f4283-df98-4ee0-a6a6-8847c928f17e only=none pendingCount=32 captureCount=175
[run101] recovery sweep: examined=1 candidates=1 recovered=0 - every candidate already has its evaluation
[run105] 32 capture(s) refused as no_route_classification: no (role, task) classification, so they never enter the replay/eval queue and get no advisory
[run104-pending] captures=42 scoped=1 first=req-a4adeb1f-78cf-4310-a02d-bac20371b594,req-33ef457d-e7df-413c-b00f-4d72e85b826c,req-c74540f1-ede1-4fa5-97f3-3c1fa2d88482 only=none pendingCount=32 captureCount=177
[run105] 32 capture(s) refused as no_route_classification: no (role, task) classification, so they never enter the replay/eval queue and get no advisory
[run104-pending] captures=42 scoped=1 first=req-a4adeb1f-78cf-4310-a02d-bac20371b594,req-33ef457d-e7df-413c-b00f-4d72e85b826c,req-c74540f1-ede1-4fa5-97f3-3c1fa2d88482 only=none pendingCount=32 captureCount=177
[run101] recovery sweep: examined=1 candidates=1 recovered=0 - every candidate already has its evaluation
[run105] 32 capture(s) refused as no_route_classification: no (role, task) classification, so they never enter the replay/eval queue and get no advisory
[run104-pending] captures=42 scoped=1 first=req-a4adeb1f-78cf-4310-a02d-bac20371b594,req-33ef457d-e7df-413c-b00f-4d72e85b826c,req-c74540f1-ede1-4fa5-97f3-3c1fa2d88482 only=none pendingCount=32 captureCount=177
[track-b-sidecar] [run140] profile invoke capability=profile:current-estimate scope=standalone-runtime-dev sessionId=operator filePath=E:\tmp\run105-full2-verification-state\standalone-runtime-dev\track-b\extensions\workers\profile-learner\profile-e983a260667256b09d300ef178f609d323eef2ceb50df234f6aeb1066c279f63.json
[track-b-sidecar] [run140] profile invoke capability=profile:current-estimate scope=standalone-runtime-dev sessionId=operator filePath=E:\tmp\run105-full2-verification-state\standalone-runtime-dev\track-b\extensions\workers\profile-learner\profile-e983a260667256b09d300ef178f609d323eef2ceb50df234f6aeb1066c279f63.json
[track-b-sidecar] [run138] learning profile hop keys=schemaVersion|id|generationId|generationKey|generation|state|previousGenerationId|estimateDigest|effects|bias state=active
[track-b-sidecar] [run137] profile readback keys=schemaVersion|id|generationId|generationKey|generation|state|previousGenerationId|estimateDigest|effects|bias state=active
[run105] 32 capture(s) refused as no_route_classification: no (role, task) classification, so they never enter the replay/eval queue and get no advisory
[run104-pending] captures=42 scoped=1 first=req-a4adeb1f-78cf-4310-a02d-bac20371b594,req-33ef457d-e7df-413c-b00f-4d72e85b826c,req-c74540f1-ede1-4fa5-97f3-3c1fa2d88482 only=none pendingCount=32 captureCount=177
[run99] live advisory miss: stage=S4 channel=development scope=standalone-runtime-dev
[run115] eligibility candidates=4 eligible=1 codes=POLICY_DENY_ENDPOINT=3 request=bench-p17-tools-multi-hard-deepseek.personal.deepseek-api-key.global.deepseek-flash-max-turn1-77f193dc-59d1-43a8-b17a-ef062be30e75 alias=- model=- effort=- pass=live allow=[deepseek.personal.deepseek-api-key.global.deepseek-flash-max] denied=[deepseek.personal.deepseek-api-key.global.deepseek-flash,deepseek.personal.deepseek-api-key.global.deepseek-v4-pro,moonshot.personal.kimi-code.global.kimi-k3]
[run105] 32 capture(s) refused as no_route_classification: no (role, task) classification, so they never enter the replay/eval queue and get no advisory
[run104-pending] captures=42 scoped=1 first=req-a4adeb1f-78cf-4310-a02d-bac20371b594,req-33ef457d-e7df-413c-b00f-4d72e85b826c,req-c74540f1-ede1-4fa5-97f3-3c1fa2d88482 only=none pendingCount=32 captureCount=177
[run101] recovery sweep: examined=1 candidates=1 recovered=0 - every candidate already has its evaluation
[run99] live advisory miss: stage=S4 channel=development scope=standalone-runtime-dev
[run115] eligibility candidates=4 eligible=1 codes=POLICY_DENY_ENDPOINT=3 request=bench-p17-tools-multi-hard-deepseek.personal.deepseek-api-key.global.deepseek-flash-max-turn2-4adc65d6-7e0b-4a2f-8d89-fbb3b6a75611 alias=- model=- effort=- pass=live allow=[deepseek.personal.deepseek-api-key.global.deepseek-flash-max] denied=[deepseek.personal.deepseek-api-key.global.deepseek-flash,deepseek.personal.deepseek-api-key.global.deepseek-v4-pro,moonshot.personal.kimi-code.global.kimi-k3]
[run105] 32 capture(s) refused as no_route_classification: no (role, task) classification, so they never enter the replay/eval queue and get no advisory
[run104-pending] captures=42 scoped=1 first=req-a4adeb1f-78cf-4310-a02d-bac20371b594,req-33ef457d-e7df-413c-b00f-4d72e85b826c,req-c74540f1-ede1-4fa5-97f3-3c1fa2d88482 only=none pendingCount=32 captureCount=177
[run99] live advisory miss: stage=S4 channel=development scope=standalone-runtime-dev
[run115] eligibility candidates=4 eligible=1 codes=POLICY_DENY_ENDPOINT=3 request=bench-p17-tools-multi-hard-deepseek.personal.deepseek-api-key.global.deepseek-flash-max-turn3-e3e43f5d-95ce-42d1-94f7-f22e8f9edb53 alias=- model=- effort=- pass=live allow=[deepseek.personal.deepseek-api-key.global.deepseek-flash-max] denied=[deepseek.personal.deepseek-api-key.global.deepseek-flash,deepseek.personal.deepseek-api-key.global.deepseek-v4-pro,moonshot.personal.kimi-code.global.kimi-k3]
[run115] eligibility candidates=4 eligible=1 codes=POLICY_DENY_ENDPOINT=3 request=bench-x01-max-signal-deepseek.personal.deepseek-api-key.global.deepseek-flash-max-turn1-1550aaac-1f8f-4bf2-abf3-244f267c5545 alias=- model=- effort=- pass=live allow=[deepseek.personal.deepseek-api-key.global.deepseek-flash-max] denied=[deepseek.personal.deepseek-api-key.global.deepseek-flash,deepseek.personal.deepseek-api-key.global.deepseek-v4-pro,moonshot.personal.kimi-code.global.kimi-k3]
[run115] eligibility candidates=4 eligible=1 codes=POLICY_DENY_ENDPOINT=3 request=bench-x01-max-signal-deepseek.personal.deepseek-api-key.global.deepseek-flash-max-turn2-53399365-cb1e-4cd1-9349-a974c0632de7 alias=- model=- effort=- pass=live allow=[deepseek.personal.deepseek-api-key.global.deepseek-flash-max] denied=[deepseek.personal.deepseek-api-key.global.deepseek-flash,deepseek.personal.deepseek-api-key.global.deepseek-v4-pro,moonshot.personal.kimi-code.global.kimi-k3]
[run99] live advisory miss: stage=S4 channel=development scope=standalone-runtime-dev
[run115] eligibility candidates=4 eligible=1 codes=POLICY_DENY_ENDPOINT=3 request=bench-x01-max-signal-deepseek.personal.deepseek-api-key.global.deepseek-flash-max-turn3-70fcb822-6fd4-446b-9396-9b76632384a2 alias=- model=- effort=- pass=live allow=[deepseek.personal.deepseek-api-key.global.deepseek-flash-max] denied=[deepseek.personal.deepseek-api-key.global.deepseek-flash,deepseek.personal.deepseek-api-key.global.deepseek-v4-pro,moonshot.personal.kimi-code.global.kimi-k3]
[run99] live advisory miss: stage=S4 channel=development scope=standalone-runtime-dev
[run115] eligibility candidates=4 eligible=1 codes=POLICY_DENY_ENDPOINT=3 request=bench-h01-implement-two-sum-deepseek.personal.deepseek-api-key.global.deepseek-flash-max-turn1-2da8432f-290b-4edd-8a31-6d675cdaaa29 alias=- model=- effort=- pass=live allow=[deepseek.personal.deepseek-api-key.global.deepseek-flash-max] denied=[deepseek.personal.deepseek-api-key.global.deepseek-flash,deepseek.personal.deepseek-api-key.global.deepseek-v4-pro,moonshot.personal.kimi-code.global.kimi-k3]
[run99] live advisory miss: stage=S4 channel=development scope=standalone-runtime-dev
[run115] eligibility candidates=4 eligible=1 codes=POLICY_DENY_ENDPOINT=3 request=bench-h02-fix-async-counter-deepseek.personal.deepseek-api-key.global.deepseek-flash-max-turn1-813c7734-4e97-4ca3-8fc5-983b0fdfee77 alias=- model=- effort=- pass=live allow=[deepseek.personal.deepseek-api-key.global.deepseek-flash-max] denied=[deepseek.personal.deepseek-api-key.global.deepseek-flash,deepseek.personal.deepseek-api-key.global.deepseek-v4-pro,moonshot.personal.kimi-code.global.kimi-k3]
[run99] live advisory miss: stage=S4 channel=development scope=standalone-runtime-dev
[run115] eligibility candidates=4 eligible=1 codes=POLICY_DENY_ENDPOINT=3 request=bench-h04-tool-read-router-deepseek.personal.deepseek-api-key.global.deepseek-flash-max-turn1-379e6fc4-4ec3-44d0-850a-79aa0ec0060a alias=- model=- effort=- pass=live allow=[deepseek.personal.deepseek-api-key.global.deepseek-flash-max] denied=[deepseek.personal.deepseek-api-key.global.deepseek-flash,deepseek.personal.deepseek-api-key.global.deepseek-v4-pro,moonshot.personal.kimi-code.global.kimi-k3]
[run99] live advisory miss: stage=S4 channel=development scope=standalone-runtime-dev
[run115] eligibility candidates=4 eligible=1 codes=POLICY_DENY_ENDPOINT=3 request=bench-h04-tool-read-router-deepseek.personal.deepseek-api-key.global.deepseek-flash-max-turn2-94997ba9-4094-4f58-a031-e072664b571a alias=- model=- effort=- pass=live allow=[deepseek.personal.deepseek-api-key.global.deepseek-flash-max] denied=[deepseek.personal.deepseek-api-key.global.deepseek-flash,deepseek.personal.deepseek-api-key.global.deepseek-v4-pro,moonshot.personal.kimi-code.global.kimi-k3]
[run99] live advisory miss: stage=S4 channel=development scope=standalone-runtime-dev
[run115] eligibility candidates=4 eligible=1 codes=POLICY_DENY_ENDPOINT=3 request=bench-h05-tool-grep-eligibility-deepseek.personal.deepseek-api-key.global.deepseek-flash-max-turn1-9b9679f5-145c-4ce7-bf77-740a06a073dc alias=- model=- effort=- pass=live allow=[deepseek.personal.deepseek-api-key.global.deepseek-flash-max] denied=[deepseek.personal.deepseek-api-key.global.deepseek-flash,deepseek.personal.deepseek-api-key.global.deepseek-v4-pro,moonshot.personal.kimi-code.global.kimi-k3]
[run99] live advisory miss: stage=S4 channel=development scope=standalone-runtime-dev
[run115] eligibility candidates=4 eligible=1 codes=POLICY_DENY_ENDPOINT=3 request=bench-h05-tool-grep-eligibility-deepseek.personal.deepseek-api-key.global.deepseek-flash-max-turn2-e4faff7b-ef59-44b8-a224-4abc30c0aeeb alias=- model=- effort=- pass=live allow=[deepseek.personal.deepseek-api-key.global.deepseek-flash-max] denied=[deepseek.personal.deepseek-api-key.global.deepseek-flash,deepseek.personal.deepseek-api-key.global.deepseek-v4-pro,moonshot.personal.kimi-code.global.kimi-k3]
[run99] live advisory miss: stage=S4 channel=development scope=standalone-runtime-dev
[run115] eligibility candidates=4 eligible=1 codes=POLICY_DENY_ENDPOINT=3 request=bench-h05-tool-grep-eligibility-deepseek.personal.deepseek-api-key.global.deepseek-flash-max-turn3-0551f7e8-8752-4b24-9365-3e5d2054a7f4 alias=- model=- effort=- pass=live allow=[deepseek.personal.deepseek-api-key.global.deepseek-flash-max] denied=[deepseek.personal.deepseek-api-key.global.deepseek-flash,deepseek.personal.deepseek-api-key.global.deepseek-v4-pro,moonshot.personal.kimi-code.global.kimi-k3]
[run115] eligibility candidates=4 eligible=1 codes=POLICY_DENY_ENDPOINT=3 request=bench-h06-tool-apply-patch-deepseek.personal.deepseek-api-key.global.deepseek-flash-max-turn1-feb02807-eda3-46bd-96f5-ec808b78a0eb alias=- model=- effort=- pass=live allow=[deepseek.personal.deepseek-api-key.global.deepseek-flash-max] denied=[deepseek.personal.deepseek-api-key.global.deepseek-flash,deepseek.personal.deepseek-api-key.global.deepseek-v4-pro,moonshot.personal.kimi-code.global.kimi-k3]
[run115] eligibility candidates=4 eligible=1 codes=POLICY_DENY_ENDPOINT=3 request=bench-h06-tool-apply-patch-deepseek.personal.deepseek-api-key.global.deepseek-flash-max-turn2-40f5f008-f344-4260-8332-85e2631f14a9 alias=- model=- effort=- pass=live allow=[deepseek.personal.deepseek-api-key.global.deepseek-flash-max] denied=[deepseek.personal.deepseek-api-key.global.deepseek-flash,deepseek.personal.deepseek-api-key.global.deepseek-v4-pro,moonshot.personal.kimi-code.global.kimi-k3]
[run99] live advisory miss: stage=S4 channel=development scope=standalone-runtime-dev
[run115] eligibility candidates=4 eligible=1 codes=POLICY_DENY_ENDPOINT=3 request=bench-h07-multi-turn-sla-guard-deepseek.personal.deepseek-api-key.global.deepseek-flash-max-turn1-b81fee2f-d1f3-4497-971b-259c3d2d4cdf alias=- model=- effort=- pass=live allow=[deepseek.personal.deepseek-api-key.global.deepseek-flash-max] denied=[deepseek.personal.deepseek-api-key.global.deepseek-flash,deepseek.personal.deepseek-api-key.global.deepseek-v4-pro,moonshot.personal.kimi-code.global.kimi-k3]
[run105] 32 capture(s) refused as no_route_classification: no (role, task) classification, so they never enter the replay/eval queue and get no advisory
[run104-pending] captures=42 scoped=1 first=req-a4adeb1f-78cf-4310-a02d-bac20371b594,req-33ef457d-e7df-413c-b00f-4d72e85b826c,req-c74540f1-ede1-4fa5-97f3-3c1fa2d88482 only=none pendingCount=32 captureCount=177
[run101] recovery sweep: examined=1 candidates=1 recovered=0 - every candidate already has its evaluation
[run99] live advisory miss: stage=S4 channel=development scope=standalone-runtime-dev
[run115] eligibility candidates=4 eligible=1 codes=POLICY_DENY_ENDPOINT=3 request=bench-h08-multi-turn-tool-refine-deepseek.personal.deepseek-api-key.global.deepseek-flash-max-turn1-20d9d578-131e-481b-a71d-a1446c958183 alias=- model=- effort=- pass=live allow=[deepseek.personal.deepseek-api-key.global.deepseek-flash-max] denied=[deepseek.personal.deepseek-api-key.global.deepseek-flash,deepseek.personal.deepseek-api-key.global.deepseek-v4-pro,moonshot.personal.kimi-code.global.kimi-k3]
[run99] live advisory miss: stage=S4 channel=development scope=standalone-runtime-dev
[run115] eligibility candidates=4 eligible=1 codes=POLICY_DENY_ENDPOINT=3 request=bench-h08-multi-turn-tool-refine-deepseek.personal.deepseek-api-key.global.deepseek-flash-max-turn2-f2fe29aa-9e08-468b-88de-dc554d8953cc alias=- model=- effort=- pass=live allow=[deepseek.personal.deepseek-api-key.global.deepseek-flash-max] denied=[deepseek.personal.deepseek-api-key.global.deepseek-flash,deepseek.personal.deepseek-api-key.global.deepseek-v4-pro,moonshot.personal.kimi-code.global.kimi-k3]
[run99] live advisory miss: stage=S4 channel=development scope=standalone-runtime-dev
[run115] eligibility candidates=4 eligible=1 codes=POLICY_DENY_ENDPOINT=3 request=bench-h09-agent-metrics-chain-deepseek.personal.deepseek-api-key.global.deepseek-flash-max-turn1-7cabe062-cb2b-405e-9090-8c6d0a9a6af0 alias=- model=- effort=- pass=live allow=[deepseek.personal.deepseek-api-key.global.deepseek-flash-max] denied=[deepseek.personal.deepseek-api-key.global.deepseek-flash,deepseek.personal.deepseek-api-key.global.deepseek-v4-pro,moonshot.personal.kimi-code.global.kimi-k3]
[run99] live advisory miss: stage=S4 channel=development scope=standalone-runtime-dev
[run115] eligibility candidates=4 eligible=1 codes=POLICY_DENY_ENDPOINT=3 request=bench-h09-agent-metrics-chain-deepseek.personal.deepseek-api-key.global.deepseek-flash-max-turn2-98cab7cb-b8b5-41c6-909c-c0bcacfa1f97 alias=- model=- effort=- pass=live allow=[deepseek.personal.deepseek-api-key.global.deepseek-flash-max] denied=[deepseek.personal.deepseek-api-key.global.deepseek-flash,deepseek.personal.deepseek-api-key.global.deepseek-v4-pro,moonshot.personal.kimi-code.global.kimi-k3]
[run105] 32 capture(s) refused as no_route_classification: no (role, task) classification, so they never enter the replay/eval queue and get no advisory
[run104-pending] captures=42 scoped=1 first=req-a4adeb1f-78cf-4310-a02d-bac20371b594,req-33ef457d-e7df-413c-b00f-4d72e85b826c,req-c74540f1-ede1-4fa5-97f3-3c1fa2d88482 only=none pendingCount=32 captureCount=177
[run99] live advisory miss: stage=S4 channel=development scope=standalone-runtime-dev
[run115] eligibility candidates=4 eligible=4 codes=none request=req-9ff25167-ba1b-4d7d-853e-34caaa891327 alias=baseline.remote-only model=baseline.remote-only effort=high pass=live allow=[deepseek.personal.deepseek-api-key.global.deepseek-flash,deepseek.personal.deepseek-api-key.global.deepseek-flash-max,deepseek.personal.deepseek-api-key.global.deepseek-v4-pro,moonshot.personal.kimi-code.global.kimi-k3] denied=[]
[run99] live advisory miss: stage=S4 channel=development scope=standalone-runtime-dev
[run115] eligibility candidates=4 eligible=4 codes=none request=req-9f7a9000-0abd-41c0-8e36-301db2b2aee7 alias=baseline.remote-only model=baseline.remote-only effort=high pass=live allow=[deepseek.personal.deepseek-api-key.global.deepseek-flash,deepseek.personal.deepseek-api-key.global.deepseek-flash-max,deepseek.personal.deepseek-api-key.global.deepseek-v4-pro,moonshot.personal.kimi-code.global.kimi-k3] denied=[]
[run99] live advisory miss: stage=S4 channel=development scope=standalone-runtime-dev
[run115] eligibility candidates=4 eligible=1 codes=POLICY_DENY_ENDPOINT=3 request=bench-h09-agent-metrics-chain-deepseek.personal.deepseek-api-key.global.deepseek-flash-max-turn3-afdd8da9-a0b7-47dd-a30e-237fbef1f4e0 alias=- model=- effort=- pass=live allow=[deepseek.personal.deepseek-api-key.global.deepseek-flash-max] denied=[deepseek.personal.deepseek-api-key.global.deepseek-flash,deepseek.personal.deepseek-api-key.global.deepseek-v4-pro,moonshot.personal.kimi-code.global.kimi-k3]
[run99] live advisory miss: stage=S4 channel=development scope=standalone-runtime-dev
[run115] eligibility candidates=4 eligible=1 codes=POLICY_DENY_ENDPOINT=3 request=bench-h09-agent-metrics-chain-deepseek.personal.deepseek-api-key.global.deepseek-flash-max-turn4-14d55509-1e86-46de-b070-23f7461df9f2 alias=- model=- effort=- pass=live allow=[deepseek.personal.deepseek-api-key.global.deepseek-flash-max] denied=[deepseek.personal.deepseek-api-key.global.deepseek-flash,deepseek.personal.deepseek-api-key.global.deepseek-v4-pro,moonshot.personal.kimi-code.global.kimi-k3]
[run99] live advisory miss: stage=S4 channel=development scope=standalone-runtime-dev
[run115] eligibility candidates=4 eligible=4 codes=none request=req-edba0651-4e3f-491e-90d6-d5092f05d083 alias=baseline.remote-only model=baseline.remote-only effort=high pass=live allow=[deepseek.personal.deepseek-api-key.global.deepseek-flash,deepseek.personal.deepseek-api-key.global.deepseek-flash-max,deepseek.personal.deepseek-api-key.global.deepseek-v4-pro,moonshot.personal.kimi-code.global.kimi-k3] denied=[]
[run115] eligibility candidates=4 eligible=1 codes=POLICY_DENY_ENDPOINT=3 request=bench-h10-agent-read-grep-patch-deepseek.personal.deepseek-api-key.global.deepseek-flash-max-turn1-823f43ec-d928-49b5-b016-ea5110b2ab66 alias=- model=- effort=- pass=live allow=[deepseek.personal.deepseek-api-key.global.deepseek-flash-max] denied=[deepseek.personal.deepseek-api-key.global.deepseek-flash,deepseek.personal.deepseek-api-key.global.deepseek-v4-pro,moonshot.personal.kimi-code.global.kimi-k3]
[run115] eligibility candidates=4 eligible=1 codes=POLICY_DENY_ENDPOINT=3 request=bench-h10-agent-read-grep-patch-deepseek.personal.deepseek-api-key.global.deepseek-flash-max-turn2-0bd44d6d-2f81-4dd0-a817-868e2e24c8d9 alias=- model=- effort=- pass=live allow=[deepseek.personal.deepseek-api-key.global.deepseek-flash-max] denied=[deepseek.personal.deepseek-api-key.global.deepseek-flash,deepseek.personal.deepseek-api-key.global.deepseek-v4-pro,moonshot.personal.kimi-code.global.kimi-k3]
[run105] 32 capture(s) refused as no_route_classification: no (role, task) classification, so they never enter the replay/eval queue and get no advisory
[run104-pending] captures=42 scoped=1 first=req-a4adeb1f-78cf-4310-a02d-bac20371b594,req-33ef457d-e7df-413c-b00f-4d72e85b826c,req-c74540f1-ede1-4fa5-97f3-3c1fa2d88482 only=none pendingCount=32 captureCount=177
[run115] eligibility candidates=4 eligible=1 codes=POLICY_DENY_ENDPOINT=3 request=bench-h10-agent-read-grep-patch-deepseek.personal.deepseek-api-key.global.deepseek-flash-max-turn3-a796edde-6597-4026-aff3-f1ed37b33795 alias=- model=- effort=- pass=live allow=[deepseek.personal.deepseek-api-key.global.deepseek-flash-max] denied=[deepseek.personal.deepseek-api-key.global.deepseek-flash,deepseek.personal.deepseek-api-key.global.deepseek-v4-pro,moonshot.personal.kimi-code.global.kimi-k3]
[run115] eligibility candidates=4 eligible=4 codes=none request=req-2e87c1f9-3a99-4018-8374-020025c53fad alias=baseline.remote-only model=baseline.remote-only effort=high pass=live allow=[deepseek.personal.deepseek-api-key.global.deepseek-flash,deepseek.personal.deepseek-api-key.global.deepseek-flash-max,deepseek.personal.deepseek-api-key.global.deepseek-v4-pro,moonshot.personal.kimi-code.global.kimi-k3] denied=[]
[run115] eligibility candidates=4 eligible=1 codes=POLICY_DENY_ENDPOINT=3 request=bench-h15-max-signal-v3-deepseek.personal.deepseek-api-key.global.deepseek-flash-max-turn1-b597bc04-c245-44cc-b982-ae43313dfa2b alias=- model=- effort=- pass=live allow=[deepseek.personal.deepseek-api-key.global.deepseek-flash-max] denied=[deepseek.personal.deepseek-api-key.global.deepseek-flash,deepseek.personal.deepseek-api-key.global.deepseek-v4-pro,moonshot.personal.kimi-code.global.kimi-k3]
[run99] live advisory miss: stage=S4 channel=development scope=standalone-runtime-dev
[run115] eligibility candidates=4 eligible=4 codes=none request=req-59423fe5-8a0c-49cd-89c8-0cf97314be1a alias=baseline.remote-only model=baseline.remote-only effort=high pass=live allow=[deepseek.personal.deepseek-api-key.global.deepseek-flash,deepseek.personal.deepseek-api-key.global.deepseek-flash-max,deepseek.personal.deepseek-api-key.global.deepseek-v4-pro,moonshot.personal.kimi-code.global.kimi-k3] denied=[]
[run105] 32 capture(s) refused as no_route_classification: no (role, task) classification, so they never enter the replay/eval queue and get no advisory
[run104-pending] captures=43 scoped=1 first=req-edba0651-4e3f-491e-90d6-d5092f05d083,req-9f7a9000-0abd-41c0-8e36-301db2b2aee7,req-9ff25167-ba1b-4d7d-853e-34caaa891327 only=none pendingCount=32 captureCount=180
[run101] recovery sweep: examined=1 candidates=1 recovered=0 - every candidate already has its evaluation
[run99] live advisory miss: stage=S4 channel=development scope=standalone-runtime-dev
[run115] eligibility candidates=4 eligible=4 codes=none request=req-5247869b-3006-42c7-ba7b-aa43fea8cc5a alias=baseline.remote-only model=baseline.remote-only effort=high pass=live allow=[deepseek.personal.deepseek-api-key.global.deepseek-flash,deepseek.personal.deepseek-api-key.global.deepseek-flash-max,deepseek.personal.deepseek-api-key.global.deepseek-v4-pro,moonshot.personal.kimi-code.global.kimi-k3] denied=[]
[track-b-sidecar] [run140] profile invoke capability=profile:current-estimate scope=standalone-runtime-dev sessionId=operator filePath=E:\tmp\run105-full2-verification-state\standalone-runtime-dev\track-b\extensions\workers\profile-learner\profile-e983a260667256b09d300ef178f609d323eef2ceb50df234f6aeb1066c279f63.json
[track-b-sidecar] [run140] profile invoke capability=profile:current-estimate scope=standalone-runtime-dev sessionId=operator filePath=E:\tmp\run105-full2-verification-state\standalone-runtime-dev\track-b\extensions\workers\profile-learner\profile-e983a260667256b09d300ef178f609d323eef2ceb50df234f6aeb1066c279f63.json
[track-b-sidecar] [run138] learning profile hop keys=schemaVersion|id|generationId|generationKey|generation|state|previousGenerationId|estimateDigest|effects|bias state=active
[track-b-sidecar] [run137] profile readback keys=schemaVersion|id|generationId|generationKey|generation|state|previousGenerationId|estimateDigest|effects|bias state=active
[run115] eligibility candidates=4 eligible=1 codes=POLICY_DENY_ENDPOINT=3 request=bench-h15-max-signal-v3-deepseek.personal.deepseek-api-key.global.deepseek-flash-max-turn2-2c10ff89-4a5f-4252-99fb-46849edf69e0 alias=- model=- effort=- pass=live allow=[deepseek.personal.deepseek-api-key.global.deepseek-flash-max] denied=[deepseek.personal.deepseek-api-key.global.deepseek-flash,deepseek.personal.deepseek-api-key.global.deepseek-v4-pro,moonshot.personal.kimi-code.global.kimi-k3]
[run99] live advisory miss: stage=S4 channel=development scope=standalone-runtime-dev
[run115] eligibility candidates=4 eligible=1 codes=POLICY_DENY_ENDPOINT=3 request=bench-h15-max-signal-v3-deepseek.personal.deepseek-api-key.global.deepseek-flash-max-turn3-8a3a9dfe-66d7-4ebd-bd97-107105340fc6 alias=- model=- effort=- pass=live allow=[deepseek.personal.deepseek-api-key.global.deepseek-flash-max] denied=[deepseek.personal.deepseek-api-key.global.deepseek-flash,deepseek.personal.deepseek-api-key.global.deepseek-v4-pro,moonshot.personal.kimi-code.global.kimi-k3]
[run99] live advisory miss: stage=S4 channel=development scope=standalone-runtime-dev
[run115] eligibility candidates=4 eligible=1 codes=POLICY_DENY_ENDPOINT=3 request=bench-p17-tools-multi-hard-deepseek.personal.deepseek-api-key.global.deepseek-v4-pro-turn1-27e08e71-d1e0-4049-86fc-0d52fbb8d46c alias=- model=- effort=- pass=live allow=[deepseek.personal.deepseek-api-key.global.deepseek-v4-pro] denied=[deepseek.personal.deepseek-api-key.global.deepseek-flash,deepseek.personal.deepseek-api-key.global.deepseek-flash-max,moonshot.personal.kimi-code.global.kimi-k3]
[run99] live advisory miss: stage=S4 channel=development scope=standalone-runtime-dev
[run115] eligibility candidates=4 eligible=1 codes=POLICY_DENY_ENDPOINT=3 request=bench-p17-tools-multi-hard-deepseek.personal.deepseek-api-key.global.deepseek-v4-pro-turn2-b1ed7385-1f73-4fe2-a567-9a3edafeadba alias=- model=- effort=- pass=live allow=[deepseek.personal.deepseek-api-key.global.deepseek-v4-pro] denied=[deepseek.personal.deepseek-api-key.global.deepseek-flash,deepseek.personal.deepseek-api-key.global.deepseek-flash-max,moonshot.personal.kimi-code.global.kimi-k3]
[run105] 32 capture(s) refused as no_route_classification: no (role, task) classification, so they never enter the replay/eval queue and get no advisory
[run104-pending] captures=42 scoped=1 first=req-5247869b-3006-42c7-ba7b-aa43fea8cc5a,req-59423fe5-8a0c-49cd-89c8-0cf97314be1a,req-2e87c1f9-3a99-4018-8374-020025c53fad only=none pendingCount=32 captureCount=183
[run99] live advisory miss: stage=S4 channel=development scope=standalone-runtime-dev
[run115] eligibility candidates=4 eligible=4 codes=none request=req-e9e69483-fae8-4d8a-820d-fed94214a276 alias=baseline.remote-only model=baseline.remote-only effort=high pass=live allow=[deepseek.personal.deepseek-api-key.global.deepseek-flash,deepseek.personal.deepseek-api-key.global.deepseek-flash-max,deepseek.personal.deepseek-api-key.global.deepseek-v4-pro,moonshot.personal.kimi-code.global.kimi-k3] denied=[]
[run99] live advisory miss: stage=S4 channel=development scope=standalone-runtime-dev
[run115] eligibility candidates=4 eligible=1 codes=POLICY_DENY_ENDPOINT=3 request=bench-p17-tools-multi-hard-deepseek.personal.deepseek-api-key.global.deepseek-v4-pro-turn3-ff45a166-32a4-433d-8b43-03cf0aace52b alias=- model=- effort=- pass=live allow=[deepseek.personal.deepseek-api-key.global.deepseek-v4-pro] denied=[deepseek.personal.deepseek-api-key.global.deepseek-flash,deepseek.personal.deepseek-api-key.global.deepseek-flash-max,moonshot.personal.kimi-code.global.kimi-k3]
[run115] eligibility candidates=4 eligible=1 codes=POLICY_DENY_ENDPOINT=3 request=bench-x01-max-signal-deepseek.personal.deepseek-api-key.global.deepseek-v4-pro-turn1-defa20ca-7b5d-48d1-b467-69d726ddf137 alias=- model=- effort=- pass=live allow=[deepseek.personal.deepseek-api-key.global.deepseek-v4-pro] denied=[deepseek.personal.deepseek-api-key.global.deepseek-flash,deepseek.personal.deepseek-api-key.global.deepseek-flash-max,moonshot.personal.kimi-code.global.kimi-k3]
[run115] eligibility candidates=4 eligible=1 codes=POLICY_DENY_ENDPOINT=3 request=bench-x01-max-signal-deepseek.personal.deepseek-api-key.global.deepseek-v4-pro-turn2-e641afa2-ee21-4faa-a061-12a87e1668e6 alias=- model=- effort=- pass=live allow=[deepseek.personal.deepseek-api-key.global.deepseek-v4-pro] denied=[deepseek.personal.deepseek-api-key.global.deepseek-flash,deepseek.personal.deepseek-api-key.global.deepseek-flash-max,moonshot.personal.kimi-code.global.kimi-k3]
[run99] live advisory miss: stage=S4 channel=development scope=standalone-runtime-dev
[run115] eligibility candidates=4 eligible=4 codes=none request=req-22037ae9-2dd7-4c7f-9373-a5876e85c02c alias=baseline.remote-only model=baseline.remote-only effort=high pass=live allow=[deepseek.personal.deepseek-api-key.global.deepseek-flash,deepseek.personal.deepseek-api-key.global.deepseek-flash-max,deepseek.personal.deepseek-api-key.global.deepseek-v4-pro,moonshot.personal.kimi-code.global.kimi-k3] denied=[]
[run99] live advisory miss: stage=S4 channel=development scope=standalone-runtime-dev
[run115] eligibility candidates=4 eligible=1 codes=POLICY_DENY_ENDPOINT=3 request=bench-x01-max-signal-deepseek.personal.deepseek-api-key.global.deepseek-v4-pro-turn3-8ba782f6-d0f6-48fd-bcf5-4d03596eb6d0 alias=- model=- effort=- pass=live allow=[deepseek.personal.deepseek-api-key.global.deepseek-v4-pro] denied=[deepseek.personal.deepseek-api-key.global.deepseek-flash,deepseek.personal.deepseek-api-key.global.deepseek-flash-max,moonshot.personal.kimi-code.global.kimi-k3]
[run99] live advisory miss: stage=S4 channel=development scope=standalone-runtime-dev
[run115] eligibility candidates=4 eligible=1 codes=POLICY_DENY_ENDPOINT=3 request=bench-h01-implement-two-sum-deepseek.personal.deepseek-api-key.global.deepseek-v4-pro-turn1-5b1c4d54-d68f-4629-bfb5-991e0ab9c6a3 alias=- model=- effort=- pass=live allow=[deepseek.personal.deepseek-api-key.global.deepseek-v4-pro] denied=[deepseek.personal.deepseek-api-key.global.deepseek-flash,deepseek.personal.deepseek-api-key.global.deepseek-flash-max,moonshot.personal.kimi-code.global.kimi-k3]
[run115] eligibility candidates=4 eligible=4 codes=none request=req-4fefd86d-231a-4f86-b905-c78a5dd51f50 alias=baseline.remote-only model=baseline.remote-only effort=high pass=live allow=[deepseek.personal.deepseek-api-key.global.deepseek-flash,deepseek.personal.deepseek-api-key.global.deepseek-flash-max,deepseek.personal.deepseek-api-key.global.deepseek-v4-pro,moonshot.personal.kimi-code.global.kimi-k3] denied=[]
[run99] live advisory miss: stage=S4 channel=development scope=standalone-runtime-dev
[run115] eligibility candidates=4 eligible=1 codes=POLICY_DENY_ENDPOINT=3 request=bench-h02-fix-async-counter-deepseek.personal.deepseek-api-key.global.deepseek-v4-pro-turn1-ba27095a-fb67-40a7-a2ed-19c2fc5372a3 alias=- model=- effort=- pass=live allow=[deepseek.personal.deepseek-api-key.global.deepseek-v4-pro] denied=[deepseek.personal.deepseek-api-key.global.deepseek-flash,deepseek.personal.deepseek-api-key.global.deepseek-flash-max,moonshot.personal.kimi-code.global.kimi-k3]
[run105] 32 capture(s) refused as no_route_classification: no (role, task) classification, so they never enter the replay/eval queue and get no advisory
[run104-pending] captures=43 scoped=1 first=req-e9e69483-fae8-4d8a-820d-fed94214a276,req-5247869b-3006-42c7-ba7b-aa43fea8cc5a,req-59423fe5-8a0c-49cd-89c8-0cf97314be1a only=none pendingCount=32 captureCount=184
[run99] live advisory miss: stage=S4 channel=development scope=standalone-runtime-dev
[run115] eligibility candidates=4 eligible=4 codes=none request=req-0c457ccd-d0d6-4bec-988b-d798d25c36bf alias=baseline.remote-only model=baseline.remote-only effort=high pass=live allow=[deepseek.personal.deepseek-api-key.global.deepseek-flash,deepseek.personal.deepseek-api-key.global.deepseek-flash-max,deepseek.personal.deepseek-api-key.global.deepseek-v4-pro,moonshot.personal.kimi-code.global.kimi-k3] denied=[]
[run99] live advisory miss: stage=S4 channel=development scope=standalone-runtime-dev
[run115] eligibility candidates=4 eligible=4 codes=none request=req-32aa5e6b-b690-4e04-bfa1-fbc2b78e2bfe alias=baseline.remote-only model=baseline.remote-only effort=high pass=live allow=[deepseek.personal.deepseek-api-key.global.deepseek-flash,deepseek.personal.deepseek-api-key.global.deepseek-flash-max,deepseek.personal.deepseek-api-key.global.deepseek-v4-pro,moonshot.personal.kimi-code.global.kimi-k3] denied=[]
[run115] eligibility candidates=4 eligible=4 codes=none request=req-338d6539-31db-4122-8586-82223a30846c alias=baseline.remote-only model=baseline.remote-only effort=high pass=live allow=[deepseek.personal.deepseek-api-key.global.deepseek-flash,deepseek.personal.deepseek-api-key.global.deepseek-flash-max,deepseek.personal.deepseek-api-key.global.deepseek-v4-pro,moonshot.personal.kimi-code.global.kimi-k3] denied=[]
[run105] 32 capture(s) refused as no_route_classification: no (role, task) classification, so they never enter the replay/eval queue and get no advisory
[run104-pending] captures=43 scoped=1 first=req-4fefd86d-231a-4f86-b905-c78a5dd51f50,req-22037ae9-2dd7-4c7f-9373-a5876e85c02c,req-e9e69483-fae8-4d8a-820d-fed94214a276 only=none pendingCount=32 captureCount=186
[run99] live advisory miss: stage=S4 channel=development scope=standalone-runtime-dev
[run115] eligibility candidates=4 eligible=1 codes=POLICY_DENY_ENDPOINT=3 request=bench-h04-tool-read-router-deepseek.personal.deepseek-api-key.global.deepseek-v4-pro-turn1-b5c90d7a-53e5-497f-a560-7b62face2a85 alias=- model=- effort=- pass=live allow=[deepseek.personal.deepseek-api-key.global.deepseek-v4-pro] denied=[deepseek.personal.deepseek-api-key.global.deepseek-flash,deepseek.personal.deepseek-api-key.global.deepseek-flash-max,moonshot.personal.kimi-code.global.kimi-k3]
[run115] eligibility candidates=4 eligible=1 codes=POLICY_DENY_ENDPOINT=3 request=bench-h04-tool-read-router-deepseek.personal.deepseek-api-key.global.deepseek-v4-pro-turn2-aa22738d-12f8-4cc7-9ab0-ebf3524f3627 alias=- model=- effort=- pass=live allow=[deepseek.personal.deepseek-api-key.global.deepseek-v4-pro] denied=[deepseek.personal.deepseek-api-key.global.deepseek-flash,deepseek.personal.deepseek-api-key.global.deepseek-flash-max,moonshot.personal.kimi-code.global.kimi-k3]
[run99] live advisory miss: stage=S4 channel=development scope=standalone-runtime-dev
[run115] eligibility candidates=4 eligible=1 codes=POLICY_DENY_ENDPOINT=3 request=bench-h05-tool-grep-eligibility-deepseek.personal.deepseek-api-key.global.deepseek-v4-pro-turn1-c984b8b6-1281-4893-884c-ebed3f684063 alias=- model=- effort=- pass=live allow=[deepseek.personal.deepseek-api-key.global.deepseek-v4-pro] denied=[deepseek.personal.deepseek-api-key.global.deepseek-flash,deepseek.personal.deepseek-api-key.global.deepseek-flash-max,moonshot.personal.kimi-code.global.kimi-k3]
[run99] live advisory miss: stage=S4 channel=development scope=standalone-runtime-dev
[run115] eligibility candidates=4 eligible=1 codes=POLICY_DENY_ENDPOINT=3 request=bench-h05-tool-grep-eligibility-deepseek.personal.deepseek-api-key.global.deepseek-v4-pro-turn2-e072eace-75aa-4d50-b109-4481c18e88c4 alias=- model=- effort=- pass=live allow=[deepseek.personal.deepseek-api-key.global.deepseek-v4-pro] denied=[deepseek.personal.deepseek-api-key.global.deepseek-flash,deepseek.personal.deepseek-api-key.global.deepseek-flash-max,moonshot.personal.kimi-code.global.kimi-k3]
[run115] eligibility candidates=4 eligible=1 codes=POLICY_DENY_ENDPOINT=3 request=bench-h06-tool-apply-patch-deepseek.personal.deepseek-api-key.global.deepseek-v4-pro-turn1-fd2335f0-1cf9-49c3-9c9f-39ce459b8576 alias=- model=- effort=- pass=live allow=[deepseek.personal.deepseek-api-key.global.deepseek-v4-pro] denied=[deepseek.personal.deepseek-api-key.global.deepseek-flash,deepseek.personal.deepseek-api-key.global.deepseek-flash-max,moonshot.personal.kimi-code.global.kimi-k3]
[run99] live advisory miss: stage=S4 channel=development scope=standalone-runtime-dev
[run115] eligibility candidates=4 eligible=1 codes=POLICY_DENY_ENDPOINT=3 request=bench-h06-tool-apply-patch-deepseek.personal.deepseek-api-key.global.deepseek-v4-pro-turn2-d07616c5-ea9b-45f8-b79a-99446d9b824a alias=- model=- effort=- pass=live allow=[deepseek.personal.deepseek-api-key.global.deepseek-v4-pro] denied=[deepseek.personal.deepseek-api-key.global.deepseek-flash,deepseek.personal.deepseek-api-key.global.deepseek-flash-max,moonshot.personal.kimi-code.global.kimi-k3]
[run105] 32 capture(s) refused as no_route_classification: no (role, task) classification, so they never enter the replay/eval queue and get no advisory
[run104-pending] captures=43 scoped=1 first=req-338d6539-31db-4122-8586-82223a30846c,req-32aa5e6b-b690-4e04-bfa1-fbc2b78e2bfe,req-0c457ccd-d0d6-4bec-988b-d798d25c36bf only=none pendingCount=32 captureCount=189
[run101] recovery sweep: examined=1 candidates=1 recovered=0 - every candidate already has its evaluation
[run99] live advisory miss: stage=S4 channel=development scope=standalone-runtime-dev
[run115] eligibility candidates=4 eligible=1 codes=POLICY_DENY_ENDPOINT=3 request=bench-h07-multi-turn-sla-guard-deepseek.personal.deepseek-api-key.global.deepseek-v4-pro-turn1-ca82a1c2-0c15-4553-a509-bbb120f483a4 alias=- model=- effort=- pass=live allow=[deepseek.personal.deepseek-api-key.global.deepseek-v4-pro] denied=[deepseek.personal.deepseek-api-key.global.deepseek-flash,deepseek.personal.deepseek-api-key.global.deepseek-flash-max,moonshot.personal.kimi-code.global.kimi-k3]
[track-b-sidecar] [run140] profile invoke capability=profile:current-estimate scope=standalone-runtime-dev sessionId=operator filePath=E:\tmp\run105-full2-verification-state\standalone-runtime-dev\track-b\extensions\workers\profile-learner\profile-e983a260667256b09d300ef178f609d323eef2ceb50df234f6aeb1066c279f63.json
[track-b-sidecar] [run140] profile invoke capability=profile:current-estimate scope=standalone-runtime-dev sessionId=operator filePath=E:\tmp\run105-full2-verification-state\standalone-runtime-dev\track-b\extensions\workers\profile-learner\profile-e983a260667256b09d300ef178f609d323eef2ceb50df234f6aeb1066c279f63.json
[track-b-sidecar] [run138] learning profile hop keys=schemaVersion|id|generationId|generationKey|generation|state|previousGenerationId|estimateDigest|effects|bias state=active
[track-b-sidecar] [run137] profile readback keys=schemaVersion|id|generationId|generationKey|generation|state|previousGenerationId|estimateDigest|effects|bias state=active
[run99] live advisory miss: stage=S4 channel=development scope=standalone-runtime-dev
[run115] eligibility candidates=4 eligible=1 codes=POLICY_DENY_ENDPOINT=3 request=bench-h08-multi-turn-tool-refine-deepseek.personal.deepseek-api-key.global.deepseek-v4-pro-turn1-8a7f0142-5252-4184-9495-637532976918 alias=- model=- effort=- pass=live allow=[deepseek.personal.deepseek-api-key.global.deepseek-v4-pro] denied=[deepseek.personal.deepseek-api-key.global.deepseek-flash,deepseek.personal.deepseek-api-key.global.deepseek-flash-max,moonshot.personal.kimi-code.global.kimi-k3]
[run99] live advisory miss: stage=S4 channel=development scope=standalone-runtime-dev
[run115] eligibility candidates=4 eligible=1 codes=POLICY_DENY_ENDPOINT=3 request=bench-h08-multi-turn-tool-refine-deepseek.personal.deepseek-api-key.global.deepseek-v4-pro-turn2-71d7f3af-13a4-4d31-b77f-eefcee68fea1 alias=- model=- effort=- pass=live allow=[deepseek.personal.deepseek-api-key.global.deepseek-v4-pro] denied=[deepseek.personal.deepseek-api-key.global.deepseek-flash,deepseek.personal.deepseek-api-key.global.deepseek-flash-max,moonshot.personal.kimi-code.global.kimi-k3]
[run99] live advisory miss: stage=S4 channel=development scope=standalone-runtime-dev
[run115] eligibility candidates=4 eligible=1 codes=POLICY_DENY_ENDPOINT=3 request=bench-h09-agent-metrics-chain-deepseek.personal.deepseek-api-key.global.deepseek-v4-pro-turn1-a77b6730-0508-4da3-b9f1-6d7cca090960 alias=- model=- effort=- pass=live allow=[deepseek.personal.deepseek-api-key.global.deepseek-v4-pro] denied=[deepseek.personal.deepseek-api-key.global.deepseek-flash,deepseek.personal.deepseek-api-key.global.deepseek-flash-max,moonshot.personal.kimi-code.global.kimi-k3]
[run105] 32 capture(s) refused as no_route_classification: no (role, task) classification, so they never enter the replay/eval queue and get no advisory
[run104-pending] captures=43 scoped=1 first=req-338d6539-31db-4122-8586-82223a30846c,req-32aa5e6b-b690-4e04-bfa1-fbc2b78e2bfe,req-0c457ccd-d0d6-4bec-988b-d798d25c36bf only=none pendingCount=32 captureCount=189
[run99] live advisory miss: stage=S4 channel=development scope=standalone-runtime-dev
[run115] eligibility candidates=4 eligible=1 codes=POLICY_DENY_ENDPOINT=3 request=bench-h09-agent-metrics-chain-deepseek.personal.deepseek-api-key.global.deepseek-v4-pro-turn2-c500ea8c-98f8-43e8-a31c-b691bf3879a4 alias=- model=- effort=- pass=live allow=[deepseek.personal.deepseek-api-key.global.deepseek-v4-pro] denied=[deepseek.personal.deepseek-api-key.global.deepseek-flash,deepseek.personal.deepseek-api-key.global.deepseek-flash-max,moonshot.personal.kimi-code.global.kimi-k3]
[run99] live advisory miss: stage=S4 channel=development scope=standalone-runtime-dev
[run115] eligibility candidates=4 eligible=1 codes=POLICY_DENY_ENDPOINT=3 request=bench-h09-agent-metrics-chain-deepseek.personal.deepseek-api-key.global.deepseek-v4-pro-turn3-08e6d51d-71b8-4122-b760-f41a5e7bd13b alias=- model=- effort=- pass=live allow=[deepseek.personal.deepseek-api-key.global.deepseek-v4-pro] denied=[deepseek.personal.deepseek-api-key.global.deepseek-flash,deepseek.personal.deepseek-api-key.global.deepseek-flash-max,moonshot.personal.kimi-code.global.kimi-k3]
[run115] eligibility candidates=4 eligible=1 codes=POLICY_DENY_ENDPOINT=3 request=bench-h10-agent-read-grep-patch-deepseek.personal.deepseek-api-key.global.deepseek-v4-pro-turn1-e1722ad6-07b6-4135-a214-f8faaa9384a7 alias=- model=- effort=- pass=live allow=[deepseek.personal.deepseek-api-key.global.deepseek-v4-pro] denied=[deepseek.personal.deepseek-api-key.global.deepseek-flash,deepseek.personal.deepseek-api-key.global.deepseek-flash-max,moonshot.personal.kimi-code.global.kimi-k3]
[run115] eligibility candidates=4 eligible=1 codes=POLICY_DENY_ENDPOINT=3 request=bench-h10-agent-read-grep-patch-deepseek.personal.deepseek-api-key.global.deepseek-v4-pro-turn2-86a119e0-a8b6-4b16-a3ef-e01cff85b821 alias=- model=- effort=- pass=live allow=[deepseek.personal.deepseek-api-key.global.deepseek-v4-pro] denied=[deepseek.personal.deepseek-api-key.global.deepseek-flash,deepseek.personal.deepseek-api-key.global.deepseek-flash-max,moonshot.personal.kimi-code.global.kimi-k3]
[run115] eligibility candidates=4 eligible=1 codes=POLICY_DENY_ENDPOINT=3 request=bench-h10-agent-read-grep-patch-deepseek.personal.deepseek-api-key.global.deepseek-v4-pro-turn3-c7a48c42-f32f-4ab1-aa00-d7ff76b379e9 alias=- model=- effort=- pass=live allow=[deepseek.personal.deepseek-api-key.global.deepseek-v4-pro] denied=[deepseek.personal.deepseek-api-key.global.deepseek-flash,deepseek.personal.deepseek-api-key.global.deepseek-flash-max,moonshot.personal.kimi-code.global.kimi-k3]
[run115] eligibility candidates=4 eligible=1 codes=POLICY_DENY_ENDPOINT=3 request=bench-h10-agent-read-grep-patch-deepseek.personal.deepseek-api-key.global.deepseek-v4-pro-turn4-844184ec-7201-4f1c-9cbe-0d5059bf8034 alias=- model=- effort=- pass=live allow=[deepseek.personal.deepseek-api-key.global.deepseek-v4-pro] denied=[deepseek.personal.deepseek-api-key.global.deepseek-flash,deepseek.personal.deepseek-api-key.global.deepseek-flash-max,moonshot.personal.kimi-code.global.kimi-k3]
[run115] eligibility candidates=4 eligible=1 codes=POLICY_DENY_ENDPOINT=3 request=bench-h15-max-signal-v3-deepseek.personal.deepseek-api-key.global.deepseek-v4-pro-turn1-aca81651-b530-4a81-b305-9f293a51e541 alias=- model=- effort=- pass=live allow=[deepseek.personal.deepseek-api-key.global.deepseek-v4-pro] denied=[deepseek.personal.deepseek-api-key.global.deepseek-flash,deepseek.personal.deepseek-api-key.global.deepseek-flash-max,moonshot.personal.kimi-code.global.kimi-k3]
[track-b-sidecar] [run140] profile invoke capability=profile:current-estimate scope=standalone-runtime-dev sessionId=operator filePath=E:\tmp\run105-full2-verification-state\standalone-runtime-dev\track-b\extensions\workers\profile-learner\profile-e983a260667256b09d300ef178f609d323eef2ceb50df234f6aeb1066c279f63.json
[track-b-sidecar] [run140] profile invoke capability=profile:current-estimate scope=standalone-runtime-dev sessionId=operator filePath=E:\tmp\run105-full2-verification-state\standalone-runtime-dev\track-b\extensions\workers\profile-learner\profile-e983a260667256b09d300ef178f609d323eef2ceb50df234f6aeb1066c279f63.json
[track-b-sidecar] [run138] learning profile hop keys=schemaVersion|id|generationId|generationKey|generation|state|previousGenerationId|estimateDigest|effects|bias state=active
[track-b-sidecar] [run137] profile readback keys=schemaVersion|id|generationId|generationKey|generation|state|previousGenerationId|estimateDigest|effects|bias state=active
[run115] eligibility candidates=4 eligible=1 codes=POLICY_DENY_ENDPOINT=3 request=bench-h15-max-signal-v3-deepseek.personal.deepseek-api-key.global.deepseek-v4-pro-turn2-2ec52564-1dd2-4914-b8cb-17779607a0c7 alias=- model=- effort=- pass=live allow=[deepseek.personal.deepseek-api-key.global.deepseek-v4-pro] denied=[deepseek.personal.deepseek-api-key.global.deepseek-flash,deepseek.personal.deepseek-api-key.global.deepseek-flash-max,moonshot.personal.kimi-code.global.kimi-k3]
[run105] 32 capture(s) refused as no_route_classification: no (role, task) classification, so they never enter the replay/eval queue and get no advisory
[run104-pending] captures=43 scoped=1 first=req-338d6539-31db-4122-8586-82223a30846c,req-32aa5e6b-b690-4e04-bfa1-fbc2b78e2bfe,req-0c457ccd-d0d6-4bec-988b-d798d25c36bf only=none pendingCount=32 captureCount=189
[run99] live advisory miss: stage=S4 channel=development scope=standalone-runtime-dev
[run115] eligibility candidates=4 eligible=1 codes=POLICY_DENY_ENDPOINT=3 request=bench-h15-max-signal-v3-deepseek.personal.deepseek-api-key.global.deepseek-v4-pro-turn3-141e0776-07b2-4eb8-803d-eca8d826cfad alias=- model=- effort=- pass=live allow=[deepseek.personal.deepseek-api-key.global.deepseek-v4-pro] denied=[deepseek.personal.deepseek-api-key.global.deepseek-flash,deepseek.personal.deepseek-api-key.global.deepseek-flash-max,moonshot.personal.kimi-code.global.kimi-k3]
[run99] live advisory miss: stage=S4 channel=development scope=standalone-runtime-dev
[run115] eligibility candidates=4 eligible=1 codes=POLICY_DENY_ENDPOINT=3 request=bench-p17-tools-multi-hard-moonshot.personal.kimi-code.global.kimi-k3-turn1-267a8dcd-fc2b-43cf-8b01-0d0e51dc3602 alias=- model=- effort=- pass=live allow=[moonshot.personal.kimi-code.global.kimi-k3] denied=[deepseek.personal.deepseek-api-key.global.deepseek-flash,deepseek.personal.deepseek-api-key.global.deepseek-flash-max,deepseek.personal.deepseek-api-key.global.deepseek-v4-pro]
[run99] live advisory miss: stage=S4 channel=development scope=standalone-runtime-dev
[run115] eligibility candidates=4 eligible=1 codes=POLICY_DENY_ENDPOINT=3 request=bench-p17-tools-multi-hard-moonshot.personal.kimi-code.global.kimi-k3-turn2-21f61229-d7f6-4137-a468-48eae91b6205 alias=- model=- effort=- pass=live allow=[moonshot.personal.kimi-code.global.kimi-k3] denied=[deepseek.personal.deepseek-api-key.global.deepseek-flash,deepseek.personal.deepseek-api-key.global.deepseek-flash-max,deepseek.personal.deepseek-api-key.global.deepseek-v4-pro]
[run105] 32 capture(s) refused as no_route_classification: no (role, task) classification, so they never enter the replay/eval queue and get no advisory
[run104-pending] captures=43 scoped=1 first=req-338d6539-31db-4122-8586-82223a30846c,req-32aa5e6b-b690-4e04-bfa1-fbc2b78e2bfe,req-0c457ccd-d0d6-4bec-988b-d798d25c36bf only=none pendingCount=32 captureCount=189
[run99] live advisory miss: stage=S4 channel=development scope=standalone-runtime-dev
[run115] eligibility candidates=4 eligible=1 codes=POLICY_DENY_ENDPOINT=3 request=bench-p17-tools-multi-hard-moonshot.personal.kimi-code.global.kimi-k3-turn3-bc8dd7c8-da8e-4691-a7bb-8360896da38b alias=- model=- effort=- pass=live allow=[moonshot.personal.kimi-code.global.kimi-k3] denied=[deepseek.personal.deepseek-api-key.global.deepseek-flash,deepseek.personal.deepseek-api-key.global.deepseek-flash-max,deepseek.personal.deepseek-api-key.global.deepseek-v4-pro]
[run115] eligibility candidates=4 eligible=1 codes=POLICY_DENY_ENDPOINT=3 request=bench-x01-max-signal-moonshot.personal.kimi-code.global.kimi-k3-turn1-d142aff5-3ed4-4a00-916c-97840d019aba alias=- model=- effort=- pass=live allow=[moonshot.personal.kimi-code.global.kimi-k3] denied=[deepseek.personal.deepseek-api-key.global.deepseek-flash,deepseek.personal.deepseek-api-key.global.deepseek-flash-max,deepseek.personal.deepseek-api-key.global.deepseek-v4-pro]
[run115] eligibility candidates=4 eligible=1 codes=POLICY_DENY_ENDPOINT=3 request=bench-x01-max-signal-moonshot.personal.kimi-code.global.kimi-k3-turn2-c7bc7859-50a8-4fd0-b345-90e09318c9c8 alias=- model=- effort=- pass=live allow=[moonshot.personal.kimi-code.global.kimi-k3] denied=[deepseek.personal.deepseek-api-key.global.deepseek-flash,deepseek.personal.deepseek-api-key.global.deepseek-flash-max,deepseek.personal.deepseek-api-key.global.deepseek-v4-pro]
[run99] live advisory miss: stage=S4 channel=development scope=standalone-runtime-dev
[run115] eligibility candidates=4 eligible=1 codes=POLICY_DENY_ENDPOINT=3 request=bench-x01-max-signal-moonshot.personal.kimi-code.global.kimi-k3-turn3-598eb640-3094-4e4a-ba45-84b1f49bbc89 alias=- model=- effort=- pass=live allow=[moonshot.personal.kimi-code.global.kimi-k3] denied=[deepseek.personal.deepseek-api-key.global.deepseek-flash,deepseek.personal.deepseek-api-key.global.deepseek-flash-max,deepseek.personal.deepseek-api-key.global.deepseek-v4-pro]
[run99] live advisory miss: stage=S4 channel=development scope=standalone-runtime-dev
[run115] eligibility candidates=4 eligible=1 codes=POLICY_DENY_ENDPOINT=3 request=bench-h01-implement-two-sum-moonshot.personal.kimi-code.global.kimi-k3-turn1-736a776b-eeb5-44b4-b3e2-a11f0d804fab alias=- model=- effort=- pass=live allow=[moonshot.personal.kimi-code.global.kimi-k3] denied=[deepseek.personal.deepseek-api-key.global.deepseek-flash,deepseek.personal.deepseek-api-key.global.deepseek-flash-max,deepseek.personal.deepseek-api-key.global.deepseek-v4-pro]
[run105] 32 capture(s) refused as no_route_classification: no (role, task) classification, so they never enter the replay/eval queue and get no advisory
[run104-pending] captures=43 scoped=1 first=req-338d6539-31db-4122-8586-82223a30846c,req-32aa5e6b-b690-4e04-bfa1-fbc2b78e2bfe,req-0c457ccd-d0d6-4bec-988b-d798d25c36bf only=none pendingCount=32 captureCount=189
[run101] recovery sweep: examined=1 candidates=1 recovered=0 - every candidate already has its evaluation
[run99] live advisory miss: stage=S4 channel=development scope=standalone-runtime-dev
[run115] eligibility candidates=4 eligible=1 codes=POLICY_DENY_ENDPOINT=3 request=bench-h02-fix-async-counter-moonshot.personal.kimi-code.global.kimi-k3-turn1-aaad74d2-f290-465a-853c-731ca72e1d45 alias=- model=- effort=- pass=live allow=[moonshot.personal.kimi-code.global.kimi-k3] denied=[deepseek.personal.deepseek-api-key.global.deepseek-flash,deepseek.personal.deepseek-api-key.global.deepseek-flash-max,deepseek.personal.deepseek-api-key.global.deepseek-v4-pro]
[run99] live advisory miss: stage=S4 channel=development scope=standalone-runtime-dev
[run115] eligibility candidates=4 eligible=1 codes=POLICY_DENY_ENDPOINT=3 request=bench-h04-tool-read-router-moonshot.personal.kimi-code.global.kimi-k3-turn1-78d3edbb-1e9d-44e9-8ac8-56cc97eba10d alias=- model=- effort=- pass=live allow=[moonshot.personal.kimi-code.global.kimi-k3] denied=[deepseek.personal.deepseek-api-key.global.deepseek-flash,deepseek.personal.deepseek-api-key.global.deepseek-flash-max,deepseek.personal.deepseek-api-key.global.deepseek-v4-pro]
[run99] live advisory miss: stage=S4 channel=development scope=standalone-runtime-dev
[run115] eligibility candidates=4 eligible=1 codes=POLICY_DENY_ENDPOINT=3 request=bench-h04-tool-read-router-moonshot.personal.kimi-code.global.kimi-k3-turn2-9433fa15-072e-4f0b-8503-2a18ebecfbe5 alias=- model=- effort=- pass=live allow=[moonshot.personal.kimi-code.global.kimi-k3] denied=[deepseek.personal.deepseek-api-key.global.deepseek-flash,deepseek.personal.deepseek-api-key.global.deepseek-flash-max,deepseek.personal.deepseek-api-key.global.deepseek-v4-pro]
[run105] 32 capture(s) refused as no_route_classification: no (role, task) classification, so they never enter the replay/eval queue and get no advisory
[run104-pending] captures=43 scoped=1 first=req-338d6539-31db-4122-8586-82223a30846c,req-32aa5e6b-b690-4e04-bfa1-fbc2b78e2bfe,req-0c457ccd-d0d6-4bec-988b-d798d25c36bf only=none pendingCount=32 captureCount=189
[run99] live advisory miss: stage=S4 channel=development scope=standalone-runtime-dev
[run115] eligibility candidates=4 eligible=1 codes=POLICY_DENY_ENDPOINT=3 request=bench-h05-tool-grep-eligibility-moonshot.personal.kimi-code.global.kimi-k3-turn1-08dfa058-41e9-4c7b-b03f-23845b2c790c alias=- model=- effort=- pass=live allow=[moonshot.personal.kimi-code.global.kimi-k3] denied=[deepseek.personal.deepseek-api-key.global.deepseek-flash,deepseek.personal.deepseek-api-key.global.deepseek-flash-max,deepseek.personal.deepseek-api-key.global.deepseek-v4-pro]
[run99] live advisory miss: stage=S4 channel=development scope=standalone-runtime-dev
[run115] eligibility candidates=4 eligible=1 codes=POLICY_DENY_ENDPOINT=3 request=bench-h05-tool-grep-eligibility-moonshot.personal.kimi-code.global.kimi-k3-turn2-fa4e67f2-7426-47d3-98ac-6f41de6d6396 alias=- model=- effort=- pass=live allow=[moonshot.personal.kimi-code.global.kimi-k3] denied=[deepseek.personal.deepseek-api-key.global.deepseek-flash,deepseek.personal.deepseek-api-key.global.deepseek-flash-max,deepseek.personal.deepseek-api-key.global.deepseek-v4-pro]
[run105] 32 capture(s) refused as no_route_classification: no (role, task) classification, so they never enter the replay/eval queue and get no advisory
[run104-pending] captures=43 scoped=1 first=req-338d6539-31db-4122-8586-82223a30846c,req-32aa5e6b-b690-4e04-bfa1-fbc2b78e2bfe,req-0c457ccd-d0d6-4bec-988b-d798d25c36bf only=none pendingCount=32 captureCount=189
[run105] 32 capture(s) refused as no_route_classification: no (role, task) classification, so they never enter the replay/eval queue and get no advisory
[run104-pending] captures=43 scoped=1 first=req-338d6539-31db-4122-8586-82223a30846c,req-32aa5e6b-b690-4e04-bfa1-fbc2b78e2bfe,req-0c457ccd-d0d6-4bec-988b-d798d25c36bf only=none pendingCount=32 captureCount=189
[run105] 32 capture(s) refused as no_route_classification: no (role, task) classification, so they never enter the replay/eval queue and get no advisory
[run104-pending] captures=43 scoped=1 first=req-338d6539-31db-4122-8586-82223a30846c,req-32aa5e6b-b690-4e04-bfa1-fbc2b78e2bfe,req-0c457ccd-d0d6-4bec-988b-d798d25c36bf only=none pendingCount=32 captureCount=189
[run99] live advisory miss: stage=S4 channel=development scope=standalone-runtime-dev
[run115] eligibility candidates=4 eligible=1 codes=POLICY_DENY_ENDPOINT=3 request=bench-h05-tool-grep-eligibility-moonshot.personal.kimi-code.global.kimi-k3-turn3-e2fb1ae1-615f-41a4-8543-fdae6cbc0b3b alias=- model=- effort=- pass=live allow=[moonshot.personal.kimi-code.global.kimi-k3] denied=[deepseek.personal.deepseek-api-key.global.deepseek-flash,deepseek.personal.deepseek-api-key.global.deepseek-flash-max,deepseek.personal.deepseek-api-key.global.deepseek-v4-pro]
[run115] eligibility candidates=4 eligible=1 codes=POLICY_DENY_ENDPOINT=3 request=bench-h06-tool-apply-patch-moonshot.personal.kimi-code.global.kimi-k3-turn1-a2bfff8b-41d3-4984-97a7-1f6f8f70ab0b alias=- model=- effort=- pass=live allow=[moonshot.personal.kimi-code.global.kimi-k3] denied=[deepseek.personal.deepseek-api-key.global.deepseek-flash,deepseek.personal.deepseek-api-key.global.deepseek-flash-max,deepseek.personal.deepseek-api-key.global.deepseek-v4-pro]
[run99] live advisory miss: stage=S4 channel=development scope=standalone-runtime-dev
[run115] eligibility candidates=4 eligible=1 codes=POLICY_DENY_ENDPOINT=3 request=bench-h06-tool-apply-patch-moonshot.personal.kimi-code.global.kimi-k3-turn2-5407577f-2e1d-418b-ab20-bd9fd5de4c58 alias=- model=- effort=- pass=live allow=[moonshot.personal.kimi-code.global.kimi-k3] denied=[deepseek.personal.deepseek-api-key.global.deepseek-flash,deepseek.personal.deepseek-api-key.global.deepseek-flash-max,deepseek.personal.deepseek-api-key.global.deepseek-v4-pro]
[run105] 32 capture(s) refused as no_route_classification: no (role, task) classification, so they never enter the replay/eval queue and get no advisory
[run104-pending] captures=43 scoped=1 first=req-338d6539-31db-4122-8586-82223a30846c,req-32aa5e6b-b690-4e04-bfa1-fbc2b78e2bfe,req-0c457ccd-d0d6-4bec-988b-d798d25c36bf only=none pendingCount=32 captureCount=189
[run101] recovery sweep: examined=1 candidates=1 recovered=0 - every candidate already has its evaluation
[run99] live advisory miss: stage=S4 channel=development scope=standalone-runtime-dev
[run115] eligibility candidates=4 eligible=1 codes=POLICY_DENY_ENDPOINT=3 request=bench-h07-multi-turn-sla-guard-moonshot.personal.kimi-code.global.kimi-k3-turn1-b2035f3c-298a-45e6-ad55-f4db20ce84d9 alias=- model=- effort=- pass=live allow=[moonshot.personal.kimi-code.global.kimi-k3] denied=[deepseek.personal.deepseek-api-key.global.deepseek-flash,deepseek.personal.deepseek-api-key.global.deepseek-flash-max,deepseek.personal.deepseek-api-key.global.deepseek-v4-pro]
[run105] 32 capture(s) refused as no_route_classification: no (role, task) classification, so they never enter the replay/eval queue and get no advisory
[run104-pending] captures=43 scoped=1 first=req-338d6539-31db-4122-8586-82223a30846c,req-32aa5e6b-b690-4e04-bfa1-fbc2b78e2bfe,req-0c457ccd-d0d6-4bec-988b-d798d25c36bf only=none pendingCount=32 captureCount=189
[run99] live advisory miss: stage=S4 channel=development scope=standalone-runtime-dev
[run115] eligibility candidates=4 eligible=1 codes=POLICY_DENY_ENDPOINT=3 request=bench-h08-multi-turn-tool-refine-moonshot.personal.kimi-code.global.kimi-k3-turn1-9e908a59-d097-41f4-a058-352d6b2e9b1e alias=- model=- effort=- pass=live allow=[moonshot.personal.kimi-code.global.kimi-k3] denied=[deepseek.personal.deepseek-api-key.global.deepseek-flash,deepseek.personal.deepseek-api-key.global.deepseek-flash-max,deepseek.personal.deepseek-api-key.global.deepseek-v4-pro]
[run99] live advisory miss: stage=S4 channel=development scope=standalone-runtime-dev
[run115] eligibility candidates=4 eligible=1 codes=POLICY_DENY_ENDPOINT=3 request=bench-h08-multi-turn-tool-refine-moonshot.personal.kimi-code.global.kimi-k3-turn2-319bc7a7-463b-40ca-93b8-65c99a3c7e43 alias=- model=- effort=- pass=live allow=[moonshot.personal.kimi-code.global.kimi-k3] denied=[deepseek.personal.deepseek-api-key.global.deepseek-flash,deepseek.personal.deepseek-api-key.global.deepseek-flash-max,deepseek.personal.deepseek-api-key.global.deepseek-v4-pro]
[run105] 32 capture(s) refused as no_route_classification: no (role, task) classification, so they never enter the replay/eval queue and get no advisory
[run104-pending] captures=43 scoped=1 first=req-338d6539-31db-4122-8586-82223a30846c,req-32aa5e6b-b690-4e04-bfa1-fbc2b78e2bfe,req-0c457ccd-d0d6-4bec-988b-d798d25c36bf only=none pendingCount=32 captureCount=189
[run99] live advisory miss: stage=S4 channel=development scope=standalone-runtime-dev
[run115] eligibility candidates=4 eligible=1 codes=POLICY_DENY_ENDPOINT=3 request=bench-h09-agent-metrics-chain-moonshot.personal.kimi-code.global.kimi-k3-turn1-c64da4cd-c2d3-45ee-a874-ae46d72a6ca0 alias=- model=- effort=- pass=live allow=[moonshot.personal.kimi-code.global.kimi-k3] denied=[deepseek.personal.deepseek-api-key.global.deepseek-flash,deepseek.personal.deepseek-api-key.global.deepseek-flash-max,deepseek.personal.deepseek-api-key.global.deepseek-v4-pro]
[run99] live advisory miss: stage=S4 channel=development scope=standalone-runtime-dev
[run115] eligibility candidates=4 eligible=1 codes=POLICY_DENY_ENDPOINT=3 request=bench-h09-agent-metrics-chain-moonshot.personal.kimi-code.global.kimi-k3-turn2-653465ef-98df-4e7e-9096-564a1b1e4bfc alias=- model=- effort=- pass=live allow=[moonshot.personal.kimi-code.global.kimi-k3] denied=[deepseek.personal.deepseek-api-key.global.deepseek-flash,deepseek.personal.deepseek-api-key.global.deepseek-flash-max,deepseek.personal.deepseek-api-key.global.deepseek-v4-pro]
[run99] live advisory miss: stage=S4 channel=development scope=standalone-runtime-dev
[run115] eligibility candidates=4 eligible=1 codes=POLICY_DENY_ENDPOINT=3 request=bench-h09-agent-metrics-chain-moonshot.personal.kimi-code.global.kimi-k3-turn3-059e78fd-86e7-46f1-a29a-75db01de56a5 alias=- model=- effort=- pass=live allow=[moonshot.personal.kimi-code.global.kimi-k3] denied=[deepseek.personal.deepseek-api-key.global.deepseek-flash,deepseek.personal.deepseek-api-key.global.deepseek-flash-max,deepseek.personal.deepseek-api-key.global.deepseek-v4-pro]
[run99] live advisory miss: stage=S4 channel=development scope=standalone-runtime-dev
[run115] eligibility candidates=4 eligible=1 codes=POLICY_DENY_ENDPOINT=3 request=bench-h09-agent-metrics-chain-moonshot.personal.kimi-code.global.kimi-k3-turn4-f94755f0-b3cf-48f5-b61f-49d9673bb242 alias=- model=- effort=- pass=live allow=[moonshot.personal.kimi-code.global.kimi-k3] denied=[deepseek.personal.deepseek-api-key.global.deepseek-flash,deepseek.personal.deepseek-api-key.global.deepseek-flash-max,deepseek.personal.deepseek-api-key.global.deepseek-v4-pro]
[run115] eligibility candidates=4 eligible=1 codes=POLICY_DENY_ENDPOINT=3 request=bench-h10-agent-read-grep-patch-moonshot.personal.kimi-code.global.kimi-k3-turn1-26b54d70-ed71-4846-a463-2e9b1096a7c8 alias=- model=- effort=- pass=live allow=[moonshot.personal.kimi-code.global.kimi-k3] denied=[deepseek.personal.deepseek-api-key.global.deepseek-flash,deepseek.personal.deepseek-api-key.global.deepseek-flash-max,deepseek.personal.deepseek-api-key.global.deepseek-v4-pro]
[run105] 32 capture(s) refused as no_route_classification: no (role, task) classification, so they never enter the replay/eval queue and get no advisory
[run104-pending] captures=43 scoped=1 first=req-338d6539-31db-4122-8586-82223a30846c,req-32aa5e6b-b690-4e04-bfa1-fbc2b78e2bfe,req-0c457ccd-d0d6-4bec-988b-d798d25c36bf only=none pendingCount=32 captureCount=189
[run101] recovery sweep: examined=1 candidates=1 recovered=0 - every candidate already has its evaluation
[run115] eligibility candidates=4 eligible=1 codes=POLICY_DENY_ENDPOINT=3 request=bench-h10-agent-read-grep-patch-moonshot.personal.kimi-code.global.kimi-k3-turn2-4ac5e5c0-6314-4780-b549-a50b6e7b8eb7 alias=- model=- effort=- pass=live allow=[moonshot.personal.kimi-code.global.kimi-k3] denied=[deepseek.personal.deepseek-api-key.global.deepseek-flash,deepseek.personal.deepseek-api-key.global.deepseek-flash-max,deepseek.personal.deepseek-api-key.global.deepseek-v4-pro]
[run115] eligibility candidates=4 eligible=1 codes=POLICY_DENY_ENDPOINT=3 request=bench-h10-agent-read-grep-patch-moonshot.personal.kimi-code.global.kimi-k3-turn3-f8f5099d-26ba-4f32-b869-164994398a75 alias=- model=- effort=- pass=live allow=[moonshot.personal.kimi-code.global.kimi-k3] denied=[deepseek.personal.deepseek-api-key.global.deepseek-flash,deepseek.personal.deepseek-api-key.global.deepseek-flash-max,deepseek.personal.deepseek-api-key.global.deepseek-v4-pro]
[run115] eligibility candidates=4 eligible=1 codes=POLICY_DENY_ENDPOINT=3 request=bench-h15-max-signal-v3-moonshot.personal.kimi-code.global.kimi-k3-turn1-45a0d98b-4030-4f97-a79f-d383259c2962 alias=- model=- effort=- pass=live allow=[moonshot.personal.kimi-code.global.kimi-k3] denied=[deepseek.personal.deepseek-api-key.global.deepseek-flash,deepseek.personal.deepseek-api-key.global.deepseek-flash-max,deepseek.personal.deepseek-api-key.global.deepseek-v4-pro]
[run115] eligibility candidates=4 eligible=1 codes=POLICY_DENY_ENDPOINT=3 request=bench-h15-max-signal-v3-moonshot.personal.kimi-code.global.kimi-k3-turn2-437a6a90-efdb-48d2-8a13-686e872932c6 alias=- model=- effort=- pass=live allow=[moonshot.personal.kimi-code.global.kimi-k3] denied=[deepseek.personal.deepseek-api-key.global.deepseek-flash,deepseek.personal.deepseek-api-key.global.deepseek-flash-max,deepseek.personal.deepseek-api-key.global.deepseek-v4-pro]
[run115] eligibility candidates=4 eligible=1 codes=POLICY_DENY_ENDPOINT=3 request=bench-h15-max-signal-v3-moonshot.personal.kimi-code.global.kimi-k3-turn3-2bfcd118-bff2-44c0-8eba-c077cd221884 alias=- model=- effort=- pass=live allow=[moonshot.personal.kimi-code.global.kimi-k3] denied=[deepseek.personal.deepseek-api-key.global.deepseek-flash,deepseek.personal.deepseek-api-key.global.deepseek-flash-max,deepseek.personal.deepseek-api-key.global.deepseek-v4-pro]
[run105] 32 capture(s) refused as no_route_classification: no (role, task) classification, so they never enter the replay/eval queue and get no advisory
[run104-pending] captures=43 scoped=1 first=req-338d6539-31db-4122-8586-82223a30846c,req-32aa5e6b-b690-4e04-bfa1-fbc2b78e2bfe,req-0c457ccd-d0d6-4bec-988b-d798d25c36bf only=none pendingCount=32 captureCount=189
[run99] live advisory miss: stage=S4 channel=development scope=standalone-runtime-dev
[run115] eligibility candidates=4 eligible=1 codes=POLICY_DENY_ENDPOINT=3 request=bench-judge-p17-tools-multi-hard-a1-d3a159c6-3a11-4d19-a4cb-23965a88cdcf alias=- model=- effort=- pass=live allow=[deepseek.personal.deepseek-api-key.global.deepseek-v4-pro] denied=[deepseek.personal.deepseek-api-key.global.deepseek-flash,deepseek.personal.deepseek-api-key.global.deepseek-flash-max,moonshot.personal.kimi-code.global.kimi-k3]
[run105] 32 capture(s) refused as no_route_classification: no (role, task) classification, so they never enter the replay/eval queue and get no advisory
[run104-pending] captures=43 scoped=1 first=req-338d6539-31db-4122-8586-82223a30846c,req-32aa5e6b-b690-4e04-bfa1-fbc2b78e2bfe,req-0c457ccd-d0d6-4bec-988b-d798d25c36bf only=none pendingCount=32 captureCount=189
[run105] 32 capture(s) refused as no_route_classification: no (role, task) classification, so they never enter the replay/eval queue and get no advisory
[run104-pending] captures=43 scoped=1 first=req-338d6539-31db-4122-8586-82223a30846c,req-32aa5e6b-b690-4e04-bfa1-fbc2b78e2bfe,req-0c457ccd-d0d6-4bec-988b-d798d25c36bf only=none pendingCount=32 captureCount=189
[run101] recovery sweep: examined=1 candidates=1 recovered=0 - every candidate already has its evaluation
[run99] live advisory miss: stage=S4 channel=development scope=standalone-runtime-dev
[run115] eligibility candidates=4 eligible=1 codes=POLICY_DENY_ENDPOINT=3 request=bench-judge-x01-max-signal-a1-10353bce-95e1-4b1d-ba43-cc0592e2f725 alias=- model=- effort=- pass=live allow=[deepseek.personal.deepseek-api-key.global.deepseek-v4-pro] denied=[deepseek.personal.deepseek-api-key.global.deepseek-flash,deepseek.personal.deepseek-api-key.global.deepseek-flash-max,moonshot.personal.kimi-code.global.kimi-k3]
[run115] eligibility candidates=4 eligible=1 codes=POLICY_DENY_ENDPOINT=3 request=bench-judge-h01-implement-two-sum-a1-8920cb9c-0ef6-4ceb-ab91-77cb57b057bd alias=- model=- effort=- pass=live allow=[deepseek.personal.deepseek-api-key.global.deepseek-v4-pro] denied=[deepseek.personal.deepseek-api-key.global.deepseek-flash,deepseek.personal.deepseek-api-key.global.deepseek-flash-max,moonshot.personal.kimi-code.global.kimi-k3]
[run99] live advisory miss: stage=S4 channel=development scope=standalone-runtime-dev
[run115] eligibility candidates=4 eligible=1 codes=POLICY_DENY_ENDPOINT=3 request=bench-judge-h02-fix-async-counter-a1-46cb21a8-0191-46c7-a8f8-e22af58de185 alias=- model=- effort=- pass=live allow=[deepseek.personal.deepseek-api-key.global.deepseek-v4-pro] denied=[deepseek.personal.deepseek-api-key.global.deepseek-flash,deepseek.personal.deepseek-api-key.global.deepseek-flash-max,moonshot.personal.kimi-code.global.kimi-k3]
[run99] live advisory miss: stage=S4 channel=development scope=standalone-runtime-dev
[run115] eligibility candidates=4 eligible=1 codes=POLICY_DENY_ENDPOINT=3 request=bench-judge-h04-tool-read-router-a1-949d7fce-41b9-4634-98c3-9d8d1a5f199d alias=- model=- effort=- pass=live allow=[deepseek.personal.deepseek-api-key.global.deepseek-v4-pro] denied=[deepseek.personal.deepseek-api-key.global.deepseek-flash,deepseek.personal.deepseek-api-key.global.deepseek-flash-max,moonshot.personal.kimi-code.global.kimi-k3]
[run99] live advisory miss: stage=S4 channel=development scope=standalone-runtime-dev
[run115] eligibility candidates=4 eligible=1 codes=POLICY_DENY_ENDPOINT=3 request=bench-judge-h05-tool-grep-eligibility-a1-87c3be55-8d8f-487b-9d4b-c7672c2bfa3b alias=- model=- effort=- pass=live allow=[deepseek.personal.deepseek-api-key.global.deepseek-v4-pro] denied=[deepseek.personal.deepseek-api-key.global.deepseek-flash,deepseek.personal.deepseek-api-key.global.deepseek-flash-max,moonshot.personal.kimi-code.global.kimi-k3]
[run99] live advisory miss: stage=S4 channel=development scope=standalone-runtime-dev
[run115] eligibility candidates=4 eligible=1 codes=POLICY_DENY_ENDPOINT=3 request=bench-judge-h06-tool-apply-patch-a1-238716fc-68ee-4a42-acb9-0804615a5149 alias=- model=- effort=- pass=live allow=[deepseek.personal.deepseek-api-key.global.deepseek-v4-pro] denied=[deepseek.personal.deepseek-api-key.global.deepseek-flash,deepseek.personal.deepseek-api-key.global.deepseek-flash-max,moonshot.personal.kimi-code.global.kimi-k3]
[run99] live advisory miss: stage=S4 channel=development scope=standalone-runtime-dev
[run115] eligibility candidates=4 eligible=1 codes=POLICY_DENY_ENDPOINT=3 request=bench-judge-h07-multi-turn-sla-guard-a1-1eef7d8e-e77a-4335-a120-708fff535101 alias=- model=- effort=- pass=live allow=[deepseek.personal.deepseek-api-key.global.deepseek-v4-pro] denied=[deepseek.personal.deepseek-api-key.global.deepseek-flash,deepseek.personal.deepseek-api-key.global.deepseek-flash-max,moonshot.personal.kimi-code.global.kimi-k3]
[run105] 32 capture(s) refused as no_route_classification: no (role, task) classification, so they never enter the replay/eval queue and get no advisory
[run104-pending] captures=43 scoped=1 first=req-338d6539-31db-4122-8586-82223a30846c,req-32aa5e6b-b690-4e04-bfa1-fbc2b78e2bfe,req-0c457ccd-d0d6-4bec-988b-d798d25c36bf only=none pendingCount=32 captureCount=189
[run105] 32 capture(s) refused as no_route_classification: no (role, task) classification, so they never enter the replay/eval queue and get no advisory
[run104-pending] captures=43 scoped=1 first=req-338d6539-31db-4122-8586-82223a30846c,req-32aa5e6b-b690-4e04-bfa1-fbc2b78e2bfe,req-0c457ccd-d0d6-4bec-988b-d798d25c36bf only=none pendingCount=32 captureCount=189
[run99] live advisory miss: stage=S4 channel=development scope=standalone-runtime-dev
[run115] eligibility candidates=4 eligible=1 codes=POLICY_DENY_ENDPOINT=3 request=bench-judge-h08-multi-turn-tool-refine-a1-43272a73-10e6-4af3-ae5c-fcf6b6ed1c91 alias=- model=- effort=- pass=live allow=[deepseek.personal.deepseek-api-key.global.deepseek-v4-pro] denied=[deepseek.personal.deepseek-api-key.global.deepseek-flash,deepseek.personal.deepseek-api-key.global.deepseek-flash-max,moonshot.personal.kimi-code.global.kimi-k3]
[run99] live advisory miss: stage=S4 channel=development scope=standalone-runtime-dev
[run115] eligibility candidates=4 eligible=1 codes=POLICY_DENY_ENDPOINT=3 request=bench-judge-h09-agent-metrics-chain-a1-f08c4cc7-ddd0-4670-88ad-7fe8183acd3e alias=- model=- effort=- pass=live allow=[deepseek.personal.deepseek-api-key.global.deepseek-v4-pro] denied=[deepseek.personal.deepseek-api-key.global.deepseek-flash,deepseek.personal.deepseek-api-key.global.deepseek-flash-max,moonshot.personal.kimi-code.global.kimi-k3]
[run105] 32 capture(s) refused as no_route_classification: no (role, task) classification, so they never enter the replay/eval queue and get no advisory
[run104-pending] captures=43 scoped=1 first=req-338d6539-31db-4122-8586-82223a30846c,req-32aa5e6b-b690-4e04-bfa1-fbc2b78e2bfe,req-0c457ccd-d0d6-4bec-988b-d798d25c36bf only=none pendingCount=32 captureCount=189
[run99] live advisory miss: stage=S4 channel=development scope=standalone-runtime-dev
[run115] eligibility candidates=4 eligible=1 codes=POLICY_DENY_ENDPOINT=3 request=bench-judge-h10-agent-read-grep-patch-a1-b56a5ea2-484f-4a8a-a3c0-e961c4b752ad alias=- model=- effort=- pass=live allow=[deepseek.personal.deepseek-api-key.global.deepseek-v4-pro] denied=[deepseek.personal.deepseek-api-key.global.deepseek-flash,deepseek.personal.deepseek-api-key.global.deepseek-flash-max,moonshot.personal.kimi-code.global.kimi-k3]
[run99] live advisory miss: stage=S4 channel=development scope=standalone-runtime-dev
[run115] eligibility candidates=4 eligible=1 codes=POLICY_DENY_ENDPOINT=3 request=bench-judge-h15-max-signal-v3-a1-415ea78c-e7de-433a-8f88-2a7349538268 alias=- model=- effort=- pass=live allow=[deepseek.personal.deepseek-api-key.global.deepseek-v4-pro] denied=[deepseek.personal.deepseek-api-key.global.deepseek-flash,deepseek.personal.deepseek-api-key.global.deepseek-flash-max,moonshot.personal.kimi-code.global.kimi-k3]
[run105] 32 capture(s) refused as no_route_classification: no (role, task) classification, so they never enter the replay/eval queue and get no advisory
[run104-pending] captures=43 scoped=1 first=req-338d6539-31db-4122-8586-82223a30846c,req-32aa5e6b-b690-4e04-bfa1-fbc2b78e2bfe,req-0c457ccd-d0d6-4bec-988b-d798d25c36bf only=none pendingCount=32 captureCount=189
[run99] live advisory miss: stage=S4 channel=development scope=standalone-runtime-dev
[run115] eligibility candidates=4 eligible=1 codes=POLICY_DENY_ENDPOINT=3 request=bench-judge-p17-tools-multi-hard-a1-8483c73b-ead4-4461-963e-3ba4252b4502 alias=- model=- effort=- pass=live allow=[deepseek.personal.deepseek-api-key.global.deepseek-v4-pro] denied=[deepseek.personal.deepseek-api-key.global.deepseek-flash,deepseek.personal.deepseek-api-key.global.deepseek-flash-max,moonshot.personal.kimi-code.global.kimi-k3]
[run101] recovery sweep: examined=1 candidates=1 recovered=0 - every candidate already has its evaluation
[run99] live advisory miss: stage=S4 channel=development scope=standalone-runtime-dev
[run115] eligibility candidates=4 eligible=1 codes=POLICY_DENY_ENDPOINT=3 request=bench-judge-x01-max-signal-a1-562c26c9-4f11-48cb-ade1-56d10b40cd63 alias=- model=- effort=- pass=live allow=[deepseek.personal.deepseek-api-key.global.deepseek-v4-pro] denied=[deepseek.personal.deepseek-api-key.global.deepseek-flash,deepseek.personal.deepseek-api-key.global.deepseek-flash-max,moonshot.personal.kimi-code.global.kimi-k3]
[run115] eligibility candidates=4 eligible=1 codes=POLICY_DENY_ENDPOINT=3 request=bench-judge-h01-implement-two-sum-a1-ea57e723-6a80-417e-80a2-6a4449ed3ac4 alias=- model=- effort=- pass=live allow=[deepseek.personal.deepseek-api-key.global.deepseek-v4-pro] denied=[deepseek.personal.deepseek-api-key.global.deepseek-flash,deepseek.personal.deepseek-api-key.global.deepseek-flash-max,moonshot.personal.kimi-code.global.kimi-k3]
[run99] live advisory miss: stage=S4 channel=development scope=standalone-runtime-dev
[run115] eligibility candidates=4 eligible=1 codes=POLICY_DENY_ENDPOINT=3 request=bench-judge-h02-fix-async-counter-a1-3cd2c71f-fdb8-472e-8ea6-8f13b10a0e6f alias=- model=- effort=- pass=live allow=[deepseek.personal.deepseek-api-key.global.deepseek-v4-pro] denied=[deepseek.personal.deepseek-api-key.global.deepseek-flash,deepseek.personal.deepseek-api-key.global.deepseek-flash-max,moonshot.personal.kimi-code.global.kimi-k3]
[run99] live advisory miss: stage=S4 channel=development scope=standalone-runtime-dev
[run115] eligibility candidates=4 eligible=1 codes=POLICY_DENY_ENDPOINT=3 request=bench-judge-h04-tool-read-router-a1-7e450ee1-7949-42da-8cff-ee8e11c5ff99 alias=- model=- effort=- pass=live allow=[deepseek.personal.deepseek-api-key.global.deepseek-v4-pro] denied=[deepseek.personal.deepseek-api-key.global.deepseek-flash,deepseek.personal.deepseek-api-key.global.deepseek-flash-max,moonshot.personal.kimi-code.global.kimi-k3]
[run105] 32 capture(s) refused as no_route_classification: no (role, task) classification, so they never enter the replay/eval queue and get no advisory
[run104-pending] captures=43 scoped=1 first=req-338d6539-31db-4122-8586-82223a30846c,req-32aa5e6b-b690-4e04-bfa1-fbc2b78e2bfe,req-0c457ccd-d0d6-4bec-988b-d798d25c36bf only=none pendingCount=32 captureCount=189
[run99] live advisory miss: stage=S4 channel=development scope=standalone-runtime-dev
[run115] eligibility candidates=4 eligible=1 codes=POLICY_DENY_ENDPOINT=3 request=bench-judge-h05-tool-grep-eligibility-a1-e7984d1f-7615-4f53-91c5-12f7e1f630e2 alias=- model=- effort=- pass=live allow=[deepseek.personal.deepseek-api-key.global.deepseek-v4-pro] denied=[deepseek.personal.deepseek-api-key.global.deepseek-flash,deepseek.personal.deepseek-api-key.global.deepseek-flash-max,moonshot.personal.kimi-code.global.kimi-k3]
[run99] live advisory miss: stage=S4 channel=development scope=standalone-runtime-dev
[run115] eligibility candidates=4 eligible=1 codes=POLICY_DENY_ENDPOINT=3 request=bench-judge-h06-tool-apply-patch-a1-2a3a96c5-d63a-4148-9ae3-53c23e6f4278 alias=- model=- effort=- pass=live allow=[deepseek.personal.deepseek-api-key.global.deepseek-v4-pro] denied=[deepseek.personal.deepseek-api-key.global.deepseek-flash,deepseek.personal.deepseek-api-key.global.deepseek-flash-max,moonshot.personal.kimi-code.global.kimi-k3]
[run99] live advisory miss: stage=S4 channel=development scope=standalone-runtime-dev
[run115] eligibility candidates=4 eligible=1 codes=POLICY_DENY_ENDPOINT=3 request=bench-judge-h07-multi-turn-sla-guard-a1-da8582e3-be00-4619-adf7-bb102ca62a63 alias=- model=- effort=- pass=live allow=[deepseek.personal.deepseek-api-key.global.deepseek-v4-pro] denied=[deepseek.personal.deepseek-api-key.global.deepseek-flash,deepseek.personal.deepseek-api-key.global.deepseek-flash-max,moonshot.personal.kimi-code.global.kimi-k3]
[run99] live advisory miss: stage=S4 channel=development scope=standalone-runtime-dev
[run115] eligibility candidates=4 eligible=1 codes=POLICY_DENY_ENDPOINT=3 request=bench-judge-h08-multi-turn-tool-refine-a1-209bf8d9-2209-493f-9fd9-3ea436acdb74 alias=- model=- effort=- pass=live allow=[deepseek.personal.deepseek-api-key.global.deepseek-v4-pro] denied=[deepseek.personal.deepseek-api-key.global.deepseek-flash,deepseek.personal.deepseek-api-key.global.deepseek-flash-max,moonshot.personal.kimi-code.global.kimi-k3]
[run99] live advisory miss: stage=S4 channel=development scope=standalone-runtime-dev
[run115] eligibility candidates=4 eligible=1 codes=POLICY_DENY_ENDPOINT=3 request=bench-judge-h09-agent-metrics-chain-a1-10baf6d2-3b09-429d-a293-e61ad1e78e7e alias=- model=- effort=- pass=live allow=[deepseek.personal.deepseek-api-key.global.deepseek-v4-pro] denied=[deepseek.personal.deepseek-api-key.global.deepseek-flash,deepseek.personal.deepseek-api-key.global.deepseek-flash-max,moonshot.personal.kimi-code.global.kimi-k3]
[run99] live advisory miss: stage=S4 channel=development scope=standalone-runtime-dev
[run115] eligibility candidates=4 eligible=1 codes=POLICY_DENY_ENDPOINT=3 request=bench-judge-h10-agent-read-grep-patch-a1-b7f9500e-f86d-45a5-a14c-9e6594e6beba alias=- model=- effort=- pass=live allow=[deepseek.personal.deepseek-api-key.global.deepseek-v4-pro] denied=[deepseek.personal.deepseek-api-key.global.deepseek-flash,deepseek.personal.deepseek-api-key.global.deepseek-flash-max,moonshot.personal.kimi-code.global.kimi-k3]
[run99] live advisory miss: stage=S4 channel=development scope=standalone-runtime-dev
[run115] eligibility candidates=4 eligible=1 codes=POLICY_DENY_ENDPOINT=3 request=bench-judge-h15-max-signal-v3-a1-bc3ed81c-e6d9-41a7-be90-0397561baddd alias=- model=- effort=- pass=live allow=[deepseek.personal.deepseek-api-key.global.deepseek-v4-pro] denied=[deepseek.personal.deepseek-api-key.global.deepseek-flash,deepseek.personal.deepseek-api-key.global.deepseek-flash-max,moonshot.personal.kimi-code.global.kimi-k3]
[run105] 32 capture(s) refused as no_route_classification: no (role, task) classification, so they never enter the replay/eval queue and get no advisory
[run104-pending] captures=43 scoped=1 first=req-338d6539-31db-4122-8586-82223a30846c,req-32aa5e6b-b690-4e04-bfa1-fbc2b78e2bfe,req-0c457ccd-d0d6-4bec-988b-d798d25c36bf only=none pendingCount=32 captureCount=189
[run99] live advisory miss: stage=S4 channel=development scope=standalone-runtime-dev
[run115] eligibility candidates=4 eligible=1 codes=POLICY_DENY_ENDPOINT=3 request=bench-judge-p17-tools-multi-hard-a1-1ab66ed1-7c79-45ff-a3af-1c55bbf7ca81 alias=- model=- effort=- pass=live allow=[deepseek.personal.deepseek-api-key.global.deepseek-v4-pro] denied=[deepseek.personal.deepseek-api-key.global.deepseek-flash,deepseek.personal.deepseek-api-key.global.deepseek-flash-max,moonshot.personal.kimi-code.global.kimi-k3]
[run99] live advisory miss: stage=S4 channel=development scope=standalone-runtime-dev
[run115] eligibility candidates=4 eligible=1 codes=POLICY_DENY_ENDPOINT=3 request=bench-judge-x01-max-signal-a1-aebcae63-20bd-44b3-9386-f078fb596915 alias=- model=- effort=- pass=live allow=[deepseek.personal.deepseek-api-key.global.deepseek-v4-pro] denied=[deepseek.personal.deepseek-api-key.global.deepseek-flash,deepseek.personal.deepseek-api-key.global.deepseek-flash-max,moonshot.personal.kimi-code.global.kimi-k3]
[run115] eligibility candidates=4 eligible=1 codes=POLICY_DENY_ENDPOINT=3 request=bench-judge-h01-implement-two-sum-a1-781a6107-1825-4252-82d5-954b638da15d alias=- model=- effort=- pass=live allow=[deepseek.personal.deepseek-api-key.global.deepseek-v4-pro] denied=[deepseek.personal.deepseek-api-key.global.deepseek-flash,deepseek.personal.deepseek-api-key.global.deepseek-flash-max,moonshot.personal.kimi-code.global.kimi-k3]
[run115] eligibility candidates=4 eligible=1 codes=POLICY_DENY_ENDPOINT=3 request=bench-judge-h02-fix-async-counter-a1-4c2e8239-b10f-456e-8406-283e740142dc alias=- model=- effort=- pass=live allow=[deepseek.personal.deepseek-api-key.global.deepseek-v4-pro] denied=[deepseek.personal.deepseek-api-key.global.deepseek-flash,deepseek.personal.deepseek-api-key.global.deepseek-flash-max,moonshot.personal.kimi-code.global.kimi-k3]
[run105] 32 capture(s) refused as no_route_classification: no (role, task) classification, so they never enter the replay/eval queue and get no advisory
[run104-pending] captures=43 scoped=1 first=req-338d6539-31db-4122-8586-82223a30846c,req-32aa5e6b-b690-4e04-bfa1-fbc2b78e2bfe,req-0c457ccd-d0d6-4bec-988b-d798d25c36bf only=none pendingCount=32 captureCount=189
[run101] recovery sweep: examined=1 candidates=1 recovered=0 - every candidate already has its evaluation
[run105] 32 capture(s) refused as no_route_classification: no (role, task) classification, so they never enter the replay/eval queue and get no advisory
[run104-pending] captures=43 scoped=1 first=req-338d6539-31db-4122-8586-82223a30846c,req-32aa5e6b-b690-4e04-bfa1-fbc2b78e2bfe,req-0c457ccd-d0d6-4bec-988b-d798d25c36bf only=none pendingCount=32 captureCount=189
[run105] 32 capture(s) refused as no_route_classification: no (role, task) classification, so they never enter the replay/eval queue and get no advisory
[run104-pending] captures=43 scoped=1 first=req-338d6539-31db-4122-8586-82223a30846c,req-32aa5e6b-b690-4e04-bfa1-fbc2b78e2bfe,req-0c457ccd-d0d6-4bec-988b-d798d25c36bf only=none pendingCount=32 captureCount=189
