
> @role-model-router/runtime-host-bridge@0.0.0 package-sea E:\tmp\run105-r15-hotfix-public\role-model-router\apps\runtime-host-bridge
> tsx src/package-sea.ts

(node:16712) ExperimentalWarning: SQLite is an experimental feature and might change at any time
(Use `node --trace-warnings ...` to show where the warning was created)
go: downloading github.com/klauspost/compress v1.18.5
▲ [WARNING] "import.meta" is not available with the "cjs" output format and will be empty [empty-import-meta]

    ../../packages/effect/dist/chunks/chunk-KS3JBYQL.js:191:7:
      191 │     ...import.meta?.env
          ╵        ~~~~~~~~~~~

  You need to set the output format to "esm" for "import.meta" to work correctly.

▲ [WARNING] Ignoring this import because "../../packages/effect/dist/chunks/chunk-F7ZNG73B.js" was marked as having no side effects [ignored-bare-import]

    ../../packages/effect/dist/index.js:35:7:
      35 │ import "./chunks/chunk-F7ZNG73B.js";
         ╵        ~~~~~~~~~~~~~~~~~~~~~~~~~~~~

  It was excluded from the "sideEffects" array in the enclosing "package.json" file:

    ../../packages/effect/package.json:21:2:
      21 │   "sideEffects": ["./src/index.ts"],
         ╵   ~~~~~~~~~~~~~

▲ [WARNING] Ignoring this import because "../../packages/effect/dist/chunks/chunk-EZVVN7BT.js" was marked as having no side effects [ignored-bare-import]

    ../../packages/effect/dist/index.js:36:7:
      36 │ import "./chunks/chunk-EZVVN7BT.js";
         ╵        ~~~~~~~~~~~~~~~~~~~~~~~~~~~~

  It was excluded from the "sideEffects" array in the enclosing "package.json" file:

    ../../packages/effect/package.json:21:2:
      21 │   "sideEffects": ["./src/index.ts"],
         ╵   ~~~~~~~~~~~~~

▲ [WARNING] Ignoring this import because "../../packages/effect/dist/chunks/chunk-LTSWO3MI.js" was marked as having no side effects [ignored-bare-import]

    ../../packages/effect/dist/index.js:37:7:
      37 │ import "./chunks/chunk-LTSWO3MI.js";
         ╵        ~~~~~~~~~~~~~~~~~~~~~~~~~~~~

  It was excluded from the "sideEffects" array in the enclosing "package.json" file:

    ../../packages/effect/package.json:21:2:
      21 │   "sideEffects": ["./src/index.ts"],
         ╵   ~~~~~~~~~~~~~

▲ [WARNING] Ignoring this import because "../../packages/effect/dist/chunks/chunk-P44K6ZFC.js" was marked as having no side effects [ignored-bare-import]

    ../../packages/effect/dist/index.js:41:7:
      41 │ import "./chunks/chunk-P44K6ZFC.js";
         ╵        ~~~~~~~~~~~~~~~~~~~~~~~~~~~~

  It was excluded from the "sideEffects" array in the enclosing "package.json" file:

    ../../packages/effect/package.json:21:2:
      21 │   "sideEffects": ["./src/index.ts"],
         ╵   ~~~~~~~~~~~~~

▲ [WARNING] Ignoring this import because "../../packages/effect/dist/chunks/chunk-DBUXQOMS.js" was marked as having no side effects [ignored-bare-import]

    ../../packages/effect/dist/index.js:42:7:
      42 │ import "./chunks/chunk-DBUXQOMS.js";
         ╵        ~~~~~~~~~~~~~~~~~~~~~~~~~~~~

  It was excluded from the "sideEffects" array in the enclosing "package.json" file:

    ../../packages/effect/package.json:21:2:
      21 │   "sideEffects": ["./src/index.ts"],
         ╵   ~~~~~~~~~~~~~

▲ [WARNING] Ignoring this import because "../../packages/effect/dist/chunks/chunk-D5FHL44E.js" was marked as having no side effects [ignored-bare-import]

    ../../packages/effect/dist/index.js:43:7:
      43 │ import "./chunks/chunk-D5FHL44E.js";
         ╵        ~~~~~~~~~~~~~~~~~~~~~~~~~~~~

  It was excluded from the "sideEffects" array in the enclosing "package.json" file:

    ../../packages/effect/package.json:21:2:
      21 │   "sideEffects": ["./src/index.ts"],
         ╵   ~~~~~~~~~~~~~

▲ [WARNING] Ignoring this import because "../../packages/effect/dist/chunks/chunk-T6YTVYST.js" was marked as having no side effects [ignored-bare-import]

    ../../packages/effect/dist/index.js:80:7:
      80 │ import "./chunks/chunk-T6YTVYST.js";
         ╵        ~~~~~~~~~~~~~~~~~~~~~~~~~~~~

  It was excluded from the "sideEffects" array in the enclosing "package.json" file:

    ../../packages/effect/package.json:21:2:
      21 │   "sideEffects": ["./src/index.ts"],
         ╵   ~~~~~~~~~~~~~

▲ [WARNING] Ignoring this import because "../../packages/effect/dist/chunks/chunk-WHF3L6PH.js" was marked as having no side effects [ignored-bare-import]

    ../../packages/effect/dist/index.js:245:7:
      245 │ import "./chunks/chunk-WHF3L6PH.js";
          ╵        ~~~~~~~~~~~~~~~~~~~~~~~~~~~~

  It was excluded from the "sideEffects" array in the enclosing "package.json" file:

    ../../packages/effect/package.json:21:2:
      21 │   "sideEffects": ["./src/index.ts"],
         ╵   ~~~~~~~~~~~~~

▲ [WARNING] Ignoring this import because "../../packages/effect/dist/chunks/chunk-GPKC4G7C.js" was marked as having no side effects [ignored-bare-import]

    ../../packages/effect/dist/index.js:246:7:
      246 │ import "./chunks/chunk-GPKC4G7C.js";
          ╵        ~~~~~~~~~~~~~~~~~~~~~~~~~~~~

  It was excluded from the "sideEffects" array in the enclosing "package.json" file:

    ../../packages/effect/package.json:21:2:
      21 │   "sideEffects": ["./src/index.ts"],
         ╵   ~~~~~~~~~~~~~

▲ [WARNING] Ignoring this import because "../../packages/effect/dist/chunks/chunk-DNDSLLKF.js" was marked as having no side effects [ignored-bare-import]

    ../../packages/effect/dist/index.js:247:7:
      247 │ import "./chunks/chunk-DNDSLLKF.js";
          ╵        ~~~~~~~~~~~~~~~~~~~~~~~~~~~~

  It was excluded from the "sideEffects" array in the enclosing "package.json" file:

    ../../packages/effect/package.json:21:2:
      21 │   "sideEffects": ["./src/index.ts"],
         ╵   ~~~~~~~~~~~~~

▲ [WARNING] Ignoring this import because "../../packages/effect/dist/chunks/chunk-37C2CP6S.js" was marked as having no side effects [ignored-bare-import]

    ../../packages/effect/dist/index.js:248:7:
      248 │ import "./chunks/chunk-37C2CP6S.js";
          ╵        ~~~~~~~~~~~~~~~~~~~~~~~~~~~~

  It was excluded from the "sideEffects" array in the enclosing "package.json" file:

    ../../packages/effect/package.json:21:2:
      21 │   "sideEffects": ["./src/index.ts"],
         ╵   ~~~~~~~~~~~~~

▲ [WARNING] Ignoring this import because "../../packages/effect/dist/chunks/chunk-3NFYQEQM.js" was marked as having no side effects [ignored-bare-import]

    ../../packages/effect/dist/index.js:249:7:
      249 │ import "./chunks/chunk-3NFYQEQM.js";
          ╵        ~~~~~~~~~~~~~~~~~~~~~~~~~~~~

  It was excluded from the "sideEffects" array in the enclosing "package.json" file:

    ../../packages/effect/package.json:21:2:
      21 │   "sideEffects": ["./src/index.ts"],
         ╵   ~~~~~~~~~~~~~

▲ [WARNING] Ignoring this import because "../../packages/effect/dist/chunks/chunk-S5J3FXE2.js" was marked as having no side effects [ignored-bare-import]

    ../../packages/effect/dist/index.js:256:7:
      256 │ import "./chunks/chunk-S5J3FXE2.js";
          ╵        ~~~~~~~~~~~~~~~~~~~~~~~~~~~~

  It was excluded from the "sideEffects" array in the enclosing "package.json" file:

    ../../packages/effect/package.json:21:2:
      21 │   "sideEffects": ["./src/index.ts"],
         ╵   ~~~~~~~~~~~~~

▲ [WARNING] Ignoring this import because "../../packages/effect/dist/chunks/chunk-446BBSPZ.js" was marked as having no side effects [ignored-bare-import]

    ../../packages/effect/dist/index.js:605:7:
      605 │ import "./chunks/chunk-446BBSPZ.js";
          ╵        ~~~~~~~~~~~~~~~~~~~~~~~~~~~~

  It was excluded from the "sideEffects" array in the enclosing "package.json" file:

    ../../packages/effect/package.json:21:2:
      21 │   "sideEffects": ["./src/index.ts"],
         ╵   ~~~~~~~~~~~~~

▲ [WARNING] Ignoring this import because "../../packages/effect/dist/chunks/chunk-QSREGHW5.js" was marked as having no side effects [ignored-bare-import]

    ../../packages/effect/dist/unstable/persistence.js:4:7:
      4 │ import "../chunks/chunk-QSREGHW5.js";
        ╵        ~~~~~~~~~~~~~~~~~~~~~~~~~~~~~

  It was excluded from the "sideEffects" array in the enclosing "package.json" file:

    ../../packages/effect/package.json:21:2:
      21 │   "sideEffects": ["./src/index.ts"],
         ╵   ~~~~~~~~~~~~~

▲ [WARNING] Ignoring this import because "../../packages/effect/dist/chunks/chunk-H7K6HASC.js" was marked as having no side effects [ignored-bare-import]

    ../../packages/effect/dist/unstable/persistence.js:18:7:
      18 │ import "../chunks/chunk-H7K6HASC.js";
         ╵        ~~~~~~~~~~~~~~~~~~~~~~~~~~~~~

  It was excluded from the "sideEffects" array in the enclosing "package.json" file:

    ../../packages/effect/package.json:21:2:
      21 │   "sideEffects": ["./src/index.ts"],
         ╵   ~~~~~~~~~~~~~

▲ [WARNING] Ignoring this import because "../../packages/effect/dist/chunks/chunk-P44K6ZFC.js" was marked as having no side effects [ignored-bare-import]

    ../../packages/effect/dist/unstable/persistence.js:19:7:
      19 │ import "../chunks/chunk-P44K6ZFC.js";
         ╵        ~~~~~~~~~~~~~~~~~~~~~~~~~~~~~

  It was excluded from the "sideEffects" array in the enclosing "package.json" file:

    ../../packages/effect/package.json:21:2:
      21 │   "sideEffects": ["./src/index.ts"],
         ╵   ~~~~~~~~~~~~~

▲ [WARNING] Ignoring this import because "../../packages/effect/dist/chunks/chunk-DBUXQOMS.js" was marked as having no side effects [ignored-bare-import]

    ../../packages/effect/dist/unstable/persistence.js:20:7:
      20 │ import "../chunks/chunk-DBUXQOMS.js";
         ╵        ~~~~~~~~~~~~~~~~~~~~~~~~~~~~~

  It was excluded from the "sideEffects" array in the enclosing "package.json" file:

    ../../packages/effect/package.json:21:2:
      21 │   "sideEffects": ["./src/index.ts"],
         ╵   ~~~~~~~~~~~~~

▲ [WARNING] Ignoring this import because "../../packages/effect/dist/chunks/chunk-D5FHL44E.js" was marked as having no side effects [ignored-bare-import]

    ../../packages/effect/dist/unstable/persistence.js:21:7:
      21 │ import "../chunks/chunk-D5FHL44E.js";
         ╵        ~~~~~~~~~~~~~~~~~~~~~~~~~~~~~

  It was excluded from the "sideEffects" array in the enclosing "package.json" file:

    ../../packages/effect/package.json:21:2:
      21 │   "sideEffects": ["./src/index.ts"],
         ╵   ~~~~~~~~~~~~~

▲ [WARNING] Ignoring this import because "../../packages/effect/dist/chunks/chunk-JG2RCD4H.js" was marked as having no side effects [ignored-bare-import]

    ../../packages/effect/dist/unstable/persistence.js:22:7:
      22 │ import "../chunks/chunk-JG2RCD4H.js";
         ╵        ~~~~~~~~~~~~~~~~~~~~~~~~~~~~~

  It was excluded from the "sideEffects" array in the enclosing "package.json" file:

    ../../packages/effect/package.json:21:2:
      21 │   "sideEffects": ["./src/index.ts"],
         ╵   ~~~~~~~~~~~~~

▲ [WARNING] Ignoring this import because "../../packages/effect/dist/chunks/chunk-WHF3L6PH.js" was marked as having no side effects [ignored-bare-import]

    ../../packages/effect/dist/unstable/persistence.js:41:7:
      41 │ import "../chunks/chunk-WHF3L6PH.js";
         ╵        ~~~~~~~~~~~~~~~~~~~~~~~~~~~~~

  It was excluded from the "sideEffects" array in the enclosing "package.json" file:

    ../../packages/effect/package.json:21:2:
      21 │   "sideEffects": ["./src/index.ts"],
         ╵   ~~~~~~~~~~~~~

▲ [WARNING] Ignoring this import because "../../packages/effect/dist/chunks/chunk-GPKC4G7C.js" was marked as having no side effects [ignored-bare-import]

    ../../packages/effect/dist/unstable/persistence.js:42:7:
      42 │ import "../chunks/chunk-GPKC4G7C.js";
         ╵        ~~~~~~~~~~~~~~~~~~~~~~~~~~~~~

  It was excluded from the "sideEffects" array in the enclosing "package.json" file:

    ../../packages/effect/package.json:21:2:
      21 │   "sideEffects": ["./src/index.ts"],
         ╵   ~~~~~~~~~~~~~

▲ [WARNING] Ignoring this import because "../../packages/effect/dist/chunks/chunk-DNDSLLKF.js" was marked as having no side effects [ignored-bare-import]

    ../../packages/effect/dist/unstable/persistence.js:43:7:
      43 │ import "../chunks/chunk-DNDSLLKF.js";
         ╵        ~~~~~~~~~~~~~~~~~~~~~~~~~~~~~

  It was excluded from the "sideEffects" array in the enclosing "package.json" file:

    ../../packages/effect/package.json:21:2:
      21 │   "sideEffects": ["./src/index.ts"],
         ╵   ~~~~~~~~~~~~~

▲ [WARNING] Ignoring this import because "../../packages/effect/dist/chunks/chunk-37C2CP6S.js" was marked as having no side effects [ignored-bare-import]

    ../../packages/effect/dist/unstable/persistence.js:44:7:
      44 │ import "../chunks/chunk-37C2CP6S.js";
         ╵        ~~~~~~~~~~~~~~~~~~~~~~~~~~~~~

  It was excluded from the "sideEffects" array in the enclosing "package.json" file:

    ../../packages/effect/package.json:21:2:
      21 │   "sideEffects": ["./src/index.ts"],
         ╵   ~~~~~~~~~~~~~

▲ [WARNING] Ignoring this import because "../../packages/effect/dist/chunks/chunk-3NFYQEQM.js" was marked as having no side effects [ignored-bare-import]

    ../../packages/effect/dist/unstable/persistence.js:45:7:
      45 │ import "../chunks/chunk-3NFYQEQM.js";
         ╵        ~~~~~~~~~~~~~~~~~~~~~~~~~~~~~

  It was excluded from the "sideEffects" array in the enclosing "package.json" file:

    ../../packages/effect/package.json:21:2:
      21 │   "sideEffects": ["./src/index.ts"],
         ╵   ~~~~~~~~~~~~~

▲ [WARNING] Ignoring this import because "../../packages/effect/dist/chunks/chunk-Q2P2QF2J.js" was marked as having no side effects [ignored-bare-import]

    ../../packages/effect/dist/unstable/persistence.js:46:7:
      46 │ import "../chunks/chunk-Q2P2QF2J.js";
         ╵        ~~~~~~~~~~~~~~~~~~~~~~~~~~~~~

  It was excluded from the "sideEffects" array in the enclosing "package.json" file:

    ../../packages/effect/package.json:21:2:
      21 │   "sideEffects": ["./src/index.ts"],
         ╵   ~~~~~~~~~~~~~

▲ [WARNING] Ignoring this import because "../../packages/effect/dist/chunks/chunk-WG6HZTEL.js" was marked as having no side effects [ignored-bare-import]

    ../../packages/effect/dist/unstable/persistence.js:47:7:
      47 │ import "../chunks/chunk-WG6HZTEL.js";
         ╵        ~~~~~~~~~~~~~~~~~~~~~~~~~~~~~

  It was excluded from the "sideEffects" array in the enclosing "package.json" file:

    ../../packages/effect/package.json:21:2:
      21 │   "sideEffects": ["./src/index.ts"],
         ╵   ~~~~~~~~~~~~~

▲ [WARNING] Ignoring this import because "../../packages/effect/dist/chunks/chunk-S5J3FXE2.js" was marked as having no side effects [ignored-bare-import]

    ../../packages/effect/dist/unstable/persistence.js:48:7:
      48 │ import "../chunks/chunk-S5J3FXE2.js";
         ╵        ~~~~~~~~~~~~~~~~~~~~~~~~~~~~~

  It was excluded from the "sideEffects" array in the enclosing "package.json" file:

    ../../packages/effect/package.json:21:2:
      21 │   "sideEffects": ["./src/index.ts"],
         ╵   ~~~~~~~~~~~~~

▲ [WARNING] Ignoring this import because "../../packages/effect/dist/chunks/chunk-J5G2UBMW.js" was marked as having no side effects [ignored-bare-import]

    ../../packages/effect/dist/unstable/persistence.js:49:7:
      49 │ import "../chunks/chunk-J5G2UBMW.js";
         ╵        ~~~~~~~~~~~~~~~~~~~~~~~~~~~~~

  It was excluded from the "sideEffects" array in the enclosing "package.json" file:

    ../../packages/effect/package.json:21:2:
      21 │   "sideEffects": ["./src/index.ts"],
         ╵   ~~~~~~~~~~~~~

▲ [WARNING] Ignoring this import because "../../packages/effect/dist/chunks/chunk-KS3JBYQL.js" was marked as having no side effects [ignored-bare-import]

    ../../packages/effect/dist/unstable/persistence.js:50:7:
      50 │ import "../chunks/chunk-KS3JBYQL.js";
         ╵        ~~~~~~~~~~~~~~~~~~~~~~~~~~~~~

  It was excluded from the "sideEffects" array in the enclosing "package.json" file:

    ../../packages/effect/package.json:21:2:
      21 │   "sideEffects": ["./src/index.ts"],
         ╵   ~~~~~~~~~~~~~

▲ [WARNING] Ignoring this import because "../../packages/effect/dist/chunks/chunk-RXCWLQBK.js" was marked as having no side effects [ignored-bare-import]

    ../../packages/effect/dist/unstable/persistence.js:51:7:
      51 │ import "../chunks/chunk-RXCWLQBK.js";
         ╵        ~~~~~~~~~~~~~~~~~~~~~~~~~~~~~

  It was excluded from the "sideEffects" array in the enclosing "package.json" file:

    ../../packages/effect/package.json:21:2:
      21 │   "sideEffects": ["./src/index.ts"],
         ╵   ~~~~~~~~~~~~~

▲ [WARNING] Ignoring this import because "../../packages/effect/dist/chunks/chunk-BGDZTHDX.js" was marked as having no side effects [ignored-bare-import]

    ../../packages/effect/dist/unstable/persistence.js:52:7:
      52 │ import "../chunks/chunk-BGDZTHDX.js";
         ╵        ~~~~~~~~~~~~~~~~~~~~~~~~~~~~~

  It was excluded from the "sideEffects" array in the enclosing "package.json" file:

    ../../packages/effect/package.json:21:2:
      21 │   "sideEffects": ["./src/index.ts"],
         ╵   ~~~~~~~~~~~~~

▲ [WARNING] Ignoring this import because "../../packages/effect/dist/chunks/chunk-6D3MO3Z4.js" was marked as having no side effects [ignored-bare-import]

    ../../packages/effect/dist/unstable/persistence.js:53:7:
      53 │ import "../chunks/chunk-6D3MO3Z4.js";
         ╵        ~~~~~~~~~~~~~~~~~~~~~~~~~~~~~

  It was excluded from the "sideEffects" array in the enclosing "package.json" file:

    ../../packages/effect/package.json:21:2:
      21 │   "sideEffects": ["./src/index.ts"],
         ╵   ~~~~~~~~~~~~~

▲ [WARNING] Ignoring this import because "../../packages/effect/dist/chunks/chunk-TT2HNKPQ.js" was marked as having no side effects [ignored-bare-import]

    ../../packages/effect/dist/unstable/persistence.js:54:7:
      54 │ import "../chunks/chunk-TT2HNKPQ.js";
         ╵        ~~~~~~~~~~~~~~~~~~~~~~~~~~~~~

  It was excluded from the "sideEffects" array in the enclosing "package.json" file:

    ../../packages/effect/package.json:21:2:
      21 │   "sideEffects": ["./src/index.ts"],
         ╵   ~~~~~~~~~~~~~

▲ [WARNING] Ignoring this import because "../../packages/effect/dist/chunks/chunk-R5A6PLNT.js" was marked as having no side effects [ignored-bare-import]

    ../../packages/effect/dist/unstable/persistence.js:55:7:
      55 │ import "../chunks/chunk-R5A6PLNT.js";
         ╵        ~~~~~~~~~~~~~~~~~~~~~~~~~~~~~

  It was excluded from the "sideEffects" array in the enclosing "package.json" file:

    ../../packages/effect/package.json:21:2:
      21 │   "sideEffects": ["./src/index.ts"],
         ╵   ~~~~~~~~~~~~~

▲ [WARNING] Ignoring this import because "../../packages/effect/dist/chunks/chunk-KKOB3HIY.js" was marked as having no side effects [ignored-bare-import]

    ../../packages/effect/dist/unstable/persistence.js:56:7:
      56 │ import "../chunks/chunk-KKOB3HIY.js";
         ╵        ~~~~~~~~~~~~~~~~~~~~~~~~~~~~~

  It was excluded from the "sideEffects" array in the enclosing "package.json" file:

    ../../packages/effect/package.json:21:2:
      21 │   "sideEffects": ["./src/index.ts"],
         ╵   ~~~~~~~~~~~~~

▲ [WARNING] Ignoring this import because "../../packages/effect/dist/chunks/chunk-C4ND67W7.js" was marked as having no side effects [ignored-bare-import]

    ../../packages/effect/dist/unstable/persistence.js:57:7:
      57 │ import "../chunks/chunk-C4ND67W7.js";
         ╵        ~~~~~~~~~~~~~~~~~~~~~~~~~~~~~

  It was excluded from the "sideEffects" array in the enclosing "package.json" file:

    ../../packages/effect/package.json:21:2:
      21 │   "sideEffects": ["./src/index.ts"],
         ╵   ~~~~~~~~~~~~~

▲ [WARNING] Ignoring this import because "../../packages/effect/dist/chunks/chunk-ES7IUIXV.js" was marked as having no side effects [ignored-bare-import]

    ../../packages/effect/dist/unstable/persistence.js:58:7:
      58 │ import "../chunks/chunk-ES7IUIXV.js";
         ╵        ~~~~~~~~~~~~~~~~~~~~~~~~~~~~~

  It was excluded from the "sideEffects" array in the enclosing "package.json" file:

    ../../packages/effect/package.json:21:2:
      21 │   "sideEffects": ["./src/index.ts"],
         ╵   ~~~~~~~~~~~~~

▲ [WARNING] Ignoring this import because "../../packages/effect/dist/chunks/chunk-BPUJUBKY.js" was marked as having no side effects [ignored-bare-import]

    ../../packages/effect/dist/unstable/persistence.js:59:7:
      59 │ import "../chunks/chunk-BPUJUBKY.js";
         ╵        ~~~~~~~~~~~~~~~~~~~~~~~~~~~~~

  It was excluded from the "sideEffects" array in the enclosing "package.json" file:

    ../../packages/effect/package.json:21:2:
      21 │   "sideEffects": ["./src/index.ts"],
         ╵   ~~~~~~~~~~~~~

▲ [WARNING] Ignoring this import because "../../packages/effect/dist/chunks/chunk-KLU4W2JA.js" was marked as having no side effects [ignored-bare-import]

    ../../packages/effect/dist/unstable/persistence.js:60:7:
      60 │ import "../chunks/chunk-KLU4W2JA.js";
         ╵        ~~~~~~~~~~~~~~~~~~~~~~~~~~~~~

  It was excluded from the "sideEffects" array in the enclosing "package.json" file:

    ../../packages/effect/package.json:21:2:
      21 │   "sideEffects": ["./src/index.ts"],
         ╵   ~~~~~~~~~~~~~

▲ [WARNING] Ignoring this import because "../../packages/effect/dist/chunks/chunk-OLX3PE6P.js" was marked as having no side effects [ignored-bare-import]

    ../../packages/effect/dist/unstable/persistence.js:61:7:
      61 │ import "../chunks/chunk-OLX3PE6P.js";
         ╵        ~~~~~~~~~~~~~~~~~~~~~~~~~~~~~

  It was excluded from the "sideEffects" array in the enclosing "package.json" file:

    ../../packages/effect/package.json:21:2:
      21 │   "sideEffects": ["./src/index.ts"],
         ╵   ~~~~~~~~~~~~~

▲ [WARNING] Ignoring this import because "../../packages/effect/dist/chunks/chunk-GRI23STC.js" was marked as having no side effects [ignored-bare-import]

    ../../packages/effect/dist/unstable/persistence.js:62:7:
      62 │ import "../chunks/chunk-GRI23STC.js";
         ╵        ~~~~~~~~~~~~~~~~~~~~~~~~~~~~~

  It was excluded from the "sideEffects" array in the enclosing "package.json" file:

    ../../packages/effect/package.json:21:2:
      21 │   "sideEffects": ["./src/index.ts"],
         ╵   ~~~~~~~~~~~~~

▲ [WARNING] Ignoring this import because "../../packages/effect/dist/chunks/chunk-PPOSPSZS.js" was marked as having no side effects [ignored-bare-import]

    ../../packages/effect/dist/unstable/persistence.js:63:7:
      63 │ import "../chunks/chunk-PPOSPSZS.js";
         ╵        ~~~~~~~~~~~~~~~~~~~~~~~~~~~~~

  It was excluded from the "sideEffects" array in the enclosing "package.json" file:

    ../../packages/effect/package.json:21:2:
      21 │   "sideEffects": ["./src/index.ts"],
         ╵   ~~~~~~~~~~~~~

▲ [WARNING] Ignoring this import because "../../packages/effect/dist/chunks/chunk-UFWYNBZJ.js" was marked as having no side effects [ignored-bare-import]

    ../../packages/effect/dist/unstable/persistence.js:64:7:
      64 │ import "../chunks/chunk-UFWYNBZJ.js";
         ╵        ~~~~~~~~~~~~~~~~~~~~~~~~~~~~~

  It was excluded from the "sideEffects" array in the enclosing "package.json" file:

    ../../packages/effect/package.json:21:2:
      21 │   "sideEffects": ["./src/index.ts"],
         ╵   ~~~~~~~~~~~~~

▲ [WARNING] Ignoring this import because "../../packages/effect/dist/chunks/chunk-GDYBQSPB.js" was marked as having no side effects [ignored-bare-import]

    ../../packages/effect/dist/unstable/persistence.js:83:7:
      83 │ import "../chunks/chunk-GDYBQSPB.js";
         ╵        ~~~~~~~~~~~~~~~~~~~~~~~~~~~~~

  It was excluded from the "sideEffects" array in the enclosing "package.json" file:

    ../../packages/effect/package.json:21:2:
      21 │   "sideEffects": ["./src/index.ts"],
         ╵   ~~~~~~~~~~~~~

▲ [WARNING] Ignoring this import because "../../packages/effect/dist/chunks/chunk-TO773JWL.js" was marked as having no side effects [ignored-bare-import]

    ../../packages/effect/dist/unstable/persistence.js:84:7:
      84 │ import "../chunks/chunk-TO773JWL.js";
         ╵        ~~~~~~~~~~~~~~~~~~~~~~~~~~~~~

  It was excluded from the "sideEffects" array in the enclosing "package.json" file:

    ../../packages/effect/package.json:21:2:
      21 │   "sideEffects": ["./src/index.ts"],
         ╵   ~~~~~~~~~~~~~

▲ [WARNING] Ignoring this import because "../../packages/effect/dist/chunks/chunk-IUBEXSTB.js" was marked as having no side effects [ignored-bare-import]

    ../../packages/effect/dist/unstable/persistence.js:85:7:
      85 │ import "../chunks/chunk-IUBEXSTB.js";
         ╵        ~~~~~~~~~~~~~~~~~~~~~~~~~~~~~

  It was excluded from the "sideEffects" array in the enclosing "package.json" file:

    ../../packages/effect/package.json:21:2:
      21 │   "sideEffects": ["./src/index.ts"],
         ╵   ~~~~~~~~~~~~~

▲ [WARNING] Ignoring this import because "../../packages/effect/dist/chunks/chunk-2TMTOYW5.js" was marked as having no side effects [ignored-bare-import]

    ../../packages/effect/dist/unstable/persistence.js:86:7:
      86 │ import "../chunks/chunk-2TMTOYW5.js";
         ╵        ~~~~~~~~~~~~~~~~~~~~~~~~~~~~~

  It was excluded from the "sideEffects" array in the enclosing "package.json" file:

    ../../packages/effect/package.json:21:2:
      21 │   "sideEffects": ["./src/index.ts"],
         ╵   ~~~~~~~~~~~~~

▲ [WARNING] Ignoring this import because "../../packages/effect/dist/chunks/chunk-I3DNMCQ3.js" was marked as having no side effects [ignored-bare-import]

    ../../packages/effect/dist/unstable/persistence.js:87:7:
      87 │ import "../chunks/chunk-I3DNMCQ3.js";
         ╵        ~~~~~~~~~~~~~~~~~~~~~~~~~~~~~

  It was excluded from the "sideEffects" array in the enclosing "package.json" file:

    ../../packages/effect/package.json:21:2:
      21 │   "sideEffects": ["./src/index.ts"],
         ╵   ~~~~~~~~~~~~~

▲ [WARNING] Ignoring this import because "../../packages/effect/dist/chunks/chunk-EUKMRYT6.js" was marked as having no side effects [ignored-bare-import]

    ../../packages/effect/dist/unstable/persistence.js:92:7:
      92 │ import "../chunks/chunk-EUKMRYT6.js";
         ╵        ~~~~~~~~~~~~~~~~~~~~~~~~~~~~~

  It was excluded from the "sideEffects" array in the enclosing "package.json" file:

    ../../packages/effect/package.json:21:2:
      21 │   "sideEffects": ["./src/index.ts"],
         ╵   ~~~~~~~~~~~~~

▲ [WARNING] Ignoring this import because "../../packages/effect/dist/chunks/chunk-7RKZFE62.js" was marked as having no side effects [ignored-bare-import]

    ../../packages/effect/dist/unstable/persistence.js:93:7:
      93 │ import "../chunks/chunk-7RKZFE62.js";
         ╵        ~~~~~~~~~~~~~~~~~~~~~~~~~~~~~

  It was excluded from the "sideEffects" array in the enclosing "package.json" file:

    ../../packages/effect/package.json:21:2:
      21 │   "sideEffects": ["./src/index.ts"],
         ╵   ~~~~~~~~~~~~~

▲ [WARNING] Ignoring this import because "../../packages/effect/dist/chunks/chunk-OMG3NQZS.js" was marked as having no side effects [ignored-bare-import]

    ../../packages/effect/dist/unstable/persistence.js:94:7:
      94 │ import "../chunks/chunk-OMG3NQZS.js";
         ╵        ~~~~~~~~~~~~~~~~~~~~~~~~~~~~~

  It was excluded from the "sideEffects" array in the enclosing "package.json" file:

    ../../packages/effect/package.json:21:2:
      21 │   "sideEffects": ["./src/index.ts"],
         ╵   ~~~~~~~~~~~~~

▲ [WARNING] Ignoring this import because "../../packages/effect/dist/chunks/chunk-NDLI3H6S.js" was marked as having no side effects [ignored-bare-import]

    ../../packages/effect/dist/unstable/persistence.js:95:7:
      95 │ import "../chunks/chunk-NDLI3H6S.js";
         ╵        ~~~~~~~~~~~~~~~~~~~~~~~~~~~~~

  It was excluded from the "sideEffects" array in the enclosing "package.json" file:

    ../../packages/effect/package.json:21:2:
      21 │   "sideEffects": ["./src/index.ts"],
         ╵   ~~~~~~~~~~~~~

▲ [WARNING] Ignoring this import because "../../packages/effect/dist/chunks/chunk-XANYWE7E.js" was marked as having no side effects [ignored-bare-import]

    ../../packages/effect/dist/unstable/persistence.js:96:7:
      96 │ import "../chunks/chunk-XANYWE7E.js";
         ╵        ~~~~~~~~~~~~~~~~~~~~~~~~~~~~~

  It was excluded from the "sideEffects" array in the enclosing "package.json" file:

    ../../packages/effect/package.json:21:2:
      21 │   "sideEffects": ["./src/index.ts"],
         ╵   ~~~~~~~~~~~~~

▲ [WARNING] Ignoring this import because "../../packages/effect/dist/chunks/chunk-VDWG5QMS.js" was marked as having no side effects [ignored-bare-import]

    ../../packages/effect/dist/unstable/persistence.js:97:7:
      97 │ import "../chunks/chunk-VDWG5QMS.js";
         ╵        ~~~~~~~~~~~~~~~~~~~~~~~~~~~~~

  It was excluded from the "sideEffects" array in the enclosing "package.json" file:

    ../../packages/effect/package.json:21:2:
      21 │   "sideEffects": ["./src/index.ts"],
         ╵   ~~~~~~~~~~~~~

▲ [WARNING] Ignoring this import because "../../packages/effect/dist/chunks/chunk-FTZB7ATJ.js" was marked as having no side effects [ignored-bare-import]

    ../../packages/effect/dist/unstable/persistence.js:98:7:
      98 │ import "../chunks/chunk-FTZB7ATJ.js";
         ╵        ~~~~~~~~~~~~~~~~~~~~~~~~~~~~~

  It was excluded from the "sideEffects" array in the enclosing "package.json" file:

    ../../packages/effect/package.json:21:2:
      21 │   "sideEffects": ["./src/index.ts"],
         ╵   ~~~~~~~~~~~~~

▲ [WARNING] Ignoring this import because "../../packages/effect/dist/chunks/chunk-U6RRVDRJ.js" was marked as having no side effects [ignored-bare-import]

    ../../packages/effect/dist/unstable/persistence.js:99:7:
      99 │ import "../chunks/chunk-U6RRVDRJ.js";
         ╵        ~~~~~~~~~~~~~~~~~~~~~~~~~~~~~

  It was excluded from the "sideEffects" array in the enclosing "package.json" file:

    ../../packages/effect/package.json:21:2:
      21 │   "sideEffects": ["./src/index.ts"],
         ╵   ~~~~~~~~~~~~~

▲ [WARNING] Ignoring this import because "../../packages/effect/dist/chunks/chunk-EBZVJ3UH.js" was marked as having no side effects [ignored-bare-import]

    ../../packages/effect/dist/unstable/persistence.js:100:7:
      100 │ import "../chunks/chunk-EBZVJ3UH.js";
          ╵        ~~~~~~~~~~~~~~~~~~~~~~~~~~~~~

  It was excluded from the "sideEffects" array in the enclosing "package.json" file:

    ../../packages/effect/package.json:21:2:
      21 │   "sideEffects": ["./src/index.ts"],
         ╵   ~~~~~~~~~~~~~

▲ [WARNING] Ignoring this import because "../../packages/effect/dist/chunks/chunk-5G6GWEUR.js" was marked as having no side effects [ignored-bare-import]

    ../../packages/effect/dist/unstable/persistence.js:101:7:
      101 │ import "../chunks/chunk-5G6GWEUR.js";
          ╵        ~~~~~~~~~~~~~~~~~~~~~~~~~~~~~

  It was excluded from the "sideEffects" array in the enclosing "package.json" file:

    ../../packages/effect/package.json:21:2:
      21 │   "sideEffects": ["./src/index.ts"],
         ╵   ~~~~~~~~~~~~~

▲ [WARNING] Ignoring this import because "../../packages/effect/dist/chunks/chunk-KTL2XEHB.js" was marked as having no side effects [ignored-bare-import]

    ../../packages/effect/dist/unstable/persistence.js:102:7:
      102 │ import "../chunks/chunk-KTL2XEHB.js";
          ╵        ~~~~~~~~~~~~~~~~~~~~~~~~~~~~~

  It was excluded from the "sideEffects" array in the enclosing "package.json" file:

    ../../packages/effect/package.json:21:2:
      21 │   "sideEffects": ["./src/index.ts"],
         ╵   ~~~~~~~~~~~~~

▲ [WARNING] Ignoring this import because "../../packages/effect/dist/chunks/chunk-TMH7Y6HP.js" was marked as having no side effects [ignored-bare-import]

    ../../packages/effect/dist/unstable/persistence.js:103:7:
      103 │ import "../chunks/chunk-TMH7Y6HP.js";
          ╵        ~~~~~~~~~~~~~~~~~~~~~~~~~~~~~

  It was excluded from the "sideEffects" array in the enclosing "package.json" file:

    ../../packages/effect/package.json:21:2:
      21 │   "sideEffects": ["./src/index.ts"],
         ╵   ~~~~~~~~~~~~~

▲ [WARNING] Ignoring this import because "../../packages/effect/dist/chunks/chunk-VMCXMDFR.js" was marked as having no side effects [ignored-bare-import]

    ../../packages/effect/dist/unstable/persistence.js:104:7:
      104 │ import "../chunks/chunk-VMCXMDFR.js";
          ╵        ~~~~~~~~~~~~~~~~~~~~~~~~~~~~~

  It was excluded from the "sideEffects" array in the enclosing "package.json" file:

    ../../packages/effect/package.json:21:2:
      21 │   "sideEffects": ["./src/index.ts"],
         ╵   ~~~~~~~~~~~~~

▲ [WARNING] Ignoring this import because "../../packages/effect/dist/chunks/chunk-WVSWMADR.js" was marked as having no side effects [ignored-bare-import]

    ../../packages/effect/dist/unstable/persistence.js:105:7:
      105 │ import "../chunks/chunk-WVSWMADR.js";
          ╵        ~~~~~~~~~~~~~~~~~~~~~~~~~~~~~

  It was excluded from the "sideEffects" array in the enclosing "package.json" file:

    ../../packages/effect/package.json:21:2:
      21 │   "sideEffects": ["./src/index.ts"],
         ╵   ~~~~~~~~~~~~~

▲ [WARNING] Ignoring this import because "../../packages/effect/dist/chunks/chunk-XDQ44N2D.js" was marked as having no side effects [ignored-bare-import]

    ../../packages/effect/dist/unstable/persistence.js:109:7:
      109 │ import "../chunks/chunk-XDQ44N2D.js";
          ╵        ~~~~~~~~~~~~~~~~~~~~~~~~~~~~~

  It was excluded from the "sideEffects" array in the enclosing "package.json" file:

    ../../packages/effect/package.json:21:2:
      21 │   "sideEffects": ["./src/index.ts"],
         ╵   ~~~~~~~~~~~~~

▲ [WARNING] Ignoring this import because "../../packages/effect/dist/chunks/chunk-DLP6F2JT.js" was marked as having no side effects [ignored-bare-import]

    ../../packages/effect/dist/unstable/persistence.js:120:7:
      120 │ import "../chunks/chunk-DLP6F2JT.js";
          ╵        ~~~~~~~~~~~~~~~~~~~~~~~~~~~~~

  It was excluded from the "sideEffects" array in the enclosing "package.json" file:

    ../../packages/effect/package.json:21:2:
      21 │   "sideEffects": ["./src/index.ts"],
         ╵   ~~~~~~~~~~~~~

▲ [WARNING] Ignoring this import because "../../packages/effect/dist/chunks/chunk-446BBSPZ.js" was marked as having no side effects [ignored-bare-import]

    ../../packages/effect/dist/unstable/persistence.js:121:7:
      121 │ import "../chunks/chunk-446BBSPZ.js";
          ╵        ~~~~~~~~~~~~~~~~~~~~~~~~~~~~~

  It was excluded from the "sideEffects" array in the enclosing "package.json" file:

    ../../packages/effect/package.json:21:2:
      21 │   "sideEffects": ["./src/index.ts"],
         ╵   ~~~~~~~~~~~~~

▲ [WARNING] Ignoring this import because "../../packages/effect/dist/chunks/chunk-TODVOBQF.js" was marked as having no side effects [ignored-bare-import]

    ../../packages/effect/dist/unstable/persistence.js:122:7:
      122 │ import "../chunks/chunk-TODVOBQF.js";
          ╵        ~~~~~~~~~~~~~~~~~~~~~~~~~~~~~

  It was excluded from the "sideEffects" array in the enclosing "package.json" file:

    ../../packages/effect/package.json:21:2:
      21 │   "sideEffects": ["./src/index.ts"],
         ╵   ~~~~~~~~~~~~~

▲ [WARNING] Ignoring this import because "../../packages/effect/dist/chunks/chunk-YNC4CLO3.js" was marked as having no side effects [ignored-bare-import]

    ../../packages/effect/dist/unstable/persistence.js:123:7:
      123 │ import "../chunks/chunk-YNC4CLO3.js";
          ╵        ~~~~~~~~~~~~~~~~~~~~~~~~~~~~~

  It was excluded from the "sideEffects" array in the enclosing "package.json" file:

    ../../packages/effect/package.json:21:2:
      21 │   "sideEffects": ["./src/index.ts"],
         ╵   ~~~~~~~~~~~~~

▲ [WARNING] Ignoring this import because "../../packages/effect/dist/chunks/chunk-VDWG5QMS.js" was marked as having no side effects [ignored-bare-import]

    ../../packages/effect/dist/Cache.js:18:7:
      18 │ import "./chunks/chunk-VDWG5QMS.js";
         ╵        ~~~~~~~~~~~~~~~~~~~~~~~~~~~~

  It was excluded from the "sideEffects" array in the enclosing "package.json" file:

    ../../packages/effect/package.json:21:2:
      21 │   "sideEffects": ["./src/index.ts"],
         ╵   ~~~~~~~~~~~~~

▲ [WARNING] Ignoring this import because "../../packages/effect/dist/chunks/chunk-EBZVJ3UH.js" was marked as having no side effects [ignored-bare-import]

    ../../packages/effect/dist/Cache.js:19:7:
      19 │ import "./chunks/chunk-EBZVJ3UH.js";
         ╵        ~~~~~~~~~~~~~~~~~~~~~~~~~~~~

  It was excluded from the "sideEffects" array in the enclosing "package.json" file:

    ../../packages/effect/package.json:21:2:
      21 │   "sideEffects": ["./src/index.ts"],
         ╵   ~~~~~~~~~~~~~

▲ [WARNING] Ignoring this import because "../../packages/effect/dist/chunks/chunk-5G6GWEUR.js" was marked as having no side effects [ignored-bare-import]

    ../../packages/effect/dist/Cache.js:20:7:
      20 │ import "./chunks/chunk-5G6GWEUR.js";
         ╵        ~~~~~~~~~~~~~~~~~~~~~~~~~~~~

  It was excluded from the "sideEffects" array in the enclosing "package.json" file:

    ../../packages/effect/package.json:21:2:
      21 │   "sideEffects": ["./src/index.ts"],
         ╵   ~~~~~~~~~~~~~

▲ [WARNING] Ignoring this import because "../../packages/effect/dist/chunks/chunk-KTL2XEHB.js" was marked as having no side effects [ignored-bare-import]

    ../../packages/effect/dist/Cache.js:21:7:
      21 │ import "./chunks/chunk-KTL2XEHB.js";
         ╵        ~~~~~~~~~~~~~~~~~~~~~~~~~~~~

  It was excluded from the "sideEffects" array in the enclosing "package.json" file:

    ../../packages/effect/package.json:21:2:
      21 │   "sideEffects": ["./src/index.ts"],
         ╵   ~~~~~~~~~~~~~

▲ [WARNING] Ignoring this import because "../../packages/effect/dist/chunks/chunk-TMH7Y6HP.js" was marked as having no side effects [ignored-bare-import]

    ../../packages/effect/dist/Cache.js:22:7:
      22 │ import "./chunks/chunk-TMH7Y6HP.js";
         ╵        ~~~~~~~~~~~~~~~~~~~~~~~~~~~~

  It was excluded from the "sideEffects" array in the enclosing "package.json" file:

    ../../packages/effect/package.json:21:2:
      21 │   "sideEffects": ["./src/index.ts"],
         ╵   ~~~~~~~~~~~~~

▲ [WARNING] Ignoring this import because "../../packages/effect/dist/chunks/chunk-VMCXMDFR.js" was marked as having no side effects [ignored-bare-import]

    ../../packages/effect/dist/Cache.js:23:7:
      23 │ import "./chunks/chunk-VMCXMDFR.js";
         ╵        ~~~~~~~~~~~~~~~~~~~~~~~~~~~~

  It was excluded from the "sideEffects" array in the enclosing "package.json" file:

    ../../packages/effect/package.json:21:2:
      21 │   "sideEffects": ["./src/index.ts"],
         ╵   ~~~~~~~~~~~~~

▲ [WARNING] Ignoring this import because "../../packages/effect/dist/chunks/chunk-WVSWMADR.js" was marked as having no side effects [ignored-bare-import]

    ../../packages/effect/dist/Cache.js:24:7:
      24 │ import "./chunks/chunk-WVSWMADR.js";
         ╵        ~~~~~~~~~~~~~~~~~~~~~~~~~~~~

  It was excluded from the "sideEffects" array in the enclosing "package.json" file:

    ../../packages/effect/package.json:21:2:
      21 │   "sideEffects": ["./src/index.ts"],
         ╵   ~~~~~~~~~~~~~

▲ [WARNING] Ignoring this import because "../../packages/effect/dist/chunks/chunk-NFTO2QYI.js" was marked as having no side effects [ignored-bare-import]

    ../../packages/effect/dist/Cache.js:25:7:
      25 │ import "./chunks/chunk-NFTO2QYI.js";
         ╵        ~~~~~~~~~~~~~~~~~~~~~~~~~~~~

  It was excluded from the "sideEffects" array in the enclosing "package.json" file:

    ../../packages/effect/package.json:21:2:
      21 │   "sideEffects": ["./src/index.ts"],
         ╵   ~~~~~~~~~~~~~

▲ [WARNING] Ignoring this import because "../../packages/effect/dist/chunks/chunk-XDQ44N2D.js" was marked as having no side effects [ignored-bare-import]

    ../../packages/effect/dist/Cache.js:26:7:
      26 │ import "./chunks/chunk-XDQ44N2D.js";
         ╵        ~~~~~~~~~~~~~~~~~~~~~~~~~~~~

  It was excluded from the "sideEffects" array in the enclosing "package.json" file:

    ../../packages/effect/package.json:21:2:
      21 │   "sideEffects": ["./src/index.ts"],
         ╵   ~~~~~~~~~~~~~

▲ [WARNING] Ignoring this import because "../../packages/effect/dist/chunks/chunk-YOIRNCU2.js" was marked as having no side effects [ignored-bare-import]

    ../../packages/effect/dist/Cache.js:27:7:
      27 │ import "./chunks/chunk-YOIRNCU2.js";
         ╵        ~~~~~~~~~~~~~~~~~~~~~~~~~~~~

  It was excluded from the "sideEffects" array in the enclosing "package.json" file:

    ../../packages/effect/package.json:21:2:
      21 │   "sideEffects": ["./src/index.ts"],
         ╵   ~~~~~~~~~~~~~

▲ [WARNING] Ignoring this import because "../../packages/effect/dist/chunks/chunk-DLP6F2JT.js" was marked as having no side effects [ignored-bare-import]

    ../../packages/effect/dist/Cache.js:28:7:
      28 │ import "./chunks/chunk-DLP6F2JT.js";
         ╵        ~~~~~~~~~~~~~~~~~~~~~~~~~~~~

  It was excluded from the "sideEffects" array in the enclosing "package.json" file:

    ../../packages/effect/package.json:21:2:
      21 │   "sideEffects": ["./src/index.ts"],
         ╵   ~~~~~~~~~~~~~

▲ [WARNING] Ignoring this import because "../../packages/effect/dist/chunks/chunk-446BBSPZ.js" was marked as having no side effects [ignored-bare-import]

    ../../packages/effect/dist/Cache.js:29:7:
      29 │ import "./chunks/chunk-446BBSPZ.js";
         ╵        ~~~~~~~~~~~~~~~~~~~~~~~~~~~~

  It was excluded from the "sideEffects" array in the enclosing "package.json" file:

    ../../packages/effect/package.json:21:2:
      21 │   "sideEffects": ["./src/index.ts"],
         ╵   ~~~~~~~~~~~~~

▲ [WARNING] Ignoring this import because "../../packages/effect/dist/chunks/chunk-TODVOBQF.js" was marked as having no side effects [ignored-bare-import]

    ../../packages/effect/dist/Cache.js:30:7:
      30 │ import "./chunks/chunk-TODVOBQF.js";
         ╵        ~~~~~~~~~~~~~~~~~~~~~~~~~~~~

  It was excluded from the "sideEffects" array in the enclosing "package.json" file:

    ../../packages/effect/package.json:21:2:
      21 │   "sideEffects": ["./src/index.ts"],
         ╵   ~~~~~~~~~~~~~

▲ [WARNING] Ignoring this import because "../../packages/effect/dist/chunks/chunk-YNC4CLO3.js" was marked as having no side effects [ignored-bare-import]

    ../../packages/effect/dist/Cache.js:31:7:
      31 │ import "./chunks/chunk-YNC4CLO3.js";
         ╵        ~~~~~~~~~~~~~~~~~~~~~~~~~~~~

  It was excluded from the "sideEffects" array in the enclosing "package.json" file:

    ../../packages/effect/package.json:21:2:
      21 │   "sideEffects": ["./src/index.ts"],
         ╵   ~~~~~~~~~~~~~

▲ [WARNING] Ignoring this import because "../../packages/effect/dist/chunks/chunk-3YWPVJOL.js" was marked as having no side effects [ignored-bare-import]

    ../../packages/effect/dist/Cache.js:32:7:
      32 │ import "./chunks/chunk-3YWPVJOL.js";
         ╵        ~~~~~~~~~~~~~~~~~~~~~~~~~~~~

  It was excluded from the "sideEffects" array in the enclosing "package.json" file:

    ../../packages/effect/package.json:21:2:
      21 │   "sideEffects": ["./src/index.ts"],
         ╵   ~~~~~~~~~~~~~

▲ [WARNING] Ignoring this import because "../../packages/effect/dist/chunks/chunk-XQEB6YTJ.js" was marked as having no side effects [ignored-bare-import]

    ../../packages/effect/dist/Config.js:33:7:
      33 │ import "./chunks/chunk-XQEB6YTJ.js";
         ╵        ~~~~~~~~~~~~~~~~~~~~~~~~~~~~

  It was excluded from the "sideEffects" array in the enclosing "package.json" file:

    ../../packages/effect/package.json:21:2:
      21 │   "sideEffects": ["./src/index.ts"],
         ╵   ~~~~~~~~~~~~~

▲ [WARNING] Ignoring this import because "../../packages/effect/dist/chunks/chunk-WHF3L6PH.js" was marked as having no side effects [ignored-bare-import]

    ../../packages/effect/dist/Config.js:34:7:
      34 │ import "./chunks/chunk-WHF3L6PH.js";
         ╵        ~~~~~~~~~~~~~~~~~~~~~~~~~~~~

  It was excluded from the "sideEffects" array in the enclosing "package.json" file:

    ../../packages/effect/package.json:21:2:
      21 │   "sideEffects": ["./src/index.ts"],
         ╵   ~~~~~~~~~~~~~

▲ [WARNING] Ignoring this import because "../../packages/effect/dist/chunks/chunk-GPKC4G7C.js" was marked as having no side effects [ignored-bare-import]

    ../../packages/effect/dist/Config.js:35:7:
      35 │ import "./chunks/chunk-GPKC4G7C.js";
         ╵        ~~~~~~~~~~~~~~~~~~~~~~~~~~~~

  It was excluded from the "sideEffects" array in the enclosing "package.json" file:

    ../../packages/effect/package.json:21:2:
      21 │   "sideEffects": ["./src/index.ts"],
         ╵   ~~~~~~~~~~~~~

▲ [WARNING] Ignoring this import because "../../packages/effect/dist/chunks/chunk-DNDSLLKF.js" was marked as having no side effects [ignored-bare-import]

    ../../packages/effect/dist/Config.js:36:7:
      36 │ import "./chunks/chunk-DNDSLLKF.js";
         ╵        ~~~~~~~~~~~~~~~~~~~~~~~~~~~~

  It was excluded from the "sideEffects" array in the enclosing "package.json" file:

    ../../packages/effect/package.json:21:2:
      21 │   "sideEffects": ["./src/index.ts"],
         ╵   ~~~~~~~~~~~~~

▲ [WARNING] Ignoring this import because "../../packages/effect/dist/chunks/chunk-37C2CP6S.js" was marked as having no side effects [ignored-bare-import]

    ../../packages/effect/dist/Config.js:37:7:
      37 │ import "./chunks/chunk-37C2CP6S.js";
         ╵        ~~~~~~~~~~~~~~~~~~~~~~~~~~~~

  It was excluded from the "sideEffects" array in the enclosing "package.json" file:

    ../../packages/effect/package.json:21:2:
      21 │   "sideEffects": ["./src/index.ts"],
         ╵   ~~~~~~~~~~~~~

▲ [WARNING] Ignoring this import because "../../packages/effect/dist/chunks/chunk-3NFYQEQM.js" was marked as having no side effects [ignored-bare-import]

    ../../packages/effect/dist/Config.js:38:7:
      38 │ import "./chunks/chunk-3NFYQEQM.js";
         ╵        ~~~~~~~~~~~~~~~~~~~~~~~~~~~~

  It was excluded from the "sideEffects" array in the enclosing "package.json" file:

    ../../packages/effect/package.json:21:2:
      21 │   "sideEffects": ["./src/index.ts"],
         ╵   ~~~~~~~~~~~~~

▲ [WARNING] Ignoring this import because "../../packages/effect/dist/chunks/chunk-Q2P2QF2J.js" was marked as having no side effects [ignored-bare-import]

    ../../packages/effect/dist/Config.js:39:7:
      39 │ import "./chunks/chunk-Q2P2QF2J.js";
         ╵        ~~~~~~~~~~~~~~~~~~~~~~~~~~~~

  It was excluded from the "sideEffects" array in the enclosing "package.json" file:

    ../../packages/effect/package.json:21:2:
      21 │   "sideEffects": ["./src/index.ts"],
         ╵   ~~~~~~~~~~~~~

▲ [WARNING] Ignoring this import because "../../packages/effect/dist/chunks/chunk-WG6HZTEL.js" was marked as having no side effects [ignored-bare-import]

    ../../packages/effect/dist/Config.js:40:7:
      40 │ import "./chunks/chunk-WG6HZTEL.js";
         ╵        ~~~~~~~~~~~~~~~~~~~~~~~~~~~~

  It was excluded from the "sideEffects" array in the enclosing "package.json" file:

    ../../packages/effect/package.json:21:2:
      21 │   "sideEffects": ["./src/index.ts"],
         ╵   ~~~~~~~~~~~~~

▲ [WARNING] Ignoring this import because "../../packages/effect/dist/chunks/chunk-S5J3FXE2.js" was marked as having no side effects [ignored-bare-import]

    ../../packages/effect/dist/Config.js:41:7:
      41 │ import "./chunks/chunk-S5J3FXE2.js";
         ╵        ~~~~~~~~~~~~~~~~~~~~~~~~~~~~

  It was excluded from the "sideEffects" array in the enclosing "package.json" file:

    ../../packages/effect/package.json:21:2:
      21 │   "sideEffects": ["./src/index.ts"],
         ╵   ~~~~~~~~~~~~~

▲ [WARNING] Ignoring this import because "../../packages/effect/dist/chunks/chunk-J5G2UBMW.js" was marked as having no side effects [ignored-bare-import]

    ../../packages/effect/dist/Config.js:42:7:
      42 │ import "./chunks/chunk-J5G2UBMW.js";
         ╵        ~~~~~~~~~~~~~~~~~~~~~~~~~~~~

  It was excluded from the "sideEffects" array in the enclosing "package.json" file:

    ../../packages/effect/package.json:21:2:
      21 │   "sideEffects": ["./src/index.ts"],
         ╵   ~~~~~~~~~~~~~

▲ [WARNING] Ignoring this import because "../../packages/effect/dist/chunks/chunk-KS3JBYQL.js" was marked as having no side effects [ignored-bare-import]

    ../../packages/effect/dist/Config.js:43:7:
      43 │ import "./chunks/chunk-KS3JBYQL.js";
         ╵        ~~~~~~~~~~~~~~~~~~~~~~~~~~~~

  It was excluded from the "sideEffects" array in the enclosing "package.json" file:

    ../../packages/effect/package.json:21:2:
      21 │   "sideEffects": ["./src/index.ts"],
         ╵   ~~~~~~~~~~~~~

▲ [WARNING] Ignoring this import because "../../packages/effect/dist/chunks/chunk-RXCWLQBK.js" was marked as having no side effects [ignored-bare-import]

    ../../packages/effect/dist/Config.js:44:7:
      44 │ import "./chunks/chunk-RXCWLQBK.js";
         ╵        ~~~~~~~~~~~~~~~~~~~~~~~~~~~~

  It was excluded from the "sideEffects" array in the enclosing "package.json" file:

    ../../packages/effect/package.json:21:2:
      21 │   "sideEffects": ["./src/index.ts"],
         ╵   ~~~~~~~~~~~~~

▲ [WARNING] Ignoring this import because "../../packages/effect/dist/chunks/chunk-BGDZTHDX.js" was marked as having no side effects [ignored-bare-import]

    ../../packages/effect/dist/Config.js:45:7:
      45 │ import "./chunks/chunk-BGDZTHDX.js";
         ╵        ~~~~~~~~~~~~~~~~~~~~~~~~~~~~

  It was excluded from the "sideEffects" array in the enclosing "package.json" file:

    ../../packages/effect/package.json:21:2:
      21 │   "sideEffects": ["./src/index.ts"],
         ╵   ~~~~~~~~~~~~~

▲ [WARNING] Ignoring this import because "../../packages/effect/dist/chunks/chunk-6D3MO3Z4.js" was marked as having no side effects [ignored-bare-import]

    ../../packages/effect/dist/Config.js:46:7:
      46 │ import "./chunks/chunk-6D3MO3Z4.js";
         ╵        ~~~~~~~~~~~~~~~~~~~~~~~~~~~~

  It was excluded from the "sideEffects" array in the enclosing "package.json" file:

    ../../packages/effect/package.json:21:2:
      21 │   "sideEffects": ["./src/index.ts"],
         ╵   ~~~~~~~~~~~~~

▲ [WARNING] Ignoring this import because "../../packages/effect/dist/chunks/chunk-TT2HNKPQ.js" was marked as having no side effects [ignored-bare-import]

    ../../packages/effect/dist/Config.js:47:7:
      47 │ import "./chunks/chunk-TT2HNKPQ.js";
         ╵        ~~~~~~~~~~~~~~~~~~~~~~~~~~~~

  It was excluded from the "sideEffects" array in the enclosing "package.json" file:

    ../../packages/effect/package.json:21:2:
      21 │   "sideEffects": ["./src/index.ts"],
         ╵   ~~~~~~~~~~~~~

▲ [WARNING] Ignoring this import because "../../packages/effect/dist/chunks/chunk-R5A6PLNT.js" was marked as having no side effects [ignored-bare-import]

    ../../packages/effect/dist/Config.js:48:7:
      48 │ import "./chunks/chunk-R5A6PLNT.js";
         ╵        ~~~~~~~~~~~~~~~~~~~~~~~~~~~~

  It was excluded from the "sideEffects" array in the enclosing "package.json" file:

    ../../packages/effect/package.json:21:2:
      21 │   "sideEffects": ["./src/index.ts"],
         ╵   ~~~~~~~~~~~~~

▲ [WARNING] Ignoring this import because "../../packages/effect/dist/chunks/chunk-KKOB3HIY.js" was marked as having no side effects [ignored-bare-import]

    ../../packages/effect/dist/Config.js:49:7:
      49 │ import "./chunks/chunk-KKOB3HIY.js";
         ╵        ~~~~~~~~~~~~~~~~~~~~~~~~~~~~

  It was excluded from the "sideEffects" array in the enclosing "package.json" file:

    ../../packages/effect/package.json:21:2:
      21 │   "sideEffects": ["./src/index.ts"],
         ╵   ~~~~~~~~~~~~~

▲ [WARNING] Ignoring this import because "../../packages/effect/dist/chunks/chunk-C4ND67W7.js" was marked as having no side effects [ignored-bare-import]

    ../../packages/effect/dist/Config.js:50:7:
      50 │ import "./chunks/chunk-C4ND67W7.js";
         ╵        ~~~~~~~~~~~~~~~~~~~~~~~~~~~~

  It was excluded from the "sideEffects" array in the enclosing "package.json" file:

    ../../packages/effect/package.json:21:2:
      21 │   "sideEffects": ["./src/index.ts"],
         ╵   ~~~~~~~~~~~~~

▲ [WARNING] Ignoring this import because "../../packages/effect/dist/chunks/chunk-ES7IUIXV.js" was marked as having no side effects [ignored-bare-import]

    ../../packages/effect/dist/Config.js:51:7:
      51 │ import "./chunks/chunk-ES7IUIXV.js";
         ╵        ~~~~~~~~~~~~~~~~~~~~~~~~~~~~

  It was excluded from the "sideEffects" array in the enclosing "package.json" file:

    ../../packages/effect/package.json:21:2:
      21 │   "sideEffects": ["./src/index.ts"],
         ╵   ~~~~~~~~~~~~~

▲ [WARNING] Ignoring this import because "../../packages/effect/dist/chunks/chunk-BPUJUBKY.js" was marked as having no side effects [ignored-bare-import]

    ../../packages/effect/dist/Config.js:52:7:
      52 │ import "./chunks/chunk-BPUJUBKY.js";
         ╵        ~~~~~~~~~~~~~~~~~~~~~~~~~~~~

  It was excluded from the "sideEffects" array in the enclosing "package.json" file:

    ../../packages/effect/package.json:21:2:
      21 │   "sideEffects": ["./src/index.ts"],
         ╵   ~~~~~~~~~~~~~

▲ [WARNING] Ignoring this import because "../../packages/effect/dist/chunks/chunk-KLU4W2JA.js" was marked as having no side effects [ignored-bare-import]

    ../../packages/effect/dist/Config.js:53:7:
      53 │ import "./chunks/chunk-KLU4W2JA.js";
         ╵        ~~~~~~~~~~~~~~~~~~~~~~~~~~~~

  It was excluded from the "sideEffects" array in the enclosing "package.json" file:

    ../../packages/effect/package.json:21:2:
      21 │   "sideEffects": ["./src/index.ts"],
         ╵   ~~~~~~~~~~~~~

▲ [WARNING] Ignoring this import because "../../packages/effect/dist/chunks/chunk-OLX3PE6P.js" was marked as having no side effects [ignored-bare-import]

    ../../packages/effect/dist/Config.js:54:7:
      54 │ import "./chunks/chunk-OLX3PE6P.js";
         ╵        ~~~~~~~~~~~~~~~~~~~~~~~~~~~~

  It was excluded from the "sideEffects" array in the enclosing "package.json" file:

    ../../packages/effect/package.json:21:2:
      21 │   "sideEffects": ["./src/index.ts"],
         ╵   ~~~~~~~~~~~~~

▲ [WARNING] Ignoring this import because "../../packages/effect/dist/chunks/chunk-GRI23STC.js" was marked as having no side effects [ignored-bare-import]

    ../../packages/effect/dist/Config.js:55:7:
      55 │ import "./chunks/chunk-GRI23STC.js";
         ╵        ~~~~~~~~~~~~~~~~~~~~~~~~~~~~

  It was excluded from the "sideEffects" array in the enclosing "package.json" file:

    ../../packages/effect/package.json:21:2:
      21 │   "sideEffects": ["./src/index.ts"],
         ╵   ~~~~~~~~~~~~~

▲ [WARNING] Ignoring this import because "../../packages/effect/dist/chunks/chunk-PPOSPSZS.js" was marked as having no side effects [ignored-bare-import]

    ../../packages/effect/dist/Config.js:56:7:
      56 │ import "./chunks/chunk-PPOSPSZS.js";
         ╵        ~~~~~~~~~~~~~~~~~~~~~~~~~~~~

  It was excluded from the "sideEffects" array in the enclosing "package.json" file:

    ../../packages/effect/package.json:21:2:
      21 │   "sideEffects": ["./src/index.ts"],
         ╵   ~~~~~~~~~~~~~

▲ [WARNING] Ignoring this import because "../../packages/effect/dist/chunks/chunk-UFWYNBZJ.js" was marked as having no side effects [ignored-bare-import]

    ../../packages/effect/dist/Config.js:57:7:
      57 │ import "./chunks/chunk-UFWYNBZJ.js";
         ╵        ~~~~~~~~~~~~~~~~~~~~~~~~~~~~

  It was excluded from the "sideEffects" array in the enclosing "package.json" file:

    ../../packages/effect/package.json:21:2:
      21 │   "sideEffects": ["./src/index.ts"],
         ╵   ~~~~~~~~~~~~~

▲ [WARNING] Ignoring this import because "../../packages/effect/dist/chunks/chunk-FXXV2JEN.js" was marked as having no side effects [ignored-bare-import]

    ../../packages/effect/dist/Config.js:58:7:
      58 │ import "./chunks/chunk-FXXV2JEN.js";
         ╵        ~~~~~~~~~~~~~~~~~~~~~~~~~~~~

  It was excluded from the "sideEffects" array in the enclosing "package.json" file:

    ../../packages/effect/package.json:21:2:
      21 │   "sideEffects": ["./src/index.ts"],
         ╵   ~~~~~~~~~~~~~

▲ [WARNING] Ignoring this import because "../../packages/effect/dist/chunks/chunk-GDYBQSPB.js" was marked as having no side effects [ignored-bare-import]

    ../../packages/effect/dist/Config.js:59:7:
      59 │ import "./chunks/chunk-GDYBQSPB.js";
         ╵        ~~~~~~~~~~~~~~~~~~~~~~~~~~~~

  It was excluded from the "sideEffects" array in the enclosing "package.json" file:

    ../../packages/effect/package.json:21:2:
      21 │   "sideEffects": ["./src/index.ts"],
         ╵   ~~~~~~~~~~~~~

▲ [WARNING] Ignoring this import because "../../packages/effect/dist/chunks/chunk-TO773JWL.js" was marked as having no side effects [ignored-bare-import]

    ../../packages/effect/dist/Config.js:60:7:
      60 │ import "./chunks/chunk-TO773JWL.js";
         ╵        ~~~~~~~~~~~~~~~~~~~~~~~~~~~~

  It was excluded from the "sideEffects" array in the enclosing "package.json" file:

    ../../packages/effect/package.json:21:2:
      21 │   "sideEffects": ["./src/index.ts"],
         ╵   ~~~~~~~~~~~~~

▲ [WARNING] Ignoring this import because "../../packages/effect/dist/chunks/chunk-IUBEXSTB.js" was marked as having no side effects [ignored-bare-import]

    ../../packages/effect/dist/Config.js:61:7:
      61 │ import "./chunks/chunk-IUBEXSTB.js";
         ╵        ~~~~~~~~~~~~~~~~~~~~~~~~~~~~

  It was excluded from the "sideEffects" array in the enclosing "package.json" file:

    ../../packages/effect/package.json:21:2:
      21 │   "sideEffects": ["./src/index.ts"],
         ╵   ~~~~~~~~~~~~~

▲ [WARNING] Ignoring this import because "../../packages/effect/dist/chunks/chunk-2TMTOYW5.js" was marked as having no side effects [ignored-bare-import]

    ../../packages/effect/dist/Config.js:62:7:
      62 │ import "./chunks/chunk-2TMTOYW5.js";
         ╵        ~~~~~~~~~~~~~~~~~~~~~~~~~~~~

  It was excluded from the "sideEffects" array in the enclosing "package.json" file:

    ../../packages/effect/package.json:21:2:
      21 │   "sideEffects": ["./src/index.ts"],
         ╵   ~~~~~~~~~~~~~

▲ [WARNING] Ignoring this import because "../../packages/effect/dist/chunks/chunk-I3DNMCQ3.js" was marked as having no side effects [ignored-bare-import]

    ../../packages/effect/dist/Config.js:63:7:
      63 │ import "./chunks/chunk-I3DNMCQ3.js";
         ╵        ~~~~~~~~~~~~~~~~~~~~~~~~~~~~

  It was excluded from the "sideEffects" array in the enclosing "package.json" file:

    ../../packages/effect/package.json:21:2:
      21 │   "sideEffects": ["./src/index.ts"],
         ╵   ~~~~~~~~~~~~~

▲ [WARNING] Ignoring this import because "../../packages/effect/dist/chunks/chunk-WBCGFPN2.js" was marked as having no side effects [ignored-bare-import]

    ../../packages/effect/dist/Config.js:64:7:
      64 │ import "./chunks/chunk-WBCGFPN2.js";
         ╵        ~~~~~~~~~~~~~~~~~~~~~~~~~~~~

  It was excluded from the "sideEffects" array in the enclosing "package.json" file:

    ../../packages/effect/package.json:21:2:
      21 │   "sideEffects": ["./src/index.ts"],
         ╵   ~~~~~~~~~~~~~

▲ [WARNING] Ignoring this import because "../../packages/effect/dist/chunks/chunk-EUKMRYT6.js" was marked as having no side effects [ignored-bare-import]

    ../../packages/effect/dist/Config.js:65:7:
      65 │ import "./chunks/chunk-EUKMRYT6.js";
         ╵        ~~~~~~~~~~~~~~~~~~~~~~~~~~~~

  It was excluded from the "sideEffects" array in the enclosing "package.json" file:

    ../../packages/effect/package.json:21:2:
      21 │   "sideEffects": ["./src/index.ts"],
         ╵   ~~~~~~~~~~~~~

▲ [WARNING] Ignoring this import because "../../packages/effect/dist/chunks/chunk-7RKZFE62.js" was marked as having no side effects [ignored-bare-import]

    ../../packages/effect/dist/Config.js:66:7:
      66 │ import "./chunks/chunk-7RKZFE62.js";
         ╵        ~~~~~~~~~~~~~~~~~~~~~~~~~~~~

  It was excluded from the "sideEffects" array in the enclosing "package.json" file:

    ../../packages/effect/package.json:21:2:
      21 │   "sideEffects": ["./src/index.ts"],
         ╵   ~~~~~~~~~~~~~

▲ [WARNING] Ignoring this import because "../../packages/effect/dist/chunks/chunk-OMG3NQZS.js" was marked as having no side effects [ignored-bare-import]

    ../../packages/effect/dist/Config.js:67:7:
      67 │ import "./chunks/chunk-OMG3NQZS.js";
         ╵        ~~~~~~~~~~~~~~~~~~~~~~~~~~~~

  It was excluded from the "sideEffects" array in the enclosing "package.json" file:

    ../../packages/effect/package.json:21:2:
      21 │   "sideEffects": ["./src/index.ts"],
         ╵   ~~~~~~~~~~~~~

▲ [WARNING] Ignoring this import because "../../packages/effect/dist/chunks/chunk-NDLI3H6S.js" was marked as having no side effects [ignored-bare-import]

    ../../packages/effect/dist/Config.js:68:7:
      68 │ import "./chunks/chunk-NDLI3H6S.js";
         ╵        ~~~~~~~~~~~~~~~~~~~~~~~~~~~~

  It was excluded from the "sideEffects" array in the enclosing "package.json" file:

    ../../packages/effect/package.json:21:2:
      21 │   "sideEffects": ["./src/index.ts"],
         ╵   ~~~~~~~~~~~~~

▲ [WARNING] Ignoring this import because "../../packages/effect/dist/chunks/chunk-XANYWE7E.js" was marked as having no side effects [ignored-bare-import]

    ../../packages/effect/dist/Config.js:69:7:
      69 │ import "./chunks/chunk-XANYWE7E.js";
         ╵        ~~~~~~~~~~~~~~~~~~~~~~~~~~~~

  It was excluded from the "sideEffects" array in the enclosing "package.json" file:

    ../../packages/effect/package.json:21:2:
      21 │   "sideEffects": ["./src/index.ts"],
         ╵   ~~~~~~~~~~~~~

▲ [WARNING] Ignoring this import because "../../packages/effect/dist/chunks/chunk-VDWG5QMS.js" was marked as having no side effects [ignored-bare-import]

    ../../packages/effect/dist/Config.js:70:7:
      70 │ import "./chunks/chunk-VDWG5QMS.js";
         ╵        ~~~~~~~~~~~~~~~~~~~~~~~~~~~~

  It was excluded from the "sideEffects" array in the enclosing "package.json" file:

    ../../packages/effect/package.json:21:2:
      21 │   "sideEffects": ["./src/index.ts"],
         ╵   ~~~~~~~~~~~~~

▲ [WARNING] Ignoring this import because "../../packages/effect/dist/chunks/chunk-FTZB7ATJ.js" was marked as having no side effects [ignored-bare-import]

    ../../packages/effect/dist/Config.js:71:7:
      71 │ import "./chunks/chunk-FTZB7ATJ.js";
         ╵        ~~~~~~~~~~~~~~~~~~~~~~~~~~~~

  It was excluded from the "sideEffects" array in the enclosing "package.json" file:

    ../../packages/effect/package.json:21:2:
      21 │   "sideEffects": ["./src/index.ts"],
         ╵   ~~~~~~~~~~~~~

▲ [WARNING] Ignoring this import because "../../packages/effect/dist/chunks/chunk-U6RRVDRJ.js" was marked as having no side effects [ignored-bare-import]

    ../../packages/effect/dist/Config.js:72:7:
      72 │ import "./chunks/chunk-U6RRVDRJ.js";
         ╵        ~~~~~~~~~~~~~~~~~~~~~~~~~~~~

  It was excluded from the "sideEffects" array in the enclosing "package.json" file:

    ../../packages/effect/package.json:21:2:
      21 │   "sideEffects": ["./src/index.ts"],
         ╵   ~~~~~~~~~~~~~

▲ [WARNING] Ignoring this import because "../../packages/effect/dist/chunks/chunk-EBZVJ3UH.js" was marked as having no side effects [ignored-bare-import]

    ../../packages/effect/dist/Config.js:73:7:
      73 │ import "./chunks/chunk-EBZVJ3UH.js";
         ╵        ~~~~~~~~~~~~~~~~~~~~~~~~~~~~

  It was excluded from the "sideEffects" array in the enclosing "package.json" file:

    ../../packages/effect/package.json:21:2:
      21 │   "sideEffects": ["./src/index.ts"],
         ╵   ~~~~~~~~~~~~~

▲ [WARNING] Ignoring this import because "../../packages/effect/dist/chunks/chunk-5G6GWEUR.js" was marked as having no side effects [ignored-bare-import]

    ../../packages/effect/dist/Config.js:74:7:
      74 │ import "./chunks/chunk-5G6GWEUR.js";
         ╵        ~~~~~~~~~~~~~~~~~~~~~~~~~~~~

  It was excluded from the "sideEffects" array in the enclosing "package.json" file:

    ../../packages/effect/package.json:21:2:
      21 │   "sideEffects": ["./src/index.ts"],
         ╵   ~~~~~~~~~~~~~

▲ [WARNING] Ignoring this import because "../../packages/effect/dist/chunks/chunk-KTL2XEHB.js" was marked as having no side effects [ignored-bare-import]

    ../../packages/effect/dist/Config.js:75:7:
      75 │ import "./chunks/chunk-KTL2XEHB.js";
         ╵        ~~~~~~~~~~~~~~~~~~~~~~~~~~~~

  It was excluded from the "sideEffects" array in the enclosing "package.json" file:

    ../../packages/effect/package.json:21:2:
      21 │   "sideEffects": ["./src/index.ts"],
         ╵   ~~~~~~~~~~~~~

▲ [WARNING] Ignoring this import because "../../packages/effect/dist/chunks/chunk-TMH7Y6HP.js" was marked as having no side effects [ignored-bare-import]

    ../../packages/effect/dist/Config.js:76:7:
      76 │ import "./chunks/chunk-TMH7Y6HP.js";
         ╵        ~~~~~~~~~~~~~~~~~~~~~~~~~~~~

  It was excluded from the "sideEffects" array in the enclosing "package.json" file:

    ../../packages/effect/package.json:21:2:
      21 │   "sideEffects": ["./src/index.ts"],
         ╵   ~~~~~~~~~~~~~

▲ [WARNING] Ignoring this import because "../../packages/effect/dist/chunks/chunk-VMCXMDFR.js" was marked as having no side effects [ignored-bare-import]

    ../../packages/effect/dist/Config.js:77:7:
      77 │ import "./chunks/chunk-VMCXMDFR.js";
         ╵        ~~~~~~~~~~~~~~~~~~~~~~~~~~~~

  It was excluded from the "sideEffects" array in the enclosing "package.json" file:

    ../../packages/effect/package.json:21:2:
      21 │   "sideEffects": ["./src/index.ts"],
         ╵   ~~~~~~~~~~~~~

▲ [WARNING] Ignoring this import because "../../packages/effect/dist/chunks/chunk-WVSWMADR.js" was marked as having no side effects [ignored-bare-import]

    ../../packages/effect/dist/Config.js:78:7:
      78 │ import "./chunks/chunk-WVSWMADR.js";
         ╵        ~~~~~~~~~~~~~~~~~~~~~~~~~~~~

  It was excluded from the "sideEffects" array in the enclosing "package.json" file:

    ../../packages/effect/package.json:21:2:
      21 │   "sideEffects": ["./src/index.ts"],
         ╵   ~~~~~~~~~~~~~

▲ [WARNING] Ignoring this import because "../../packages/effect/dist/chunks/chunk-NFTO2QYI.js" was marked as having no side effects [ignored-bare-import]

    ../../packages/effect/dist/Config.js:79:7:
      79 │ import "./chunks/chunk-NFTO2QYI.js";
         ╵        ~~~~~~~~~~~~~~~~~~~~~~~~~~~~

  It was excluded from the "sideEffects" array in the enclosing "package.json" file:

    ../../packages/effect/package.json:21:2:
      21 │   "sideEffects": ["./src/index.ts"],
         ╵   ~~~~~~~~~~~~~

▲ [WARNING] Ignoring this import because "../../packages/effect/dist/chunks/chunk-XDQ44N2D.js" was marked as having no side effects [ignored-bare-import]

    ../../packages/effect/dist/Config.js:80:7:
      80 │ import "./chunks/chunk-XDQ44N2D.js";
         ╵        ~~~~~~~~~~~~~~~~~~~~~~~~~~~~

  It was excluded from the "sideEffects" array in the enclosing "package.json" file:

    ../../packages/effect/package.json:21:2:
      21 │   "sideEffects": ["./src/index.ts"],
         ╵   ~~~~~~~~~~~~~

▲ [WARNING] Ignoring this import because "../../packages/effect/dist/chunks/chunk-YOIRNCU2.js" was marked as having no side effects [ignored-bare-import]

    ../../packages/effect/dist/Config.js:81:7:
      81 │ import "./chunks/chunk-YOIRNCU2.js";
         ╵        ~~~~~~~~~~~~~~~~~~~~~~~~~~~~

  It was excluded from the "sideEffects" array in the enclosing "package.json" file:

    ../../packages/effect/package.json:21:2:
      21 │   "sideEffects": ["./src/index.ts"],
         ╵   ~~~~~~~~~~~~~

▲ [WARNING] Ignoring this import because "../../packages/effect/dist/chunks/chunk-DLP6F2JT.js" was marked as having no side effects [ignored-bare-import]

    ../../packages/effect/dist/Config.js:82:7:
      82 │ import "./chunks/chunk-DLP6F2JT.js";
         ╵        ~~~~~~~~~~~~~~~~~~~~~~~~~~~~

  It was excluded from the "sideEffects" array in the enclosing "package.json" file:

    ../../packages/effect/package.json:21:2:
      21 │   "sideEffects": ["./src/index.ts"],
         ╵   ~~~~~~~~~~~~~

▲ [WARNING] Ignoring this import because "../../packages/effect/dist/chunks/chunk-446BBSPZ.js" was marked as having no side effects [ignored-bare-import]

    ../../packages/effect/dist/Config.js:83:7:
      83 │ import "./chunks/chunk-446BBSPZ.js";
         ╵        ~~~~~~~~~~~~~~~~~~~~~~~~~~~~

  It was excluded from the "sideEffects" array in the enclosing "package.json" file:

    ../../packages/effect/package.json:21:2:
      21 │   "sideEffects": ["./src/index.ts"],
         ╵   ~~~~~~~~~~~~~

▲ [WARNING] Ignoring this import because "../../packages/effect/dist/chunks/chunk-TODVOBQF.js" was marked as having no side effects [ignored-bare-import]

    ../../packages/effect/dist/Config.js:84:7:
      84 │ import "./chunks/chunk-TODVOBQF.js";
         ╵        ~~~~~~~~~~~~~~~~~~~~~~~~~~~~

  It was excluded from the "sideEffects" array in the enclosing "package.json" file:

    ../../packages/effect/package.json:21:2:
      21 │   "sideEffects": ["./src/index.ts"],
         ╵   ~~~~~~~~~~~~~

▲ [WARNING] Ignoring this import because "../../packages/effect/dist/chunks/chunk-YNC4CLO3.js" was marked as having no side effects [ignored-bare-import]

    ../../packages/effect/dist/Config.js:85:7:
      85 │ import "./chunks/chunk-YNC4CLO3.js";
         ╵        ~~~~~~~~~~~~~~~~~~~~~~~~~~~~

  It was excluded from the "sideEffects" array in the enclosing "package.json" file:

    ../../packages/effect/package.json:21:2:
      21 │   "sideEffects": ["./src/index.ts"],
         ╵   ~~~~~~~~~~~~~

▲ [WARNING] Ignoring this import because "../../packages/effect/dist/chunks/chunk-3YWPVJOL.js" was marked as having no side effects [ignored-bare-import]

    ../../packages/effect/dist/Config.js:86:7:
      86 │ import "./chunks/chunk-3YWPVJOL.js";
         ╵        ~~~~~~~~~~~~~~~~~~~~~~~~~~~~

  It was excluded from the "sideEffects" array in the enclosing "package.json" file:

    ../../packages/effect/package.json:21:2:
      21 │   "sideEffects": ["./src/index.ts"],
         ╵   ~~~~~~~~~~~~~

▲ [WARNING] Ignoring this import because "../../packages/effect/dist/chunks/chunk-DLP6F2JT.js" was marked as having no side effects [ignored-bare-import]

    ../../packages/effect/dist/Context.js:26:7:
      26 │ import "./chunks/chunk-DLP6F2JT.js";
         ╵        ~~~~~~~~~~~~~~~~~~~~~~~~~~~~

  It was excluded from the "sideEffects" array in the enclosing "package.json" file:

    ../../packages/effect/package.json:21:2:
      21 │   "sideEffects": ["./src/index.ts"],
         ╵   ~~~~~~~~~~~~~

▲ [WARNING] Ignoring this import because "../../packages/effect/dist/chunks/chunk-446BBSPZ.js" was marked as having no side effects [ignored-bare-import]

    ../../packages/effect/dist/Context.js:27:7:
      27 │ import "./chunks/chunk-446BBSPZ.js";
         ╵        ~~~~~~~~~~~~~~~~~~~~~~~~~~~~

  It was excluded from the "sideEffects" array in the enclosing "package.json" file:

    ../../packages/effect/package.json:21:2:
      21 │   "sideEffects": ["./src/index.ts"],
         ╵   ~~~~~~~~~~~~~

▲ [WARNING] Ignoring this import because "../../packages/effect/dist/chunks/chunk-TODVOBQF.js" was marked as having no side effects [ignored-bare-import]

    ../../packages/effect/dist/Context.js:28:7:
      28 │ import "./chunks/chunk-TODVOBQF.js";
         ╵        ~~~~~~~~~~~~~~~~~~~~~~~~~~~~

  It was excluded from the "sideEffects" array in the enclosing "package.json" file:

    ../../packages/effect/package.json:21:2:
      21 │   "sideEffects": ["./src/index.ts"],
         ╵   ~~~~~~~~~~~~~

▲ [WARNING] Ignoring this import because "../../packages/effect/dist/chunks/chunk-YNC4CLO3.js" was marked as having no side effects [ignored-bare-import]

    ../../packages/effect/dist/Context.js:29:7:
      29 │ import "./chunks/chunk-YNC4CLO3.js";
         ╵        ~~~~~~~~~~~~~~~~~~~~~~~~~~~~

  It was excluded from the "sideEffects" array in the enclosing "package.json" file:

    ../../packages/effect/package.json:21:2:
      21 │   "sideEffects": ["./src/index.ts"],
         ╵   ~~~~~~~~~~~~~

▲ [WARNING] Ignoring this import because "../../packages/effect/dist/chunks/chunk-3YWPVJOL.js" was marked as having no side effects [ignored-bare-import]

    ../../packages/effect/dist/Context.js:30:7:
      30 │ import "./chunks/chunk-3YWPVJOL.js";
         ╵        ~~~~~~~~~~~~~~~~~~~~~~~~~~~~

  It was excluded from the "sideEffects" array in the enclosing "package.json" file:

    ../../packages/effect/package.json:21:2:
      21 │   "sideEffects": ["./src/index.ts"],
         ╵   ~~~~~~~~~~~~~

▲ [WARNING] Ignoring this import because "../../packages/effect/dist/chunks/chunk-DLP6F2JT.js" was marked as having no side effects [ignored-bare-import]

    ../../packages/effect/dist/Duration.js:55:7:
      55 │ import "./chunks/chunk-DLP6F2JT.js";
         ╵        ~~~~~~~~~~~~~~~~~~~~~~~~~~~~

  It was excluded from the "sideEffects" array in the enclosing "package.json" file:

    ../../packages/effect/package.json:21:2:
      21 │   "sideEffects": ["./src/index.ts"],
         ╵   ~~~~~~~~~~~~~

▲ [WARNING] Ignoring this import because "../../packages/effect/dist/chunks/chunk-446BBSPZ.js" was marked as having no side effects [ignored-bare-import]

    ../../packages/effect/dist/Duration.js:56:7:
      56 │ import "./chunks/chunk-446BBSPZ.js";
         ╵        ~~~~~~~~~~~~~~~~~~~~~~~~~~~~

  It was excluded from the "sideEffects" array in the enclosing "package.json" file:

    ../../packages/effect/package.json:21:2:
      21 │   "sideEffects": ["./src/index.ts"],
         ╵   ~~~~~~~~~~~~~

▲ [WARNING] Ignoring this import because "../../packages/effect/dist/chunks/chunk-TODVOBQF.js" was marked as having no side effects [ignored-bare-import]

    ../../packages/effect/dist/Duration.js:57:7:
      57 │ import "./chunks/chunk-TODVOBQF.js";
         ╵        ~~~~~~~~~~~~~~~~~~~~~~~~~~~~

  It was excluded from the "sideEffects" array in the enclosing "package.json" file:

    ../../packages/effect/package.json:21:2:
      21 │   "sideEffects": ["./src/index.ts"],
         ╵   ~~~~~~~~~~~~~

▲ [WARNING] Ignoring this import because "../../packages/effect/dist/chunks/chunk-YNC4CLO3.js" was marked as having no side effects [ignored-bare-import]

    ../../packages/effect/dist/Duration.js:58:7:
      58 │ import "./chunks/chunk-YNC4CLO3.js";
         ╵        ~~~~~~~~~~~~~~~~~~~~~~~~~~~~

  It was excluded from the "sideEffects" array in the enclosing "package.json" file:

    ../../packages/effect/package.json:21:2:
      21 │   "sideEffects": ["./src/index.ts"],
         ╵   ~~~~~~~~~~~~~

▲ [WARNING] Ignoring this import because "../../packages/effect/dist/chunks/chunk-3YWPVJOL.js" was marked as having no side effects [ignored-bare-import]

    ../../packages/effect/dist/Duration.js:59:7:
      59 │ import "./chunks/chunk-3YWPVJOL.js";
         ╵        ~~~~~~~~~~~~~~~~~~~~~~~~~~~~

  It was excluded from the "sideEffects" array in the enclosing "package.json" file:

    ../../packages/effect/package.json:21:2:
      21 │   "sideEffects": ["./src/index.ts"],
         ╵   ~~~~~~~~~~~~~

▲ [WARNING] Ignoring this import because "../../packages/effect/dist/chunks/chunk-GDYBQSPB.js" was marked as having no side effects [ignored-bare-import]

    ../../packages/effect/dist/Effect.js:232:7:
      232 │ import "./chunks/chunk-GDYBQSPB.js";
          ╵        ~~~~~~~~~~~~~~~~~~~~~~~~~~~~

  It was excluded from the "sideEffects" array in the enclosing "package.json" file:

    ../../packages/effect/package.json:21:2:
      21 │   "sideEffects": ["./src/index.ts"],
         ╵   ~~~~~~~~~~~~~

▲ [WARNING] Ignoring this import because "../../packages/effect/dist/chunks/chunk-TO773JWL.js" was marked as having no side effects [ignored-bare-import]

    ../../packages/effect/dist/Effect.js:233:7:
      233 │ import "./chunks/chunk-TO773JWL.js";
          ╵        ~~~~~~~~~~~~~~~~~~~~~~~~~~~~

  It was excluded from the "sideEffects" array in the enclosing "package.json" file:

    ../../packages/effect/package.json:21:2:
      21 │   "sideEffects": ["./src/index.ts"],
         ╵   ~~~~~~~~~~~~~

▲ [WARNING] Ignoring this import because "../../packages/effect/dist/chunks/chunk-IUBEXSTB.js" was marked as having no side effects [ignored-bare-import]

    ../../packages/effect/dist/Effect.js:234:7:
      234 │ import "./chunks/chunk-IUBEXSTB.js";
          ╵        ~~~~~~~~~~~~~~~~~~~~~~~~~~~~

  It was excluded from the "sideEffects" array in the enclosing "package.json" file:

    ../../packages/effect/package.json:21:2:
      21 │   "sideEffects": ["./src/index.ts"],
         ╵   ~~~~~~~~~~~~~

▲ [WARNING] Ignoring this import because "../../packages/effect/dist/chunks/chunk-2TMTOYW5.js" was marked as having no side effects [ignored-bare-import]

    ../../packages/effect/dist/Effect.js:235:7:
      235 │ import "./chunks/chunk-2TMTOYW5.js";
          ╵        ~~~~~~~~~~~~~~~~~~~~~~~~~~~~

  It was excluded from the "sideEffects" array in the enclosing "package.json" file:

    ../../packages/effect/package.json:21:2:
      21 │   "sideEffects": ["./src/index.ts"],
         ╵   ~~~~~~~~~~~~~

▲ [WARNING] Ignoring this import because "../../packages/effect/dist/chunks/chunk-I3DNMCQ3.js" was marked as having no side effects [ignored-bare-import]

    ../../packages/effect/dist/Effect.js:236:7:
      236 │ import "./chunks/chunk-I3DNMCQ3.js";
          ╵        ~~~~~~~~~~~~~~~~~~~~~~~~~~~~

  It was excluded from the "sideEffects" array in the enclosing "package.json" file:

    ../../packages/effect/package.json:21:2:
      21 │   "sideEffects": ["./src/index.ts"],
         ╵   ~~~~~~~~~~~~~

▲ [WARNING] Ignoring this import because "../../packages/effect/dist/chunks/chunk-WBCGFPN2.js" was marked as having no side effects [ignored-bare-import]

    ../../packages/effect/dist/Effect.js:237:7:
      237 │ import "./chunks/chunk-WBCGFPN2.js";
          ╵        ~~~~~~~~~~~~~~~~~~~~~~~~~~~~

  It was excluded from the "sideEffects" array in the enclosing "package.json" file:

    ../../packages/effect/package.json:21:2:
      21 │   "sideEffects": ["./src/index.ts"],
         ╵   ~~~~~~~~~~~~~

▲ [WARNING] Ignoring this import because "../../packages/effect/dist/chunks/chunk-EUKMRYT6.js" was marked as having no side effects [ignored-bare-import]

    ../../packages/effect/dist/Effect.js:238:7:
      238 │ import "./chunks/chunk-EUKMRYT6.js";
          ╵        ~~~~~~~~~~~~~~~~~~~~~~~~~~~~

  It was excluded from the "sideEffects" array in the enclosing "package.json" file:

    ../../packages/effect/package.json:21:2:
      21 │   "sideEffects": ["./src/index.ts"],
         ╵   ~~~~~~~~~~~~~

▲ [WARNING] Ignoring this import because "../../packages/effect/dist/chunks/chunk-7RKZFE62.js" was marked as having no side effects [ignored-bare-import]

    ../../packages/effect/dist/Effect.js:239:7:
      239 │ import "./chunks/chunk-7RKZFE62.js";
          ╵        ~~~~~~~~~~~~~~~~~~~~~~~~~~~~

  It was excluded from the "sideEffects" array in the enclosing "package.json" file:

    ../../packages/effect/package.json:21:2:
      21 │   "sideEffects": ["./src/index.ts"],
         ╵   ~~~~~~~~~~~~~

▲ [WARNING] Ignoring this import because "../../packages/effect/dist/chunks/chunk-OMG3NQZS.js" was marked as having no side effects [ignored-bare-import]

    ../../packages/effect/dist/Effect.js:240:7:
      240 │ import "./chunks/chunk-OMG3NQZS.js";
          ╵        ~~~~~~~~~~~~~~~~~~~~~~~~~~~~

  It was excluded from the "sideEffects" array in the enclosing "package.json" file:

    ../../packages/effect/package.json:21:2:
      21 │   "sideEffects": ["./src/index.ts"],
         ╵   ~~~~~~~~~~~~~

▲ [WARNING] Ignoring this import because "../../packages/effect/dist/chunks/chunk-FTZB7ATJ.js" was marked as having no side effects [ignored-bare-import]

    ../../packages/effect/dist/Effect.js:241:7:
      241 │ import "./chunks/chunk-FTZB7ATJ.js";
          ╵        ~~~~~~~~~~~~~~~~~~~~~~~~~~~~

  It was excluded from the "sideEffects" array in the enclosing "package.json" file:

    ../../packages/effect/package.json:21:2:
      21 │   "sideEffects": ["./src/index.ts"],
         ╵   ~~~~~~~~~~~~~

▲ [WARNING] Ignoring this import because "../../packages/effect/dist/chunks/chunk-U6RRVDRJ.js" was marked as having no side effects [ignored-bare-import]

    ../../packages/effect/dist/Effect.js:242:7:
      242 │ import "./chunks/chunk-U6RRVDRJ.js";
          ╵        ~~~~~~~~~~~~~~~~~~~~~~~~~~~~

  It was excluded from the "sideEffects" array in the enclosing "package.json" file:

    ../../packages/effect/package.json:21:2:
      21 │   "sideEffects": ["./src/index.ts"],
         ╵   ~~~~~~~~~~~~~

▲ [WARNING] Ignoring this import because "../../packages/effect/dist/chunks/chunk-EBZVJ3UH.js" was marked as having no side effects [ignored-bare-import]

    ../../packages/effect/dist/Effect.js:243:7:
      243 │ import "./chunks/chunk-EBZVJ3UH.js";
          ╵        ~~~~~~~~~~~~~~~~~~~~~~~~~~~~

  It was excluded from the "sideEffects" array in the enclosing "package.json" file:

    ../../packages/effect/package.json:21:2:
      21 │   "sideEffects": ["./src/index.ts"],
         ╵   ~~~~~~~~~~~~~

▲ [WARNING] Ignoring this import because "../../packages/effect/dist/chunks/chunk-5G6GWEUR.js" was marked as having no side effects [ignored-bare-import]

    ../../packages/effect/dist/Effect.js:244:7:
      244 │ import "./chunks/chunk-5G6GWEUR.js";
          ╵        ~~~~~~~~~~~~~~~~~~~~~~~~~~~~

  It was excluded from the "sideEffects" array in the enclosing "package.json" file:

    ../../packages/effect/package.json:21:2:
      21 │   "sideEffects": ["./src/index.ts"],
         ╵   ~~~~~~~~~~~~~

▲ [WARNING] Ignoring this import because "../../packages/effect/dist/chunks/chunk-KTL2XEHB.js" was marked as having no side effects [ignored-bare-import]

    ../../packages/effect/dist/Effect.js:245:7:
      245 │ import "./chunks/chunk-KTL2XEHB.js";
          ╵        ~~~~~~~~~~~~~~~~~~~~~~~~~~~~

  It was excluded from the "sideEffects" array in the enclosing "package.json" file:

    ../../packages/effect/package.json:21:2:
      21 │   "sideEffects": ["./src/index.ts"],
         ╵   ~~~~~~~~~~~~~

▲ [WARNING] Ignoring this import because "../../packages/effect/dist/chunks/chunk-TMH7Y6HP.js" was marked as having no side effects [ignored-bare-import]

    ../../packages/effect/dist/Effect.js:246:7:
      246 │ import "./chunks/chunk-TMH7Y6HP.js";
          ╵        ~~~~~~~~~~~~~~~~~~~~~~~~~~~~

  It was excluded from the "sideEffects" array in the enclosing "package.json" file:

    ../../packages/effect/package.json:21:2:
      21 │   "sideEffects": ["./src/index.ts"],
         ╵   ~~~~~~~~~~~~~

▲ [WARNING] Ignoring this import because "../../packages/effect/dist/chunks/chunk-VMCXMDFR.js" was marked as having no side effects [ignored-bare-import]

    ../../packages/effect/dist/Effect.js:247:7:
      247 │ import "./chunks/chunk-VMCXMDFR.js";
          ╵        ~~~~~~~~~~~~~~~~~~~~~~~~~~~~

  It was excluded from the "sideEffects" array in the enclosing "package.json" file:

    ../../packages/effect/package.json:21:2:
      21 │   "sideEffects": ["./src/index.ts"],
         ╵   ~~~~~~~~~~~~~

▲ [WARNING] Ignoring this import because "../../packages/effect/dist/chunks/chunk-WVSWMADR.js" was marked as having no side effects [ignored-bare-import]

    ../../packages/effect/dist/Effect.js:248:7:
      248 │ import "./chunks/chunk-WVSWMADR.js";
          ╵        ~~~~~~~~~~~~~~~~~~~~~~~~~~~~

  It was excluded from the "sideEffects" array in the enclosing "package.json" file:

    ../../packages/effect/package.json:21:2:
      21 │   "sideEffects": ["./src/index.ts"],
         ╵   ~~~~~~~~~~~~~

▲ [WARNING] Ignoring this import because "../../packages/effect/dist/chunks/chunk-NFTO2QYI.js" was marked as having no side effects [ignored-bare-import]

    ../../packages/effect/dist/Effect.js:249:7:
      249 │ import "./chunks/chunk-NFTO2QYI.js";
          ╵        ~~~~~~~~~~~~~~~~~~~~~~~~~~~~

  It was excluded from the "sideEffects" array in the enclosing "package.json" file:

    ../../packages/effect/package.json:21:2:
      21 │   "sideEffects": ["./src/index.ts"],
         ╵   ~~~~~~~~~~~~~

▲ [WARNING] Ignoring this import because "../../packages/effect/dist/chunks/chunk-XDQ44N2D.js" was marked as having no side effects [ignored-bare-import]

    ../../packages/effect/dist/Effect.js:250:7:
      250 │ import "./chunks/chunk-XDQ44N2D.js";
          ╵        ~~~~~~~~~~~~~~~~~~~~~~~~~~~~

  It was excluded from the "sideEffects" array in the enclosing "package.json" file:

    ../../packages/effect/package.json:21:2:
      21 │   "sideEffects": ["./src/index.ts"],
         ╵   ~~~~~~~~~~~~~

▲ [WARNING] Ignoring this import because "../../packages/effect/dist/chunks/chunk-YOIRNCU2.js" was marked as having no side effects [ignored-bare-import]

    ../../packages/effect/dist/Effect.js:251:7:
      251 │ import "./chunks/chunk-YOIRNCU2.js";
          ╵        ~~~~~~~~~~~~~~~~~~~~~~~~~~~~

  It was excluded from the "sideEffects" array in the enclosing "package.json" file:

    ../../packages/effect/package.json:21:2:
      21 │   "sideEffects": ["./src/index.ts"],
         ╵   ~~~~~~~~~~~~~

▲ [WARNING] Ignoring this import because "../../packages/effect/dist/chunks/chunk-DLP6F2JT.js" was marked as having no side effects [ignored-bare-import]

    ../../packages/effect/dist/Effect.js:252:7:
      252 │ import "./chunks/chunk-DLP6F2JT.js";
          ╵        ~~~~~~~~~~~~~~~~~~~~~~~~~~~~

  It was excluded from the "sideEffects" array in the enclosing "package.json" file:

    ../../packages/effect/package.json:21:2:
      21 │   "sideEffects": ["./src/index.ts"],
         ╵   ~~~~~~~~~~~~~

▲ [WARNING] Ignoring this import because "../../packages/effect/dist/chunks/chunk-446BBSPZ.js" was marked as having no side effects [ignored-bare-import]

    ../../packages/effect/dist/Effect.js:253:7:
      253 │ import "./chunks/chunk-446BBSPZ.js";
          ╵        ~~~~~~~~~~~~~~~~~~~~~~~~~~~~

  It was excluded from the "sideEffects" array in the enclosing "package.json" file:

    ../../packages/effect/package.json:21:2:
      21 │   "sideEffects": ["./src/index.ts"],
         ╵   ~~~~~~~~~~~~~

▲ [WARNING] Ignoring this import because "../../packages/effect/dist/chunks/chunk-TODVOBQF.js" was marked as having no side effects [ignored-bare-import]

    ../../packages/effect/dist/Effect.js:254:7:
      254 │ import "./chunks/chunk-TODVOBQF.js";
          ╵        ~~~~~~~~~~~~~~~~~~~~~~~~~~~~

  It was excluded from the "sideEffects" array in the enclosing "package.json" file:

    ../../packages/effect/package.json:21:2:
      21 │   "sideEffects": ["./src/index.ts"],
         ╵   ~~~~~~~~~~~~~

▲ [WARNING] Ignoring this import because "../../packages/effect/dist/chunks/chunk-YNC4CLO3.js" was marked as having no side effects [ignored-bare-import]

    ../../packages/effect/dist/Effect.js:255:7:
      255 │ import "./chunks/chunk-YNC4CLO3.js";
          ╵        ~~~~~~~~~~~~~~~~~~~~~~~~~~~~

  It was excluded from the "sideEffects" array in the enclosing "package.json" file:

    ../../packages/effect/package.json:21:2:
      21 │   "sideEffects": ["./src/index.ts"],
         ╵   ~~~~~~~~~~~~~

▲ [WARNING] Ignoring this import because "../../packages/effect/dist/chunks/chunk-3YWPVJOL.js" was marked as having no side effects [ignored-bare-import]

    ../../packages/effect/dist/Effect.js:256:7:
      256 │ import "./chunks/chunk-3YWPVJOL.js";
          ╵        ~~~~~~~~~~~~~~~~~~~~~~~~~~~~

  It was excluded from the "sideEffects" array in the enclosing "package.json" file:

    ../../packages/effect/package.json:21:2:
      21 │   "sideEffects": ["./src/index.ts"],
         ╵   ~~~~~~~~~~~~~

▲ [WARNING] Ignoring this import because "../../packages/effect/dist/chunks/chunk-EBZVJ3UH.js" was marked as having no side effects [ignored-bare-import]

    ../../packages/effect/dist/Fiber.js:14:7:
      14 │ import "./chunks/chunk-EBZVJ3UH.js";
         ╵        ~~~~~~~~~~~~~~~~~~~~~~~~~~~~

  It was excluded from the "sideEffects" array in the enclosing "package.json" file:

    ../../packages/effect/package.json:21:2:
      21 │   "sideEffects": ["./src/index.ts"],
         ╵   ~~~~~~~~~~~~~

▲ [WARNING] Ignoring this import because "../../packages/effect/dist/chunks/chunk-5G6GWEUR.js" was marked as having no side effects [ignored-bare-import]

    ../../packages/effect/dist/Fiber.js:15:7:
      15 │ import "./chunks/chunk-5G6GWEUR.js";
         ╵        ~~~~~~~~~~~~~~~~~~~~~~~~~~~~

  It was excluded from the "sideEffects" array in the enclosing "package.json" file:

    ../../packages/effect/package.json:21:2:
      21 │   "sideEffects": ["./src/index.ts"],
         ╵   ~~~~~~~~~~~~~

▲ [WARNING] Ignoring this import because "../../packages/effect/dist/chunks/chunk-KTL2XEHB.js" was marked as having no side effects [ignored-bare-import]

    ../../packages/effect/dist/Fiber.js:16:7:
      16 │ import "./chunks/chunk-KTL2XEHB.js";
         ╵        ~~~~~~~~~~~~~~~~~~~~~~~~~~~~

  It was excluded from the "sideEffects" array in the enclosing "package.json" file:

    ../../packages/effect/package.json:21:2:
      21 │   "sideEffects": ["./src/index.ts"],
         ╵   ~~~~~~~~~~~~~

▲ [WARNING] Ignoring this import because "../../packages/effect/dist/chunks/chunk-TMH7Y6HP.js" was marked as having no side effects [ignored-bare-import]

    ../../packages/effect/dist/Fiber.js:17:7:
      17 │ import "./chunks/chunk-TMH7Y6HP.js";
         ╵        ~~~~~~~~~~~~~~~~~~~~~~~~~~~~

  It was excluded from the "sideEffects" array in the enclosing "package.json" file:

    ../../packages/effect/package.json:21:2:
      21 │   "sideEffects": ["./src/index.ts"],
         ╵   ~~~~~~~~~~~~~

▲ [WARNING] Ignoring this import because "../../packages/effect/dist/chunks/chunk-VMCXMDFR.js" was marked as having no side effects [ignored-bare-import]

    ../../packages/effect/dist/Fiber.js:18:7:
      18 │ import "./chunks/chunk-VMCXMDFR.js";
         ╵        ~~~~~~~~~~~~~~~~~~~~~~~~~~~~

  It was excluded from the "sideEffects" array in the enclosing "package.json" file:

    ../../packages/effect/package.json:21:2:
      21 │   "sideEffects": ["./src/index.ts"],
         ╵   ~~~~~~~~~~~~~

▲ [WARNING] Ignoring this import because "../../packages/effect/dist/chunks/chunk-WVSWMADR.js" was marked as having no side effects [ignored-bare-import]

    ../../packages/effect/dist/Fiber.js:19:7:
      19 │ import "./chunks/chunk-WVSWMADR.js";
         ╵        ~~~~~~~~~~~~~~~~~~~~~~~~~~~~

  It was excluded from the "sideEffects" array in the enclosing "package.json" file:

    ../../packages/effect/package.json:21:2:
      21 │   "sideEffects": ["./src/index.ts"],
         ╵   ~~~~~~~~~~~~~

▲ [WARNING] Ignoring this import because "../../packages/effect/dist/chunks/chunk-NFTO2QYI.js" was marked as having no side effects [ignored-bare-import]

    ../../packages/effect/dist/Fiber.js:20:7:
      20 │ import "./chunks/chunk-NFTO2QYI.js";
         ╵        ~~~~~~~~~~~~~~~~~~~~~~~~~~~~

  It was excluded from the "sideEffects" array in the enclosing "package.json" file:

    ../../packages/effect/package.json:21:2:
      21 │   "sideEffects": ["./src/index.ts"],
         ╵   ~~~~~~~~~~~~~

▲ [WARNING] Ignoring this import because "../../packages/effect/dist/chunks/chunk-XDQ44N2D.js" was marked as having no side effects [ignored-bare-import]

    ../../packages/effect/dist/Fiber.js:21:7:
      21 │ import "./chunks/chunk-XDQ44N2D.js";
         ╵        ~~~~~~~~~~~~~~~~~~~~~~~~~~~~

  It was excluded from the "sideEffects" array in the enclosing "package.json" file:

    ../../packages/effect/package.json:21:2:
      21 │   "sideEffects": ["./src/index.ts"],
         ╵   ~~~~~~~~~~~~~

▲ [WARNING] Ignoring this import because "../../packages/effect/dist/chunks/chunk-YOIRNCU2.js" was marked as having no side effects [ignored-bare-import]

    ../../packages/effect/dist/Fiber.js:22:7:
      22 │ import "./chunks/chunk-YOIRNCU2.js";
         ╵        ~~~~~~~~~~~~~~~~~~~~~~~~~~~~

  It was excluded from the "sideEffects" array in the enclosing "package.json" file:

    ../../packages/effect/package.json:21:2:
      21 │   "sideEffects": ["./src/index.ts"],
         ╵   ~~~~~~~~~~~~~

▲ [WARNING] Ignoring this import because "../../packages/effect/dist/chunks/chunk-DLP6F2JT.js" was marked as having no side effects [ignored-bare-import]

    ../../packages/effect/dist/Fiber.js:23:7:
      23 │ import "./chunks/chunk-DLP6F2JT.js";
         ╵        ~~~~~~~~~~~~~~~~~~~~~~~~~~~~

  It was excluded from the "sideEffects" array in the enclosing "package.json" file:

    ../../packages/effect/package.json:21:2:
      21 │   "sideEffects": ["./src/index.ts"],
         ╵   ~~~~~~~~~~~~~

▲ [WARNING] Ignoring this import because "../../packages/effect/dist/chunks/chunk-446BBSPZ.js" was marked as having no side effects [ignored-bare-import]

    ../../packages/effect/dist/Fiber.js:24:7:
      24 │ import "./chunks/chunk-446BBSPZ.js";
         ╵        ~~~~~~~~~~~~~~~~~~~~~~~~~~~~

  It was excluded from the "sideEffects" array in the enclosing "package.json" file:

    ../../packages/effect/package.json:21:2:
      21 │   "sideEffects": ["./src/index.ts"],
         ╵   ~~~~~~~~~~~~~

▲ [WARNING] Ignoring this import because "../../packages/effect/dist/chunks/chunk-TODVOBQF.js" was marked as having no side effects [ignored-bare-import]

    ../../packages/effect/dist/Fiber.js:25:7:
      25 │ import "./chunks/chunk-TODVOBQF.js";
         ╵        ~~~~~~~~~~~~~~~~~~~~~~~~~~~~

  It was excluded from the "sideEffects" array in the enclosing "package.json" file:

    ../../packages/effect/package.json:21:2:
      21 │   "sideEffects": ["./src/index.ts"],
         ╵   ~~~~~~~~~~~~~

▲ [WARNING] Ignoring this import because "../../packages/effect/dist/chunks/chunk-YNC4CLO3.js" was marked as having no side effects [ignored-bare-import]

    ../../packages/effect/dist/Fiber.js:26:7:
      26 │ import "./chunks/chunk-YNC4CLO3.js";
         ╵        ~~~~~~~~~~~~~~~~~~~~~~~~~~~~

  It was excluded from the "sideEffects" array in the enclosing "package.json" file:

    ../../packages/effect/package.json:21:2:
      21 │   "sideEffects": ["./src/index.ts"],
         ╵   ~~~~~~~~~~~~~

▲ [WARNING] Ignoring this import because "../../packages/effect/dist/chunks/chunk-3YWPVJOL.js" was marked as having no side effects [ignored-bare-import]

    ../../packages/effect/dist/Fiber.js:27:7:
      27 │ import "./chunks/chunk-3YWPVJOL.js";
         ╵        ~~~~~~~~~~~~~~~~~~~~~~~~~~~~

  It was excluded from the "sideEffects" array in the enclosing "package.json" file:

    ../../packages/effect/package.json:21:2:
      21 │   "sideEffects": ["./src/index.ts"],
         ╵   ~~~~~~~~~~~~~

▲ [WARNING] Ignoring this import because "../../packages/effect/dist/chunks/chunk-EUKMRYT6.js" was marked as having no side effects [ignored-bare-import]

    ../../packages/effect/dist/Layer.js:47:7:
      47 │ import "./chunks/chunk-EUKMRYT6.js";
         ╵        ~~~~~~~~~~~~~~~~~~~~~~~~~~~~

  It was excluded from the "sideEffects" array in the enclosing "package.json" file:

    ../../packages/effect/package.json:21:2:
      21 │   "sideEffects": ["./src/index.ts"],
         ╵   ~~~~~~~~~~~~~

▲ [WARNING] Ignoring this import because "../../packages/effect/dist/chunks/chunk-7RKZFE62.js" was marked as having no side effects [ignored-bare-import]

    ../../packages/effect/dist/Layer.js:48:7:
      48 │ import "./chunks/chunk-7RKZFE62.js";
         ╵        ~~~~~~~~~~~~~~~~~~~~~~~~~~~~

  It was excluded from the "sideEffects" array in the enclosing "package.json" file:

    ../../packages/effect/package.json:21:2:
      21 │   "sideEffects": ["./src/index.ts"],
         ╵   ~~~~~~~~~~~~~

▲ [WARNING] Ignoring this import because "../../packages/effect/dist/chunks/chunk-EBZVJ3UH.js" was marked as having no side effects [ignored-bare-import]

    ../../packages/effect/dist/Layer.js:49:7:
      49 │ import "./chunks/chunk-EBZVJ3UH.js";
         ╵        ~~~~~~~~~~~~~~~~~~~~~~~~~~~~

  It was excluded from the "sideEffects" array in the enclosing "package.json" file:

    ../../packages/effect/package.json:21:2:
      21 │   "sideEffects": ["./src/index.ts"],
         ╵   ~~~~~~~~~~~~~

▲ [WARNING] Ignoring this import because "../../packages/effect/dist/chunks/chunk-5G6GWEUR.js" was marked as having no side effects [ignored-bare-import]

    ../../packages/effect/dist/Layer.js:50:7:
      50 │ import "./chunks/chunk-5G6GWEUR.js";
         ╵        ~~~~~~~~~~~~~~~~~~~~~~~~~~~~

  It was excluded from the "sideEffects" array in the enclosing "package.json" file:

    ../../packages/effect/package.json:21:2:
      21 │   "sideEffects": ["./src/index.ts"],
         ╵   ~~~~~~~~~~~~~

▲ [WARNING] Ignoring this import because "../../packages/effect/dist/chunks/chunk-KTL2XEHB.js" was marked as having no side effects [ignored-bare-import]

    ../../packages/effect/dist/Layer.js:51:7:
      51 │ import "./chunks/chunk-KTL2XEHB.js";
         ╵        ~~~~~~~~~~~~~~~~~~~~~~~~~~~~

  It was excluded from the "sideEffects" array in the enclosing "package.json" file:

    ../../packages/effect/package.json:21:2:
      21 │   "sideEffects": ["./src/index.ts"],
         ╵   ~~~~~~~~~~~~~

▲ [WARNING] Ignoring this import because "../../packages/effect/dist/chunks/chunk-TMH7Y6HP.js" was marked as having no side effects [ignored-bare-import]

    ../../packages/effect/dist/Layer.js:52:7:
      52 │ import "./chunks/chunk-TMH7Y6HP.js";
         ╵        ~~~~~~~~~~~~~~~~~~~~~~~~~~~~

  It was excluded from the "sideEffects" array in the enclosing "package.json" file:

    ../../packages/effect/package.json:21:2:
      21 │   "sideEffects": ["./src/index.ts"],
         ╵   ~~~~~~~~~~~~~

▲ [WARNING] Ignoring this import because "../../packages/effect/dist/chunks/chunk-VMCXMDFR.js" was marked as having no side effects [ignored-bare-import]

    ../../packages/effect/dist/Layer.js:53:7:
      53 │ import "./chunks/chunk-VMCXMDFR.js";
         ╵        ~~~~~~~~~~~~~~~~~~~~~~~~~~~~

  It was excluded from the "sideEffects" array in the enclosing "package.json" file:

    ../../packages/effect/package.json:21:2:
      21 │   "sideEffects": ["./src/index.ts"],
         ╵   ~~~~~~~~~~~~~

▲ [WARNING] Ignoring this import because "../../packages/effect/dist/chunks/chunk-WVSWMADR.js" was marked as having no side effects [ignored-bare-import]

    ../../packages/effect/dist/Layer.js:54:7:
      54 │ import "./chunks/chunk-WVSWMADR.js";
         ╵        ~~~~~~~~~~~~~~~~~~~~~~~~~~~~

  It was excluded from the "sideEffects" array in the enclosing "package.json" file:

    ../../packages/effect/package.json:21:2:
      21 │   "sideEffects": ["./src/index.ts"],
         ╵   ~~~~~~~~~~~~~

▲ [WARNING] Ignoring this import because "../../packages/effect/dist/chunks/chunk-NFTO2QYI.js" was marked as having no side effects [ignored-bare-import]

    ../../packages/effect/dist/Layer.js:55:7:
      55 │ import "./chunks/chunk-NFTO2QYI.js";
         ╵        ~~~~~~~~~~~~~~~~~~~~~~~~~~~~

  It was excluded from the "sideEffects" array in the enclosing "package.json" file:

    ../../packages/effect/package.json:21:2:
      21 │   "sideEffects": ["./src/index.ts"],
         ╵   ~~~~~~~~~~~~~

▲ [WARNING] Ignoring this import because "../../packages/effect/dist/chunks/chunk-XDQ44N2D.js" was marked as having no side effects [ignored-bare-import]

    ../../packages/effect/dist/Layer.js:56:7:
      56 │ import "./chunks/chunk-XDQ44N2D.js";
         ╵        ~~~~~~~~~~~~~~~~~~~~~~~~~~~~

  It was excluded from the "sideEffects" array in the enclosing "package.json" file:

    ../../packages/effect/package.json:21:2:
      21 │   "sideEffects": ["./src/index.ts"],
         ╵   ~~~~~~~~~~~~~

▲ [WARNING] Ignoring this import because "../../packages/effect/dist/chunks/chunk-YOIRNCU2.js" was marked as having no side effects [ignored-bare-import]

    ../../packages/effect/dist/Layer.js:57:7:
      57 │ import "./chunks/chunk-YOIRNCU2.js";
         ╵        ~~~~~~~~~~~~~~~~~~~~~~~~~~~~

  It was excluded from the "sideEffects" array in the enclosing "package.json" file:

    ../../packages/effect/package.json:21:2:
      21 │   "sideEffects": ["./src/index.ts"],
         ╵   ~~~~~~~~~~~~~

▲ [WARNING] Ignoring this import because "../../packages/effect/dist/chunks/chunk-DLP6F2JT.js" was marked as having no side effects [ignored-bare-import]

    ../../packages/effect/dist/Layer.js:58:7:
      58 │ import "./chunks/chunk-DLP6F2JT.js";
         ╵        ~~~~~~~~~~~~~~~~~~~~~~~~~~~~

  It was excluded from the "sideEffects" array in the enclosing "package.json" file:

    ../../packages/effect/package.json:21:2:
      21 │   "sideEffects": ["./src/index.ts"],
         ╵   ~~~~~~~~~~~~~

▲ [WARNING] Ignoring this import because "../../packages/effect/dist/chunks/chunk-446BBSPZ.js" was marked as having no side effects [ignored-bare-import]

    ../../packages/effect/dist/Layer.js:59:7:
      59 │ import "./chunks/chunk-446BBSPZ.js";
         ╵        ~~~~~~~~~~~~~~~~~~~~~~~~~~~~

  It was excluded from the "sideEffects" array in the enclosing "package.json" file:

    ../../packages/effect/package.json:21:2:
      21 │   "sideEffects": ["./src/index.ts"],
         ╵   ~~~~~~~~~~~~~

▲ [WARNING] Ignoring this import because "../../packages/effect/dist/chunks/chunk-TODVOBQF.js" was marked as having no side effects [ignored-bare-import]

    ../../packages/effect/dist/Layer.js:60:7:
      60 │ import "./chunks/chunk-TODVOBQF.js";
         ╵        ~~~~~~~~~~~~~~~~~~~~~~~~~~~~

  It was excluded from the "sideEffects" array in the enclosing "package.json" file:

    ../../packages/effect/package.json:21:2:
      21 │   "sideEffects": ["./src/index.ts"],
         ╵   ~~~~~~~~~~~~~

▲ [WARNING] Ignoring this import because "../../packages/effect/dist/chunks/chunk-YNC4CLO3.js" was marked as having no side effects [ignored-bare-import]

    ../../packages/effect/dist/Layer.js:61:7:
      61 │ import "./chunks/chunk-YNC4CLO3.js";
         ╵        ~~~~~~~~~~~~~~~~~~~~~~~~~~~~

  It was excluded from the "sideEffects" array in the enclosing "package.json" file:

    ../../packages/effect/package.json:21:2:
      21 │   "sideEffects": ["./src/index.ts"],
         ╵   ~~~~~~~~~~~~~

▲ [WARNING] Ignoring this import because "../../packages/effect/dist/chunks/chunk-3YWPVJOL.js" was marked as having no side effects [ignored-bare-import]

    ../../packages/effect/dist/Layer.js:62:7:
      62 │ import "./chunks/chunk-3YWPVJOL.js";
         ╵        ~~~~~~~~~~~~~~~~~~~~~~~~~~~~

  It was excluded from the "sideEffects" array in the enclosing "package.json" file:

    ../../packages/effect/package.json:21:2:
      21 │   "sideEffects": ["./src/index.ts"],
         ╵   ~~~~~~~~~~~~~

▲ [WARNING] Ignoring this import because "../../packages/effect/dist/chunks/chunk-EBZVJ3UH.js" was marked as having no side effects [ignored-bare-import]

    ../../packages/effect/dist/Scope.js:14:7:
      14 │ import "./chunks/chunk-EBZVJ3UH.js";
         ╵        ~~~~~~~~~~~~~~~~~~~~~~~~~~~~

  It was excluded from the "sideEffects" array in the enclosing "package.json" file:

    ../../packages/effect/package.json:21:2:
      21 │   "sideEffects": ["./src/index.ts"],
         ╵   ~~~~~~~~~~~~~

▲ [WARNING] Ignoring this import because "../../packages/effect/dist/chunks/chunk-5G6GWEUR.js" was marked as having no side effects [ignored-bare-import]

    ../../packages/effect/dist/Scope.js:15:7:
      15 │ import "./chunks/chunk-5G6GWEUR.js";
         ╵        ~~~~~~~~~~~~~~~~~~~~~~~~~~~~

  It was excluded from the "sideEffects" array in the enclosing "package.json" file:

    ../../packages/effect/package.json:21:2:
      21 │   "sideEffects": ["./src/index.ts"],
         ╵   ~~~~~~~~~~~~~

▲ [WARNING] Ignoring this import because "../../packages/effect/dist/chunks/chunk-KTL2XEHB.js" was marked as having no side effects [ignored-bare-import]

    ../../packages/effect/dist/Scope.js:16:7:
      16 │ import "./chunks/chunk-KTL2XEHB.js";
         ╵        ~~~~~~~~~~~~~~~~~~~~~~~~~~~~

  It was excluded from the "sideEffects" array in the enclosing "package.json" file:

    ../../packages/effect/package.json:21:2:
      21 │   "sideEffects": ["./src/index.ts"],
         ╵   ~~~~~~~~~~~~~

▲ [WARNING] Ignoring this import because "../../packages/effect/dist/chunks/chunk-TMH7Y6HP.js" was marked as having no side effects [ignored-bare-import]

    ../../packages/effect/dist/Scope.js:17:7:
      17 │ import "./chunks/chunk-TMH7Y6HP.js";
         ╵        ~~~~~~~~~~~~~~~~~~~~~~~~~~~~

  It was excluded from the "sideEffects" array in the enclosing "package.json" file:

    ../../packages/effect/package.json:21:2:
      21 │   "sideEffects": ["./src/index.ts"],
         ╵   ~~~~~~~~~~~~~

▲ [WARNING] Ignoring this import because "../../packages/effect/dist/chunks/chunk-VMCXMDFR.js" was marked as having no side effects [ignored-bare-import]

    ../../packages/effect/dist/Scope.js:18:7:
      18 │ import "./chunks/chunk-VMCXMDFR.js";
         ╵        ~~~~~~~~~~~~~~~~~~~~~~~~~~~~

  It was excluded from the "sideEffects" array in the enclosing "package.json" file:

    ../../packages/effect/package.json:21:2:
      21 │   "sideEffects": ["./src/index.ts"],
         ╵   ~~~~~~~~~~~~~

▲ [WARNING] Ignoring this import because "../../packages/effect/dist/chunks/chunk-WVSWMADR.js" was marked as having no side effects [ignored-bare-import]

    ../../packages/effect/dist/Scope.js:19:7:
      19 │ import "./chunks/chunk-WVSWMADR.js";
         ╵        ~~~~~~~~~~~~~~~~~~~~~~~~~~~~

  It was excluded from the "sideEffects" array in the enclosing "package.json" file:

    ../../packages/effect/package.json:21:2:
      21 │   "sideEffects": ["./src/index.ts"],
         ╵   ~~~~~~~~~~~~~

▲ [WARNING] Ignoring this import because "../../packages/effect/dist/chunks/chunk-NFTO2QYI.js" was marked as having no side effects [ignored-bare-import]

    ../../packages/effect/dist/Scope.js:20:7:
      20 │ import "./chunks/chunk-NFTO2QYI.js";
         ╵        ~~~~~~~~~~~~~~~~~~~~~~~~~~~~

  It was excluded from the "sideEffects" array in the enclosing "package.json" file:

    ../../packages/effect/package.json:21:2:
      21 │   "sideEffects": ["./src/index.ts"],
         ╵   ~~~~~~~~~~~~~

▲ [WARNING] Ignoring this import because "../../packages/effect/dist/chunks/chunk-XDQ44N2D.js" was marked as having no side effects [ignored-bare-import]

    ../../packages/effect/dist/Scope.js:21:7:
      21 │ import "./chunks/chunk-XDQ44N2D.js";
         ╵        ~~~~~~~~~~~~~~~~~~~~~~~~~~~~

  It was excluded from the "sideEffects" array in the enclosing "package.json" file:

    ../../packages/effect/package.json:21:2:
      21 │   "sideEffects": ["./src/index.ts"],
         ╵   ~~~~~~~~~~~~~

▲ [WARNING] Ignoring this import because "../../packages/effect/dist/chunks/chunk-YOIRNCU2.js" was marked as having no side effects [ignored-bare-import]

    ../../packages/effect/dist/Scope.js:22:7:
      22 │ import "./chunks/chunk-YOIRNCU2.js";
         ╵        ~~~~~~~~~~~~~~~~~~~~~~~~~~~~

  It was excluded from the "sideEffects" array in the enclosing "package.json" file:

    ../../packages/effect/package.json:21:2:
      21 │   "sideEffects": ["./src/index.ts"],
         ╵   ~~~~~~~~~~~~~

▲ [WARNING] Ignoring this import because "../../packages/effect/dist/chunks/chunk-DLP6F2JT.js" was marked as having no side effects [ignored-bare-import]

    ../../packages/effect/dist/Scope.js:23:7:
      23 │ import "./chunks/chunk-DLP6F2JT.js";
         ╵        ~~~~~~~~~~~~~~~~~~~~~~~~~~~~

  It was excluded from the "sideEffects" array in the enclosing "package.json" file:

    ../../packages/effect/package.json:21:2:
      21 │   "sideEffects": ["./src/index.ts"],
         ╵   ~~~~~~~~~~~~~

▲ [WARNING] Ignoring this import because "../../packages/effect/dist/chunks/chunk-446BBSPZ.js" was marked as having no side effects [ignored-bare-import]

    ../../packages/effect/dist/Scope.js:24:7:
      24 │ import "./chunks/chunk-446BBSPZ.js";
         ╵        ~~~~~~~~~~~~~~~~~~~~~~~~~~~~

  It was excluded from the "sideEffects" array in the enclosing "package.json" file:

    ../../packages/effect/package.json:21:2:
      21 │   "sideEffects": ["./src/index.ts"],
         ╵   ~~~~~~~~~~~~~

▲ [WARNING] Ignoring this import because "../../packages/effect/dist/chunks/chunk-TODVOBQF.js" was marked as having no side effects [ignored-bare-import]

    ../../packages/effect/dist/Scope.js:25:7:
      25 │ import "./chunks/chunk-TODVOBQF.js";
         ╵        ~~~~~~~~~~~~~~~~~~~~~~~~~~~~

  It was excluded from the "sideEffects" array in the enclosing "package.json" file:

    ../../packages/effect/package.json:21:2:
      21 │   "sideEffects": ["./src/index.ts"],
         ╵   ~~~~~~~~~~~~~

▲ [WARNING] Ignoring this import because "../../packages/effect/dist/chunks/chunk-YNC4CLO3.js" was marked as having no side effects [ignored-bare-import]

    ../../packages/effect/dist/Scope.js:26:7:
      26 │ import "./chunks/chunk-YNC4CLO3.js";
         ╵        ~~~~~~~~~~~~~~~~~~~~~~~~~~~~

  It was excluded from the "sideEffects" array in the enclosing "package.json" file:

    ../../packages/effect/package.json:21:2:
      21 │   "sideEffects": ["./src/index.ts"],
         ╵   ~~~~~~~~~~~~~

▲ [WARNING] Ignoring this import because "../../packages/effect/dist/chunks/chunk-3YWPVJOL.js" was marked as having no side effects [ignored-bare-import]

    ../../packages/effect/dist/Scope.js:27:7:
      27 │ import "./chunks/chunk-3YWPVJOL.js";
         ╵        ~~~~~~~~~~~~~~~~~~~~~~~~~~~~

  It was excluded from the "sideEffects" array in the enclosing "package.json" file:

    ../../packages/effect/package.json:21:2:
      21 │   "sideEffects": ["./src/index.ts"],
         ╵   ~~~~~~~~~~~~~

▲ [WARNING] Ignoring this import because "../../packages/effect/dist/chunks/chunk-EBZVJ3UH.js" was marked as having no side effects [ignored-bare-import]

    ../../packages/effect/dist/Semaphore.js:13:7:
      13 │ import "./chunks/chunk-EBZVJ3UH.js";
         ╵        ~~~~~~~~~~~~~~~~~~~~~~~~~~~~

  It was excluded from the "sideEffects" array in the enclosing "package.json" file:

    ../../packages/effect/package.json:21:2:
      21 │   "sideEffects": ["./src/index.ts"],
         ╵   ~~~~~~~~~~~~~

▲ [WARNING] Ignoring this import because "../../packages/effect/dist/chunks/chunk-5G6GWEUR.js" was marked as having no side effects [ignored-bare-import]

    ../../packages/effect/dist/Semaphore.js:14:7:
      14 │ import "./chunks/chunk-5G6GWEUR.js";
         ╵        ~~~~~~~~~~~~~~~~~~~~~~~~~~~~

  It was excluded from the "sideEffects" array in the enclosing "package.json" file:

    ../../packages/effect/package.json:21:2:
      21 │   "sideEffects": ["./src/index.ts"],
         ╵   ~~~~~~~~~~~~~

▲ [WARNING] Ignoring this import because "../../packages/effect/dist/chunks/chunk-KTL2XEHB.js" was marked as having no side effects [ignored-bare-import]

    ../../packages/effect/dist/Semaphore.js:15:7:
      15 │ import "./chunks/chunk-KTL2XEHB.js";
         ╵        ~~~~~~~~~~~~~~~~~~~~~~~~~~~~

  It was excluded from the "sideEffects" array in the enclosing "package.json" file:

    ../../packages/effect/package.json:21:2:
      21 │   "sideEffects": ["./src/index.ts"],
         ╵   ~~~~~~~~~~~~~

▲ [WARNING] Ignoring this import because "../../packages/effect/dist/chunks/chunk-TMH7Y6HP.js" was marked as having no side effects [ignored-bare-import]

    ../../packages/effect/dist/Semaphore.js:16:7:
      16 │ import "./chunks/chunk-TMH7Y6HP.js";
         ╵        ~~~~~~~~~~~~~~~~~~~~~~~~~~~~

  It was excluded from the "sideEffects" array in the enclosing "package.json" file:

    ../../packages/effect/package.json:21:2:
      21 │   "sideEffects": ["./src/index.ts"],
         ╵   ~~~~~~~~~~~~~

▲ [WARNING] Ignoring this import because "../../packages/effect/dist/chunks/chunk-VMCXMDFR.js" was marked as having no side effects [ignored-bare-import]

    ../../packages/effect/dist/Semaphore.js:17:7:
      17 │ import "./chunks/chunk-VMCXMDFR.js";
         ╵        ~~~~~~~~~~~~~~~~~~~~~~~~~~~~

  It was excluded from the "sideEffects" array in the enclosing "package.json" file:

    ../../packages/effect/package.json:21:2:
      21 │   "sideEffects": ["./src/index.ts"],
         ╵   ~~~~~~~~~~~~~

▲ [WARNING] Ignoring this import because "../../packages/effect/dist/chunks/chunk-WVSWMADR.js" was marked as having no side effects [ignored-bare-import]

    ../../packages/effect/dist/Semaphore.js:18:7:
      18 │ import "./chunks/chunk-WVSWMADR.js";
         ╵        ~~~~~~~~~~~~~~~~~~~~~~~~~~~~

  It was excluded from the "sideEffects" array in the enclosing "package.json" file:

    ../../packages/effect/package.json:21:2:
      21 │   "sideEffects": ["./src/index.ts"],
         ╵   ~~~~~~~~~~~~~

▲ [WARNING] Ignoring this import because "../../packages/effect/dist/chunks/chunk-NFTO2QYI.js" was marked as having no side effects [ignored-bare-import]

    ../../packages/effect/dist/Semaphore.js:19:7:
      19 │ import "./chunks/chunk-NFTO2QYI.js";
         ╵        ~~~~~~~~~~~~~~~~~~~~~~~~~~~~

  It was excluded from the "sideEffects" array in the enclosing "package.json" file:

    ../../packages/effect/package.json:21:2:
      21 │   "sideEffects": ["./src/index.ts"],
         ╵   ~~~~~~~~~~~~~

▲ [WARNING] Ignoring this import because "../../packages/effect/dist/chunks/chunk-XDQ44N2D.js" was marked as having no side effects [ignored-bare-import]

    ../../packages/effect/dist/Semaphore.js:20:7:
      20 │ import "./chunks/chunk-XDQ44N2D.js";
         ╵        ~~~~~~~~~~~~~~~~~~~~~~~~~~~~

  It was excluded from the "sideEffects" array in the enclosing "package.json" file:

    ../../packages/effect/package.json:21:2:
      21 │   "sideEffects": ["./src/index.ts"],
         ╵   ~~~~~~~~~~~~~

▲ [WARNING] Ignoring this import because "../../packages/effect/dist/chunks/chunk-YOIRNCU2.js" was marked as having no side effects [ignored-bare-import]

    ../../packages/effect/dist/Semaphore.js:21:7:
      21 │ import "./chunks/chunk-YOIRNCU2.js";
         ╵        ~~~~~~~~~~~~~~~~~~~~~~~~~~~~

  It was excluded from the "sideEffects" array in the enclosing "package.json" file:

    ../../packages/effect/package.json:21:2:
      21 │   "sideEffects": ["./src/index.ts"],
         ╵   ~~~~~~~~~~~~~

▲ [WARNING] Ignoring this import because "../../packages/effect/dist/chunks/chunk-DLP6F2JT.js" was marked as having no side effects [ignored-bare-import]

    ../../packages/effect/dist/Semaphore.js:22:7:
      22 │ import "./chunks/chunk-DLP6F2JT.js";
         ╵        ~~~~~~~~~~~~~~~~~~~~~~~~~~~~

  It was excluded from the "sideEffects" array in the enclosing "package.json" file:

    ../../packages/effect/package.json:21:2:
      21 │   "sideEffects": ["./src/index.ts"],
         ╵   ~~~~~~~~~~~~~

▲ [WARNING] Ignoring this import because "../../packages/effect/dist/chunks/chunk-446BBSPZ.js" was marked as having no side effects [ignored-bare-import]

    ../../packages/effect/dist/Semaphore.js:23:7:
      23 │ import "./chunks/chunk-446BBSPZ.js";
         ╵        ~~~~~~~~~~~~~~~~~~~~~~~~~~~~

  It was excluded from the "sideEffects" array in the enclosing "package.json" file:

    ../../packages/effect/package.json:21:2:
      21 │   "sideEffects": ["./src/index.ts"],
         ╵   ~~~~~~~~~~~~~

▲ [WARNING] Ignoring this import because "../../packages/effect/dist/chunks/chunk-TODVOBQF.js" was marked as having no side effects [ignored-bare-import]

    ../../packages/effect/dist/Semaphore.js:24:7:
      24 │ import "./chunks/chunk-TODVOBQF.js";
         ╵        ~~~~~~~~~~~~~~~~~~~~~~~~~~~~

  It was excluded from the "sideEffects" array in the enclosing "package.json" file:

    ../../packages/effect/package.json:21:2:
      21 │   "sideEffects": ["./src/index.ts"],
         ╵   ~~~~~~~~~~~~~

▲ [WARNING] Ignoring this import because "../../packages/effect/dist/chunks/chunk-YNC4CLO3.js" was marked as having no side effects [ignored-bare-import]

    ../../packages/effect/dist/Semaphore.js:25:7:
      25 │ import "./chunks/chunk-YNC4CLO3.js";
         ╵        ~~~~~~~~~~~~~~~~~~~~~~~~~~~~

  It was excluded from the "sideEffects" array in the enclosing "package.json" file:

    ../../packages/effect/package.json:21:2:
      21 │   "sideEffects": ["./src/index.ts"],
         ╵   ~~~~~~~~~~~~~

▲ [WARNING] Ignoring this import because "../../packages/effect/dist/chunks/chunk-3YWPVJOL.js" was marked as having no side effects [ignored-bare-import]

    ../../packages/effect/dist/Semaphore.js:26:7:
      26 │ import "./chunks/chunk-3YWPVJOL.js";
         ╵        ~~~~~~~~~~~~~~~~~~~~~~~~~~~~

  It was excluded from the "sideEffects" array in the enclosing "package.json" file:

    ../../packages/effect/package.json:21:2:
      21 │   "sideEffects": ["./src/index.ts"],
         ╵   ~~~~~~~~~~~~~

▲ [WARNING] Ignoring this import because "../../packages/effect/dist/chunks/chunk-TT2HNKPQ.js" was marked as having no side effects [ignored-bare-import]

    ../../packages/effect/dist/Stream.js:240:7:
      240 │ import "./chunks/chunk-TT2HNKPQ.js";
          ╵        ~~~~~~~~~~~~~~~~~~~~~~~~~~~~

  It was excluded from the "sideEffects" array in the enclosing "package.json" file:

    ../../packages/effect/package.json:21:2:
      21 │   "sideEffects": ["./src/index.ts"],
         ╵   ~~~~~~~~~~~~~

▲ [WARNING] Ignoring this import because "../../packages/effect/dist/chunks/chunk-R5A6PLNT.js" was marked as having no side effects [ignored-bare-import]

    ../../packages/effect/dist/Stream.js:241:7:
      241 │ import "./chunks/chunk-R5A6PLNT.js";
          ╵        ~~~~~~~~~~~~~~~~~~~~~~~~~~~~

  It was excluded from the "sideEffects" array in the enclosing "package.json" file:

    ../../packages/effect/package.json:21:2:
      21 │   "sideEffects": ["./src/index.ts"],
         ╵   ~~~~~~~~~~~~~

▲ [WARNING] Ignoring this import because "../../packages/effect/dist/chunks/chunk-KKOB3HIY.js" was marked as having no side effects [ignored-bare-import]

    ../../packages/effect/dist/Stream.js:242:7:
      242 │ import "./chunks/chunk-KKOB3HIY.js";
          ╵        ~~~~~~~~~~~~~~~~~~~~~~~~~~~~

  It was excluded from the "sideEffects" array in the enclosing "package.json" file:

    ../../packages/effect/package.json:21:2:
      21 │   "sideEffects": ["./src/index.ts"],
         ╵   ~~~~~~~~~~~~~

▲ [WARNING] Ignoring this import because "../../packages/effect/dist/chunks/chunk-C4ND67W7.js" was marked as having no side effects [ignored-bare-import]

    ../../packages/effect/dist/Stream.js:243:7:
      243 │ import "./chunks/chunk-C4ND67W7.js";
          ╵        ~~~~~~~~~~~~~~~~~~~~~~~~~~~~

  It was excluded from the "sideEffects" array in the enclosing "package.json" file:

    ../../packages/effect/package.json:21:2:
      21 │   "sideEffects": ["./src/index.ts"],
         ╵   ~~~~~~~~~~~~~

▲ [WARNING] Ignoring this import because "../../packages/effect/dist/chunks/chunk-ES7IUIXV.js" was marked as having no side effects [ignored-bare-import]

    ../../packages/effect/dist/Stream.js:244:7:
      244 │ import "./chunks/chunk-ES7IUIXV.js";
          ╵        ~~~~~~~~~~~~~~~~~~~~~~~~~~~~

  It was excluded from the "sideEffects" array in the enclosing "package.json" file:

    ../../packages/effect/package.json:21:2:
      21 │   "sideEffects": ["./src/index.ts"],
         ╵   ~~~~~~~~~~~~~

▲ [WARNING] Ignoring this import because "../../packages/effect/dist/chunks/chunk-BPUJUBKY.js" was marked as having no side effects [ignored-bare-import]

    ../../packages/effect/dist/Stream.js:245:7:
      245 │ import "./chunks/chunk-BPUJUBKY.js";
          ╵        ~~~~~~~~~~~~~~~~~~~~~~~~~~~~

  It was excluded from the "sideEffects" array in the enclosing "package.json" file:

    ../../packages/effect/package.json:21:2:
      21 │   "sideEffects": ["./src/index.ts"],
         ╵   ~~~~~~~~~~~~~

▲ [WARNING] Ignoring this import because "../../packages/effect/dist/chunks/chunk-KLU4W2JA.js" was marked as having no side effects [ignored-bare-import]

    ../../packages/effect/dist/Stream.js:246:7:
      246 │ import "./chunks/chunk-KLU4W2JA.js";
          ╵        ~~~~~~~~~~~~~~~~~~~~~~~~~~~~

  It was excluded from the "sideEffects" array in the enclosing "package.json" file:

    ../../packages/effect/package.json:21:2:
      21 │   "sideEffects": ["./src/index.ts"],
         ╵   ~~~~~~~~~~~~~

▲ [WARNING] Ignoring this import because "../../packages/effect/dist/chunks/chunk-OLX3PE6P.js" was marked as having no side effects [ignored-bare-import]

    ../../packages/effect/dist/Stream.js:247:7:
      247 │ import "./chunks/chunk-OLX3PE6P.js";
          ╵        ~~~~~~~~~~~~~~~~~~~~~~~~~~~~

  It was excluded from the "sideEffects" array in the enclosing "package.json" file:

    ../../packages/effect/package.json:21:2:
      21 │   "sideEffects": ["./src/index.ts"],
         ╵   ~~~~~~~~~~~~~

▲ [WARNING] Ignoring this import because "../../packages/effect/dist/chunks/chunk-FXXV2JEN.js" was marked as having no side effects [ignored-bare-import]

    ../../packages/effect/dist/Stream.js:248:7:
      248 │ import "./chunks/chunk-FXXV2JEN.js";
          ╵        ~~~~~~~~~~~~~~~~~~~~~~~~~~~~

  It was excluded from the "sideEffects" array in the enclosing "package.json" file:

    ../../packages/effect/package.json:21:2:
      21 │   "sideEffects": ["./src/index.ts"],
         ╵   ~~~~~~~~~~~~~

▲ [WARNING] Ignoring this import because "../../packages/effect/dist/chunks/chunk-GDYBQSPB.js" was marked as having no side effects [ignored-bare-import]

    ../../packages/effect/dist/Stream.js:249:7:
      249 │ import "./chunks/chunk-GDYBQSPB.js";
          ╵        ~~~~~~~~~~~~~~~~~~~~~~~~~~~~

  It was excluded from the "sideEffects" array in the enclosing "package.json" file:

    ../../packages/effect/package.json:21:2:
      21 │   "sideEffects": ["./src/index.ts"],
         ╵   ~~~~~~~~~~~~~

▲ [WARNING] Ignoring this import because "../../packages/effect/dist/chunks/chunk-TO773JWL.js" was marked as having no side effects [ignored-bare-import]

    ../../packages/effect/dist/Stream.js:250:7:
      250 │ import "./chunks/chunk-TO773JWL.js";
          ╵        ~~~~~~~~~~~~~~~~~~~~~~~~~~~~

  It was excluded from the "sideEffects" array in the enclosing "package.json" file:

    ../../packages/effect/package.json:21:2:
      21 │   "sideEffects": ["./src/index.ts"],
         ╵   ~~~~~~~~~~~~~

▲ [WARNING] Ignoring this import because "../../packages/effect/dist/chunks/chunk-IUBEXSTB.js" was marked as having no side effects [ignored-bare-import]

    ../../packages/effect/dist/Stream.js:251:7:
      251 │ import "./chunks/chunk-IUBEXSTB.js";
          ╵        ~~~~~~~~~~~~~~~~~~~~~~~~~~~~

  It was excluded from the "sideEffects" array in the enclosing "package.json" file:

    ../../packages/effect/package.json:21:2:
      21 │   "sideEffects": ["./src/index.ts"],
         ╵   ~~~~~~~~~~~~~

▲ [WARNING] Ignoring this import because "../../packages/effect/dist/chunks/chunk-2TMTOYW5.js" was marked as having no side effects [ignored-bare-import]

    ../../packages/effect/dist/Stream.js:252:7:
      252 │ import "./chunks/chunk-2TMTOYW5.js";
          ╵        ~~~~~~~~~~~~~~~~~~~~~~~~~~~~

  It was excluded from the "sideEffects" array in the enclosing "package.json" file:

    ../../packages/effect/package.json:21:2:
      21 │   "sideEffects": ["./src/index.ts"],
         ╵   ~~~~~~~~~~~~~

▲ [WARNING] Ignoring this import because "../../packages/effect/dist/chunks/chunk-I3DNMCQ3.js" was marked as having no side effects [ignored-bare-import]

    ../../packages/effect/dist/Stream.js:253:7:
      253 │ import "./chunks/chunk-I3DNMCQ3.js";
          ╵        ~~~~~~~~~~~~~~~~~~~~~~~~~~~~

  It was excluded from the "sideEffects" array in the enclosing "package.json" file:

    ../../packages/effect/package.json:21:2:
      21 │   "sideEffects": ["./src/index.ts"],
         ╵   ~~~~~~~~~~~~~

▲ [WARNING] Ignoring this import because "../../packages/effect/dist/chunks/chunk-WBCGFPN2.js" was marked as having no side effects [ignored-bare-import]

    ../../packages/effect/dist/Stream.js:254:7:
      254 │ import "./chunks/chunk-WBCGFPN2.js";
          ╵        ~~~~~~~~~~~~~~~~~~~~~~~~~~~~

  It was excluded from the "sideEffects" array in the enclosing "package.json" file:

    ../../packages/effect/package.json:21:2:
      21 │   "sideEffects": ["./src/index.ts"],
         ╵   ~~~~~~~~~~~~~

▲ [WARNING] Ignoring this import because "../../packages/effect/dist/chunks/chunk-EUKMRYT6.js" was marked as having no side effects [ignored-bare-import]

    ../../packages/effect/dist/Stream.js:255:7:
      255 │ import "./chunks/chunk-EUKMRYT6.js";
          ╵        ~~~~~~~~~~~~~~~~~~~~~~~~~~~~

  It was excluded from the "sideEffects" array in the enclosing "package.json" file:

    ../../packages/effect/package.json:21:2:
      21 │   "sideEffects": ["./src/index.ts"],
         ╵   ~~~~~~~~~~~~~

▲ [WARNING] Ignoring this import because "../../packages/effect/dist/chunks/chunk-7RKZFE62.js" was marked as having no side effects [ignored-bare-import]

    ../../packages/effect/dist/Stream.js:256:7:
      256 │ import "./chunks/chunk-7RKZFE62.js";
          ╵        ~~~~~~~~~~~~~~~~~~~~~~~~~~~~

  It was excluded from the "sideEffects" array in the enclosing "package.json" file:

    ../../packages/effect/package.json:21:2:
      21 │   "sideEffects": ["./src/index.ts"],
         ╵   ~~~~~~~~~~~~~

▲ [WARNING] Ignoring this import because "../../packages/effect/dist/chunks/chunk-OMG3NQZS.js" was marked as having no side effects [ignored-bare-import]

    ../../packages/effect/dist/Stream.js:257:7:
      257 │ import "./chunks/chunk-OMG3NQZS.js";
          ╵        ~~~~~~~~~~~~~~~~~~~~~~~~~~~~

  It was excluded from the "sideEffects" array in the enclosing "package.json" file:

    ../../packages/effect/package.json:21:2:
      21 │   "sideEffects": ["./src/index.ts"],
         ╵   ~~~~~~~~~~~~~

▲ [WARNING] Ignoring this import because "../../packages/effect/dist/chunks/chunk-XANYWE7E.js" was marked as having no side effects [ignored-bare-import]

    ../../packages/effect/dist/Stream.js:258:7:
      258 │ import "./chunks/chunk-XANYWE7E.js";
          ╵        ~~~~~~~~~~~~~~~~~~~~~~~~~~~~

  It was excluded from the "sideEffects" array in the enclosing "package.json" file:

    ../../packages/effect/package.json:21:2:
      21 │   "sideEffects": ["./src/index.ts"],
         ╵   ~~~~~~~~~~~~~

▲ [WARNING] Ignoring this import because "../../packages/effect/dist/chunks/chunk-VDWG5QMS.js" was marked as having no side effects [ignored-bare-import]

    ../../packages/effect/dist/Stream.js:259:7:
      259 │ import "./chunks/chunk-VDWG5QMS.js";
          ╵        ~~~~~~~~~~~~~~~~~~~~~~~~~~~~

  It was excluded from the "sideEffects" array in the enclosing "package.json" file:

    ../../packages/effect/package.json:21:2:
      21 │   "sideEffects": ["./src/index.ts"],
         ╵   ~~~~~~~~~~~~~

▲ [WARNING] Ignoring this import because "../../packages/effect/dist/chunks/chunk-FTZB7ATJ.js" was marked as having no side effects [ignored-bare-import]

    ../../packages/effect/dist/Stream.js:260:7:
      260 │ import "./chunks/chunk-FTZB7ATJ.js";
          ╵        ~~~~~~~~~~~~~~~~~~~~~~~~~~~~

  It was excluded from the "sideEffects" array in the enclosing "package.json" file:

    ../../packages/effect/package.json:21:2:
      21 │   "sideEffects": ["./src/index.ts"],
         ╵   ~~~~~~~~~~~~~

▲ [WARNING] Ignoring this import because "../../packages/effect/dist/chunks/chunk-U6RRVDRJ.js" was marked as having no side effects [ignored-bare-import]

    ../../packages/effect/dist/Stream.js:261:7:
      261 │ import "./chunks/chunk-U6RRVDRJ.js";
          ╵        ~~~~~~~~~~~~~~~~~~~~~~~~~~~~

  It was excluded from the "sideEffects" array in the enclosing "package.json" file:

    ../../packages/effect/package.json:21:2:
      21 │   "sideEffects": ["./src/index.ts"],
         ╵   ~~~~~~~~~~~~~

▲ [WARNING] Ignoring this import because "../../packages/effect/dist/chunks/chunk-EBZVJ3UH.js" was marked as having no side effects [ignored-bare-import]

    ../../packages/effect/dist/Stream.js:262:7:
      262 │ import "./chunks/chunk-EBZVJ3UH.js";
          ╵        ~~~~~~~~~~~~~~~~~~~~~~~~~~~~

  It was excluded from the "sideEffects" array in the enclosing "package.json" file:

    ../../packages/effect/package.json:21:2:
      21 │   "sideEffects": ["./src/index.ts"],
         ╵   ~~~~~~~~~~~~~

▲ [WARNING] Ignoring this import because "../../packages/effect/dist/chunks/chunk-5G6GWEUR.js" was marked as having no side effects [ignored-bare-import]

    ../../packages/effect/dist/Stream.js:263:7:
      263 │ import "./chunks/chunk-5G6GWEUR.js";
          ╵        ~~~~~~~~~~~~~~~~~~~~~~~~~~~~

  It was excluded from the "sideEffects" array in the enclosing "package.json" file:

    ../../packages/effect/package.json:21:2:
      21 │   "sideEffects": ["./src/index.ts"],
         ╵   ~~~~~~~~~~~~~

▲ [WARNING] Ignoring this import because "../../packages/effect/dist/chunks/chunk-KTL2XEHB.js" was marked as having no side effects [ignored-bare-import]

    ../../packages/effect/dist/Stream.js:264:7:
      264 │ import "./chunks/chunk-KTL2XEHB.js";
          ╵        ~~~~~~~~~~~~~~~~~~~~~~~~~~~~

  It was excluded from the "sideEffects" array in the enclosing "package.json" file:

    ../../packages/effect/package.json:21:2:
      21 │   "sideEffects": ["./src/index.ts"],
         ╵   ~~~~~~~~~~~~~

▲ [WARNING] Ignoring this import because "../../packages/effect/dist/chunks/chunk-TMH7Y6HP.js" was marked as having no side effects [ignored-bare-import]

    ../../packages/effect/dist/Stream.js:265:7:
      265 │ import "./chunks/chunk-TMH7Y6HP.js";
          ╵        ~~~~~~~~~~~~~~~~~~~~~~~~~~~~

  It was excluded from the "sideEffects" array in the enclosing "package.json" file:

    ../../packages/effect/package.json:21:2:
      21 │   "sideEffects": ["./src/index.ts"],
         ╵   ~~~~~~~~~~~~~

▲ [WARNING] Ignoring this import because "../../packages/effect/dist/chunks/chunk-VMCXMDFR.js" was marked as having no side effects [ignored-bare-import]

    ../../packages/effect/dist/Stream.js:266:7:
      266 │ import "./chunks/chunk-VMCXMDFR.js";
          ╵        ~~~~~~~~~~~~~~~~~~~~~~~~~~~~

  It was excluded from the "sideEffects" array in the enclosing "package.json" file:

    ../../packages/effect/package.json:21:2:
      21 │   "sideEffects": ["./src/index.ts"],
         ╵   ~~~~~~~~~~~~~

▲ [WARNING] Ignoring this import because "../../packages/effect/dist/chunks/chunk-WVSWMADR.js" was marked as having no side effects [ignored-bare-import]

    ../../packages/effect/dist/Stream.js:267:7:
      267 │ import "./chunks/chunk-WVSWMADR.js";
          ╵        ~~~~~~~~~~~~~~~~~~~~~~~~~~~~

  It was excluded from the "sideEffects" array in the enclosing "package.json" file:

    ../../packages/effect/package.json:21:2:
      21 │   "sideEffects": ["./src/index.ts"],
         ╵   ~~~~~~~~~~~~~

▲ [WARNING] Ignoring this import because "../../packages/effect/dist/chunks/chunk-NFTO2QYI.js" was marked as having no side effects [ignored-bare-import]

    ../../packages/effect/dist/Stream.js:268:7:
      268 │ import "./chunks/chunk-NFTO2QYI.js";
          ╵        ~~~~~~~~~~~~~~~~~~~~~~~~~~~~

  It was excluded from the "sideEffects" array in the enclosing "package.json" file:

    ../../packages/effect/package.json:21:2:
      21 │   "sideEffects": ["./src/index.ts"],
         ╵   ~~~~~~~~~~~~~

▲ [WARNING] Ignoring this import because "../../packages/effect/dist/chunks/chunk-XDQ44N2D.js" was marked as having no side effects [ignored-bare-import]

    ../../packages/effect/dist/Stream.js:269:7:
      269 │ import "./chunks/chunk-XDQ44N2D.js";
          ╵        ~~~~~~~~~~~~~~~~~~~~~~~~~~~~

  It was excluded from the "sideEffects" array in the enclosing "package.json" file:

    ../../packages/effect/package.json:21:2:
      21 │   "sideEffects": ["./src/index.ts"],
         ╵   ~~~~~~~~~~~~~

▲ [WARNING] Ignoring this import because "../../packages/effect/dist/chunks/chunk-YOIRNCU2.js" was marked as having no side effects [ignored-bare-import]

    ../../packages/effect/dist/Stream.js:270:7:
      270 │ import "./chunks/chunk-YOIRNCU2.js";
          ╵        ~~~~~~~~~~~~~~~~~~~~~~~~~~~~

  It was excluded from the "sideEffects" array in the enclosing "package.json" file:

    ../../packages/effect/package.json:21:2:
      21 │   "sideEffects": ["./src/index.ts"],
         ╵   ~~~~~~~~~~~~~

▲ [WARNING] Ignoring this import because "../../packages/effect/dist/chunks/chunk-DLP6F2JT.js" was marked as having no side effects [ignored-bare-import]

    ../../packages/effect/dist/Stream.js:271:7:
      271 │ import "./chunks/chunk-DLP6F2JT.js";
          ╵        ~~~~~~~~~~~~~~~~~~~~~~~~~~~~

  It was excluded from the "sideEffects" array in the enclosing "package.json" file:

    ../../packages/effect/package.json:21:2:
      21 │   "sideEffects": ["./src/index.ts"],
         ╵   ~~~~~~~~~~~~~

▲ [WARNING] Ignoring this import because "../../packages/effect/dist/chunks/chunk-446BBSPZ.js" was marked as having no side effects [ignored-bare-import]

    ../../packages/effect/dist/Stream.js:272:7:
      272 │ import "./chunks/chunk-446BBSPZ.js";
          ╵        ~~~~~~~~~~~~~~~~~~~~~~~~~~~~

  It was excluded from the "sideEffects" array in the enclosing "package.json" file:

    ../../packages/effect/package.json:21:2:
      21 │   "sideEffects": ["./src/index.ts"],
         ╵   ~~~~~~~~~~~~~

▲ [WARNING] Ignoring this import because "../../packages/effect/dist/chunks/chunk-TODVOBQF.js" was marked as having no side effects [ignored-bare-import]

    ../../packages/effect/dist/Stream.js:273:7:
      273 │ import "./chunks/chunk-TODVOBQF.js";
          ╵        ~~~~~~~~~~~~~~~~~~~~~~~~~~~~

  It was excluded from the "sideEffects" array in the enclosing "package.json" file:

    ../../packages/effect/package.json:21:2:
      21 │   "sideEffects": ["./src/index.ts"],
         ╵   ~~~~~~~~~~~~~

▲ [WARNING] Ignoring this import because "../../packages/effect/dist/chunks/chunk-YNC4CLO3.js" was marked as having no side effects [ignored-bare-import]

    ../../packages/effect/dist/Stream.js:274:7:
      274 │ import "./chunks/chunk-YNC4CLO3.js";
          ╵        ~~~~~~~~~~~~~~~~~~~~~~~~~~~~

  It was excluded from the "sideEffects" array in the enclosing "package.json" file:

    ../../packages/effect/package.json:21:2:
      21 │   "sideEffects": ["./src/index.ts"],
         ╵   ~~~~~~~~~~~~~

▲ [WARNING] Ignoring this import because "../../packages/effect/dist/chunks/chunk-3YWPVJOL.js" was marked as having no side effects [ignored-bare-import]

    ../../packages/effect/dist/Stream.js:275:7:
      275 │ import "./chunks/chunk-3YWPVJOL.js";
          ╵        ~~~~~~~~~~~~~~~~~~~~~~~~~~~~

  It was excluded from the "sideEffects" array in the enclosing "package.json" file:

    ../../packages/effect/package.json:21:2:
      21 │   "sideEffects": ["./src/index.ts"],
         ╵   ~~~~~~~~~~~~~

▲ [WARNING] Ignoring this import because "../../packages/effect/dist/chunks/chunk-6D3MO3Z4.js" was marked as having no side effects [ignored-bare-import]

    ../../packages/effect/dist/unstable/reactivity/Reactivity.js:11:7:
      11 │ import "../../chunks/chunk-6D3MO3Z4.js";
         ╵        ~~~~~~~~~~~~~~~~~~~~~~~~~~~~~~~~

  It was excluded from the "sideEffects" array in the enclosing "package.json" file:

    ../../packages/effect/package.json:21:2:
      21 │   "sideEffects": ["./src/index.ts"],
         ╵   ~~~~~~~~~~~~~

▲ [WARNING] Ignoring this import because "../../packages/effect/dist/chunks/chunk-TT2HNKPQ.js" was marked as having no side effects [ignored-bare-import]

    ../../packages/effect/dist/unstable/reactivity/Reactivity.js:12:7:
      12 │ import "../../chunks/chunk-TT2HNKPQ.js";
         ╵        ~~~~~~~~~~~~~~~~~~~~~~~~~~~~~~~~

  It was excluded from the "sideEffects" array in the enclosing "package.json" file:

    ../../packages/effect/package.json:21:2:
      21 │   "sideEffects": ["./src/index.ts"],
         ╵   ~~~~~~~~~~~~~

▲ [WARNING] Ignoring this import because "../../packages/effect/dist/chunks/chunk-R5A6PLNT.js" was marked as having no side effects [ignored-bare-import]

    ../../packages/effect/dist/unstable/reactivity/Reactivity.js:13:7:
      13 │ import "../../chunks/chunk-R5A6PLNT.js";
         ╵        ~~~~~~~~~~~~~~~~~~~~~~~~~~~~~~~~

  It was excluded from the "sideEffects" array in the enclosing "package.json" file:

    ../../packages/effect/package.json:21:2:
      21 │   "sideEffects": ["./src/index.ts"],
         ╵   ~~~~~~~~~~~~~

▲ [WARNING] Ignoring this import because "../../packages/effect/dist/chunks/chunk-KKOB3HIY.js" was marked as having no side effects [ignored-bare-import]

    ../../packages/effect/dist/unstable/reactivity/Reactivity.js:14:7:
      14 │ import "../../chunks/chunk-KKOB3HIY.js";
         ╵        ~~~~~~~~~~~~~~~~~~~~~~~~~~~~~~~~

  It was excluded from the "sideEffects" array in the enclosing "package.json" file:

    ../../packages/effect/package.json:21:2:
      21 │   "sideEffects": ["./src/index.ts"],
         ╵   ~~~~~~~~~~~~~

▲ [WARNING] Ignoring this import because "../../packages/effect/dist/chunks/chunk-C4ND67W7.js" was marked as having no side effects [ignored-bare-import]

    ../../packages/effect/dist/unstable/reactivity/Reactivity.js:15:7:
      15 │ import "../../chunks/chunk-C4ND67W7.js";
         ╵        ~~~~~~~~~~~~~~~~~~~~~~~~~~~~~~~~

  It was excluded from the "sideEffects" array in the enclosing "package.json" file:

    ../../packages/effect/package.json:21:2:
      21 │   "sideEffects": ["./src/index.ts"],
         ╵   ~~~~~~~~~~~~~

▲ [WARNING] Ignoring this import because "../../packages/effect/dist/chunks/chunk-ES7IUIXV.js" was marked as having no side effects [ignored-bare-import]

    ../../packages/effect/dist/unstable/reactivity/Reactivity.js:16:7:
      16 │ import "../../chunks/chunk-ES7IUIXV.js";
         ╵        ~~~~~~~~~~~~~~~~~~~~~~~~~~~~~~~~

  It was excluded from the "sideEffects" array in the enclosing "package.json" file:

    ../../packages/effect/package.json:21:2:
      21 │   "sideEffects": ["./src/index.ts"],
         ╵   ~~~~~~~~~~~~~

▲ [WARNING] Ignoring this import because "../../packages/effect/dist/chunks/chunk-BPUJUBKY.js" was marked as having no side effects [ignored-bare-import]

    ../../packages/effect/dist/unstable/reactivity/Reactivity.js:17:7:
      17 │ import "../../chunks/chunk-BPUJUBKY.js";
         ╵        ~~~~~~~~~~~~~~~~~~~~~~~~~~~~~~~~

  It was excluded from the "sideEffects" array in the enclosing "package.json" file:

    ../../packages/effect/package.json:21:2:
      21 │   "sideEffects": ["./src/index.ts"],
         ╵   ~~~~~~~~~~~~~

▲ [WARNING] Ignoring this import because "../../packages/effect/dist/chunks/chunk-KLU4W2JA.js" was marked as having no side effects [ignored-bare-import]

    ../../packages/effect/dist/unstable/reactivity/Reactivity.js:18:7:
      18 │ import "../../chunks/chunk-KLU4W2JA.js";
         ╵        ~~~~~~~~~~~~~~~~~~~~~~~~~~~~~~~~

  It was excluded from the "sideEffects" array in the enclosing "package.json" file:

    ../../packages/effect/package.json:21:2:
      21 │   "sideEffects": ["./src/index.ts"],
         ╵   ~~~~~~~~~~~~~

▲ [WARNING] Ignoring this import because "../../packages/effect/dist/chunks/chunk-OLX3PE6P.js" was marked as having no side effects [ignored-bare-import]

    ../../packages/effect/dist/unstable/reactivity/Reactivity.js:19:7:
      19 │ import "../../chunks/chunk-OLX3PE6P.js";
         ╵        ~~~~~~~~~~~~~~~~~~~~~~~~~~~~~~~~

  It was excluded from the "sideEffects" array in the enclosing "package.json" file:

    ../../packages/effect/package.json:21:2:
      21 │   "sideEffects": ["./src/index.ts"],
         ╵   ~~~~~~~~~~~~~

▲ [WARNING] Ignoring this import because "../../packages/effect/dist/chunks/chunk-FXXV2JEN.js" was marked as having no side effects [ignored-bare-import]

    ../../packages/effect/dist/unstable/reactivity/Reactivity.js:20:7:
      20 │ import "../../chunks/chunk-FXXV2JEN.js";
         ╵        ~~~~~~~~~~~~~~~~~~~~~~~~~~~~~~~~

  It was excluded from the "sideEffects" array in the enclosing "package.json" file:

    ../../packages/effect/package.json:21:2:
      21 │   "sideEffects": ["./src/index.ts"],
         ╵   ~~~~~~~~~~~~~

▲ [WARNING] Ignoring this import because "../../packages/effect/dist/chunks/chunk-GDYBQSPB.js" was marked as having no side effects [ignored-bare-import]

    ../../packages/effect/dist/unstable/reactivity/Reactivity.js:21:7:
      21 │ import "../../chunks/chunk-GDYBQSPB.js";
         ╵        ~~~~~~~~~~~~~~~~~~~~~~~~~~~~~~~~

  It was excluded from the "sideEffects" array in the enclosing "package.json" file:

    ../../packages/effect/package.json:21:2:
      21 │   "sideEffects": ["./src/index.ts"],
         ╵   ~~~~~~~~~~~~~

▲ [WARNING] Ignoring this import because "../../packages/effect/dist/chunks/chunk-TO773JWL.js" was marked as having no side effects [ignored-bare-import]

    ../../packages/effect/dist/unstable/reactivity/Reactivity.js:22:7:
      22 │ import "../../chunks/chunk-TO773JWL.js";
         ╵        ~~~~~~~~~~~~~~~~~~~~~~~~~~~~~~~~

  It was excluded from the "sideEffects" array in the enclosing "package.json" file:

    ../../packages/effect/package.json:21:2:
      21 │   "sideEffects": ["./src/index.ts"],
         ╵   ~~~~~~~~~~~~~

▲ [WARNING] Ignoring this import because "../../packages/effect/dist/chunks/chunk-IUBEXSTB.js" was marked as having no side effects [ignored-bare-import]

    ../../packages/effect/dist/unstable/reactivity/Reactivity.js:23:7:
      23 │ import "../../chunks/chunk-IUBEXSTB.js";
         ╵        ~~~~~~~~~~~~~~~~~~~~~~~~~~~~~~~~

  It was excluded from the "sideEffects" array in the enclosing "package.json" file:

    ../../packages/effect/package.json:21:2:
      21 │   "sideEffects": ["./src/index.ts"],
         ╵   ~~~~~~~~~~~~~

▲ [WARNING] Ignoring this import because "../../packages/effect/dist/chunks/chunk-2TMTOYW5.js" was marked as having no side effects [ignored-bare-import]

    ../../packages/effect/dist/unstable/reactivity/Reactivity.js:24:7:
      24 │ import "../../chunks/chunk-2TMTOYW5.js";
         ╵        ~~~~~~~~~~~~~~~~~~~~~~~~~~~~~~~~

  It was excluded from the "sideEffects" array in the enclosing "package.json" file:

    ../../packages/effect/package.json:21:2:
      21 │   "sideEffects": ["./src/index.ts"],
         ╵   ~~~~~~~~~~~~~

▲ [WARNING] Ignoring this import because "../../packages/effect/dist/chunks/chunk-I3DNMCQ3.js" was marked as having no side effects [ignored-bare-import]

    ../../packages/effect/dist/unstable/reactivity/Reactivity.js:25:7:
      25 │ import "../../chunks/chunk-I3DNMCQ3.js";
         ╵        ~~~~~~~~~~~~~~~~~~~~~~~~~~~~~~~~

  It was excluded from the "sideEffects" array in the enclosing "package.json" file:

    ../../packages/effect/package.json:21:2:
      21 │   "sideEffects": ["./src/index.ts"],
         ╵   ~~~~~~~~~~~~~

▲ [WARNING] Ignoring this import because "../../packages/effect/dist/chunks/chunk-WBCGFPN2.js" was marked as having no side effects [ignored-bare-import]

    ../../packages/effect/dist/unstable/reactivity/Reactivity.js:26:7:
      26 │ import "../../chunks/chunk-WBCGFPN2.js";
         ╵        ~~~~~~~~~~~~~~~~~~~~~~~~~~~~~~~~

  It was excluded from the "sideEffects" array in the enclosing "package.json" file:

    ../../packages/effect/package.json:21:2:
      21 │   "sideEffects": ["./src/index.ts"],
         ╵   ~~~~~~~~~~~~~

▲ [WARNING] Ignoring this import because "../../packages/effect/dist/chunks/chunk-EUKMRYT6.js" was marked as having no side effects [ignored-bare-import]

    ../../packages/effect/dist/unstable/reactivity/Reactivity.js:27:7:
      27 │ import "../../chunks/chunk-EUKMRYT6.js";
         ╵        ~~~~~~~~~~~~~~~~~~~~~~~~~~~~~~~~

  It was excluded from the "sideEffects" array in the enclosing "package.json" file:

    ../../packages/effect/package.json:21:2:
      21 │   "sideEffects": ["./src/index.ts"],
         ╵   ~~~~~~~~~~~~~

▲ [WARNING] Ignoring this import because "../../packages/effect/dist/chunks/chunk-7RKZFE62.js" was marked as having no side effects [ignored-bare-import]

    ../../packages/effect/dist/unstable/reactivity/Reactivity.js:28:7:
      28 │ import "../../chunks/chunk-7RKZFE62.js";
         ╵        ~~~~~~~~~~~~~~~~~~~~~~~~~~~~~~~~

  It was excluded from the "sideEffects" array in the enclosing "package.json" file:

    ../../packages/effect/package.json:21:2:
      21 │   "sideEffects": ["./src/index.ts"],
         ╵   ~~~~~~~~~~~~~

▲ [WARNING] Ignoring this import because "../../packages/effect/dist/chunks/chunk-OMG3NQZS.js" was marked as having no side effects [ignored-bare-import]

    ../../packages/effect/dist/unstable/reactivity/Reactivity.js:29:7:
      29 │ import "../../chunks/chunk-OMG3NQZS.js";
         ╵        ~~~~~~~~~~~~~~~~~~~~~~~~~~~~~~~~

  It was excluded from the "sideEffects" array in the enclosing "package.json" file:

    ../../packages/effect/package.json:21:2:
      21 │   "sideEffects": ["./src/index.ts"],
         ╵   ~~~~~~~~~~~~~

▲ [WARNING] Ignoring this import because "../../packages/effect/dist/chunks/chunk-XANYWE7E.js" was marked as having no side effects [ignored-bare-import]

    ../../packages/effect/dist/unstable/reactivity/Reactivity.js:30:7:
      30 │ import "../../chunks/chunk-XANYWE7E.js";
         ╵        ~~~~~~~~~~~~~~~~~~~~~~~~~~~~~~~~

  It was excluded from the "sideEffects" array in the enclosing "package.json" file:

    ../../packages/effect/package.json:21:2:
      21 │   "sideEffects": ["./src/index.ts"],
         ╵   ~~~~~~~~~~~~~

▲ [WARNING] Ignoring this import because "../../packages/effect/dist/chunks/chunk-VDWG5QMS.js" was marked as having no side effects [ignored-bare-import]

    ../../packages/effect/dist/unstable/reactivity/Reactivity.js:31:7:
      31 │ import "../../chunks/chunk-VDWG5QMS.js";
         ╵        ~~~~~~~~~~~~~~~~~~~~~~~~~~~~~~~~

  It was excluded from the "sideEffects" array in the enclosing "package.json" file:

    ../../packages/effect/package.json:21:2:
      21 │   "sideEffects": ["./src/index.ts"],
         ╵   ~~~~~~~~~~~~~

▲ [WARNING] Ignoring this import because "../../packages/effect/dist/chunks/chunk-FTZB7ATJ.js" was marked as having no side effects [ignored-bare-import]

    ../../packages/effect/dist/unstable/reactivity/Reactivity.js:32:7:
      32 │ import "../../chunks/chunk-FTZB7ATJ.js";
         ╵        ~~~~~~~~~~~~~~~~~~~~~~~~~~~~~~~~

  It was excluded from the "sideEffects" array in the enclosing "package.json" file:

    ../../packages/effect/package.json:21:2:
      21 │   "sideEffects": ["./src/index.ts"],
         ╵   ~~~~~~~~~~~~~

▲ [WARNING] Ignoring this import because "../../packages/effect/dist/chunks/chunk-U6RRVDRJ.js" was marked as having no side effects [ignored-bare-import]

    ../../packages/effect/dist/unstable/reactivity/Reactivity.js:33:7:
      33 │ import "../../chunks/chunk-U6RRVDRJ.js";
         ╵        ~~~~~~~~~~~~~~~~~~~~~~~~~~~~~~~~

  It was excluded from the "sideEffects" array in the enclosing "package.json" file:

    ../../packages/effect/package.json:21:2:
      21 │   "sideEffects": ["./src/index.ts"],
         ╵   ~~~~~~~~~~~~~

▲ [WARNING] Ignoring this import because "../../packages/effect/dist/chunks/chunk-EBZVJ3UH.js" was marked as having no side effects [ignored-bare-import]

    ../../packages/effect/dist/unstable/reactivity/Reactivity.js:34:7:
      34 │ import "../../chunks/chunk-EBZVJ3UH.js";
         ╵        ~~~~~~~~~~~~~~~~~~~~~~~~~~~~~~~~

  It was excluded from the "sideEffects" array in the enclosing "package.json" file:

    ../../packages/effect/package.json:21:2:
      21 │   "sideEffects": ["./src/index.ts"],
         ╵   ~~~~~~~~~~~~~

▲ [WARNING] Ignoring this import because "../../packages/effect/dist/chunks/chunk-5G6GWEUR.js" was marked as having no side effects [ignored-bare-import]

    ../../packages/effect/dist/unstable/reactivity/Reactivity.js:35:7:
      35 │ import "../../chunks/chunk-5G6GWEUR.js";
         ╵        ~~~~~~~~~~~~~~~~~~~~~~~~~~~~~~~~

  It was excluded from the "sideEffects" array in the enclosing "package.json" file:

    ../../packages/effect/package.json:21:2:
      21 │   "sideEffects": ["./src/index.ts"],
         ╵   ~~~~~~~~~~~~~

▲ [WARNING] Ignoring this import because "../../packages/effect/dist/chunks/chunk-KTL2XEHB.js" was marked as having no side effects [ignored-bare-import]

    ../../packages/effect/dist/unstable/reactivity/Reactivity.js:36:7:
      36 │ import "../../chunks/chunk-KTL2XEHB.js";
         ╵        ~~~~~~~~~~~~~~~~~~~~~~~~~~~~~~~~

  It was excluded from the "sideEffects" array in the enclosing "package.json" file:

    ../../packages/effect/package.json:21:2:
      21 │   "sideEffects": ["./src/index.ts"],
         ╵   ~~~~~~~~~~~~~

▲ [WARNING] Ignoring this import because "../../packages/effect/dist/chunks/chunk-TMH7Y6HP.js" was marked as having no side effects [ignored-bare-import]

    ../../packages/effect/dist/unstable/reactivity/Reactivity.js:37:7:
      37 │ import "../../chunks/chunk-TMH7Y6HP.js";
         ╵        ~~~~~~~~~~~~~~~~~~~~~~~~~~~~~~~~

  It was excluded from the "sideEffects" array in the enclosing "package.json" file:

    ../../packages/effect/package.json:21:2:
      21 │   "sideEffects": ["./src/index.ts"],
         ╵   ~~~~~~~~~~~~~

▲ [WARNING] Ignoring this import because "../../packages/effect/dist/chunks/chunk-VMCXMDFR.js" was marked as having no side effects [ignored-bare-import]

    ../../packages/effect/dist/unstable/reactivity/Reactivity.js:38:7:
      38 │ import "../../chunks/chunk-VMCXMDFR.js";
         ╵        ~~~~~~~~~~~~~~~~~~~~~~~~~~~~~~~~

  It was excluded from the "sideEffects" array in the enclosing "package.json" file:

    ../../packages/effect/package.json:21:2:
      21 │   "sideEffects": ["./src/index.ts"],
         ╵   ~~~~~~~~~~~~~

▲ [WARNING] Ignoring this import because "../../packages/effect/dist/chunks/chunk-WVSWMADR.js" was marked as having no side effects [ignored-bare-import]

    ../../packages/effect/dist/unstable/reactivity/Reactivity.js:39:7:
      39 │ import "../../chunks/chunk-WVSWMADR.js";
         ╵        ~~~~~~~~~~~~~~~~~~~~~~~~~~~~~~~~

  It was excluded from the "sideEffects" array in the enclosing "package.json" file:

    ../../packages/effect/package.json:21:2:
      21 │   "sideEffects": ["./src/index.ts"],
         ╵   ~~~~~~~~~~~~~

▲ [WARNING] Ignoring this import because "../../packages/effect/dist/chunks/chunk-NFTO2QYI.js" was marked as having no side effects [ignored-bare-import]

    ../../packages/effect/dist/unstable/reactivity/Reactivity.js:40:7:
      40 │ import "../../chunks/chunk-NFTO2QYI.js";
         ╵        ~~~~~~~~~~~~~~~~~~~~~~~~~~~~~~~~

  It was excluded from the "sideEffects" array in the enclosing "package.json" file:

    ../../packages/effect/package.json:21:2:
      21 │   "sideEffects": ["./src/index.ts"],
         ╵   ~~~~~~~~~~~~~

▲ [WARNING] Ignoring this import because "../../packages/effect/dist/chunks/chunk-XDQ44N2D.js" was marked as having no side effects [ignored-bare-import]

    ../../packages/effect/dist/unstable/reactivity/Reactivity.js:41:7:
      41 │ import "../../chunks/chunk-XDQ44N2D.js";
         ╵        ~~~~~~~~~~~~~~~~~~~~~~~~~~~~~~~~

  It was excluded from the "sideEffects" array in the enclosing "package.json" file:

    ../../packages/effect/package.json:21:2:
      21 │   "sideEffects": ["./src/index.ts"],
         ╵   ~~~~~~~~~~~~~

▲ [WARNING] Ignoring this import because "../../packages/effect/dist/chunks/chunk-YOIRNCU2.js" was marked as having no side effects [ignored-bare-import]

    ../../packages/effect/dist/unstable/reactivity/Reactivity.js:42:7:
      42 │ import "../../chunks/chunk-YOIRNCU2.js";
         ╵        ~~~~~~~~~~~~~~~~~~~~~~~~~~~~~~~~

  It was excluded from the "sideEffects" array in the enclosing "package.json" file:

    ../../packages/effect/package.json:21:2:
      21 │   "sideEffects": ["./src/index.ts"],
         ╵   ~~~~~~~~~~~~~

▲ [WARNING] Ignoring this import because "../../packages/effect/dist/chunks/chunk-DLP6F2JT.js" was marked as having no side effects [ignored-bare-import]

    ../../packages/effect/dist/unstable/reactivity/Reactivity.js:43:7:
      43 │ import "../../chunks/chunk-DLP6F2JT.js";
         ╵        ~~~~~~~~~~~~~~~~~~~~~~~~~~~~~~~~

  It was excluded from the "sideEffects" array in the enclosing "package.json" file:

    ../../packages/effect/package.json:21:2:
      21 │   "sideEffects": ["./src/index.ts"],
         ╵   ~~~~~~~~~~~~~

▲ [WARNING] Ignoring this import because "../../packages/effect/dist/chunks/chunk-446BBSPZ.js" was marked as having no side effects [ignored-bare-import]

    ../../packages/effect/dist/unstable/reactivity/Reactivity.js:44:7:
      44 │ import "../../chunks/chunk-446BBSPZ.js";
         ╵        ~~~~~~~~~~~~~~~~~~~~~~~~~~~~~~~~

  It was excluded from the "sideEffects" array in the enclosing "package.json" file:

    ../../packages/effect/package.json:21:2:
      21 │   "sideEffects": ["./src/index.ts"],
         ╵   ~~~~~~~~~~~~~

▲ [WARNING] Ignoring this import because "../../packages/effect/dist/chunks/chunk-TODVOBQF.js" was marked as having no side effects [ignored-bare-import]

    ../../packages/effect/dist/unstable/reactivity/Reactivity.js:45:7:
      45 │ import "../../chunks/chunk-TODVOBQF.js";
         ╵        ~~~~~~~~~~~~~~~~~~~~~~~~~~~~~~~~

  It was excluded from the "sideEffects" array in the enclosing "package.json" file:

    ../../packages/effect/package.json:21:2:
      21 │   "sideEffects": ["./src/index.ts"],
         ╵   ~~~~~~~~~~~~~

▲ [WARNING] Ignoring this import because "../../packages/effect/dist/chunks/chunk-YNC4CLO3.js" was marked as having no side effects [ignored-bare-import]

    ../../packages/effect/dist/unstable/reactivity/Reactivity.js:46:7:
      46 │ import "../../chunks/chunk-YNC4CLO3.js";
         ╵        ~~~~~~~~~~~~~~~~~~~~~~~~~~~~~~~~

  It was excluded from the "sideEffects" array in the enclosing "package.json" file:

    ../../packages/effect/package.json:21:2:
      21 │   "sideEffects": ["./src/index.ts"],
         ╵   ~~~~~~~~~~~~~

▲ [WARNING] Ignoring this import because "../../packages/effect/dist/chunks/chunk-3YWPVJOL.js" was marked as having no side effects [ignored-bare-import]

    ../../packages/effect/dist/unstable/reactivity/Reactivity.js:47:7:
      47 │ import "../../chunks/chunk-3YWPVJOL.js";
         ╵        ~~~~~~~~~~~~~~~~~~~~~~~~~~~~~~~~

  It was excluded from the "sideEffects" array in the enclosing "package.json" file:

    ../../packages/effect/package.json:21:2:
      21 │   "sideEffects": ["./src/index.ts"],
         ╵   ~~~~~~~~~~~~~

▲ [WARNING] Ignoring this import because "../../packages/effect/dist/chunks/chunk-DBUXQOMS.js" was marked as having no side effects [ignored-bare-import]

    ../../packages/effect/dist/unstable/sql/SqlClient.js:8:7:
      8 │ import "../../chunks/chunk-DBUXQOMS.js";
        ╵        ~~~~~~~~~~~~~~~~~~~~~~~~~~~~~~~~

  It was excluded from the "sideEffects" array in the enclosing "package.json" file:

    ../../packages/effect/package.json:21:2:
      21 │   "sideEffects": ["./src/index.ts"],
         ╵   ~~~~~~~~~~~~~

▲ [WARNING] Ignoring this import because "../../packages/effect/dist/chunks/chunk-D5FHL44E.js" was marked as having no side effects [ignored-bare-import]

    ../../packages/effect/dist/unstable/sql/SqlClient.js:9:7:
      9 │ import "../../chunks/chunk-D5FHL44E.js";
        ╵        ~~~~~~~~~~~~~~~~~~~~~~~~~~~~~~~~

  It was excluded from the "sideEffects" array in the enclosing "package.json" file:

    ../../packages/effect/package.json:21:2:
      21 │   "sideEffects": ["./src/index.ts"],
         ╵   ~~~~~~~~~~~~~

▲ [WARNING] Ignoring this import because "../../packages/effect/dist/chunks/chunk-6D3MO3Z4.js" was marked as having no side effects [ignored-bare-import]

    ../../packages/effect/dist/unstable/sql/SqlClient.js:10:7:
      10 │ import "../../chunks/chunk-6D3MO3Z4.js";
         ╵        ~~~~~~~~~~~~~~~~~~~~~~~~~~~~~~~~

  It was excluded from the "sideEffects" array in the enclosing "package.json" file:

    ../../packages/effect/package.json:21:2:
      21 │   "sideEffects": ["./src/index.ts"],
         ╵   ~~~~~~~~~~~~~

▲ [WARNING] Ignoring this import because "../../packages/effect/dist/chunks/chunk-TT2HNKPQ.js" was marked as having no side effects [ignored-bare-import]

    ../../packages/effect/dist/unstable/sql/SqlClient.js:11:7:
      11 │ import "../../chunks/chunk-TT2HNKPQ.js";
         ╵        ~~~~~~~~~~~~~~~~~~~~~~~~~~~~~~~~

  It was excluded from the "sideEffects" array in the enclosing "package.json" file:

    ../../packages/effect/package.json:21:2:
      21 │   "sideEffects": ["./src/index.ts"],
         ╵   ~~~~~~~~~~~~~

▲ [WARNING] Ignoring this import because "../../packages/effect/dist/chunks/chunk-R5A6PLNT.js" was marked as having no side effects [ignored-bare-import]

    ../../packages/effect/dist/unstable/sql/SqlClient.js:12:7:
      12 │ import "../../chunks/chunk-R5A6PLNT.js";
         ╵        ~~~~~~~~~~~~~~~~~~~~~~~~~~~~~~~~

  It was excluded from the "sideEffects" array in the enclosing "package.json" file:

    ../../packages/effect/package.json:21:2:
      21 │   "sideEffects": ["./src/index.ts"],
         ╵   ~~~~~~~~~~~~~

▲ [WARNING] Ignoring this import because "../../packages/effect/dist/chunks/chunk-KKOB3HIY.js" was marked as having no side effects [ignored-bare-import]

    ../../packages/effect/dist/unstable/sql/SqlClient.js:13:7:
      13 │ import "../../chunks/chunk-KKOB3HIY.js";
         ╵        ~~~~~~~~~~~~~~~~~~~~~~~~~~~~~~~~

  It was excluded from the "sideEffects" array in the enclosing "package.json" file:

    ../../packages/effect/package.json:21:2:
      21 │   "sideEffects": ["./src/index.ts"],
         ╵   ~~~~~~~~~~~~~

▲ [WARNING] Ignoring this import because "../../packages/effect/dist/chunks/chunk-C4ND67W7.js" was marked as having no side effects [ignored-bare-import]

    ../../packages/effect/dist/unstable/sql/SqlClient.js:14:7:
      14 │ import "../../chunks/chunk-C4ND67W7.js";
         ╵        ~~~~~~~~~~~~~~~~~~~~~~~~~~~~~~~~

  It was excluded from the "sideEffects" array in the enclosing "package.json" file:

    ../../packages/effect/package.json:21:2:
      21 │   "sideEffects": ["./src/index.ts"],
         ╵   ~~~~~~~~~~~~~

▲ [WARNING] Ignoring this import because "../../packages/effect/dist/chunks/chunk-ES7IUIXV.js" was marked as having no side effects [ignored-bare-import]

    ../../packages/effect/dist/unstable/sql/SqlClient.js:15:7:
      15 │ import "../../chunks/chunk-ES7IUIXV.js";
         ╵        ~~~~~~~~~~~~~~~~~~~~~~~~~~~~~~~~

  It was excluded from the "sideEffects" array in the enclosing "package.json" file:

    ../../packages/effect/package.json:21:2:
      21 │   "sideEffects": ["./src/index.ts"],
         ╵   ~~~~~~~~~~~~~

▲ [WARNING] Ignoring this import because "../../packages/effect/dist/chunks/chunk-BPUJUBKY.js" was marked as having no side effects [ignored-bare-import]

    ../../packages/effect/dist/unstable/sql/SqlClient.js:16:7:
      16 │ import "../../chunks/chunk-BPUJUBKY.js";
         ╵        ~~~~~~~~~~~~~~~~~~~~~~~~~~~~~~~~

  It was excluded from the "sideEffects" array in the enclosing "package.json" file:

    ../../packages/effect/package.json:21:2:
      21 │   "sideEffects": ["./src/index.ts"],
         ╵   ~~~~~~~~~~~~~

▲ [WARNING] Ignoring this import because "../../packages/effect/dist/chunks/chunk-KLU4W2JA.js" was marked as having no side effects [ignored-bare-import]

    ../../packages/effect/dist/unstable/sql/SqlClient.js:17:7:
      17 │ import "../../chunks/chunk-KLU4W2JA.js";
         ╵        ~~~~~~~~~~~~~~~~~~~~~~~~~~~~~~~~

  It was excluded from the "sideEffects" array in the enclosing "package.json" file:

    ../../packages/effect/package.json:21:2:
      21 │   "sideEffects": ["./src/index.ts"],
         ╵   ~~~~~~~~~~~~~

▲ [WARNING] Ignoring this import because "../../packages/effect/dist/chunks/chunk-OLX3PE6P.js" was marked as having no side effects [ignored-bare-import]

    ../../packages/effect/dist/unstable/sql/SqlClient.js:18:7:
      18 │ import "../../chunks/chunk-OLX3PE6P.js";
         ╵        ~~~~~~~~~~~~~~~~~~~~~~~~~~~~~~~~

  It was excluded from the "sideEffects" array in the enclosing "package.json" file:

    ../../packages/effect/package.json:21:2:
      21 │   "sideEffects": ["./src/index.ts"],
         ╵   ~~~~~~~~~~~~~

▲ [WARNING] Ignoring this import because "../../packages/effect/dist/chunks/chunk-FXXV2JEN.js" was marked as having no side effects [ignored-bare-import]

    ../../packages/effect/dist/unstable/sql/SqlClient.js:19:7:
      19 │ import "../../chunks/chunk-FXXV2JEN.js";
         ╵        ~~~~~~~~~~~~~~~~~~~~~~~~~~~~~~~~

  It was excluded from the "sideEffects" array in the enclosing "package.json" file:

    ../../packages/effect/package.json:21:2:
      21 │   "sideEffects": ["./src/index.ts"],
         ╵   ~~~~~~~~~~~~~

▲ [WARNING] Ignoring this import because "../../packages/effect/dist/chunks/chunk-GDYBQSPB.js" was marked as having no side effects [ignored-bare-import]

    ../../packages/effect/dist/unstable/sql/SqlClient.js:20:7:
      20 │ import "../../chunks/chunk-GDYBQSPB.js";
         ╵        ~~~~~~~~~~~~~~~~~~~~~~~~~~~~~~~~

  It was excluded from the "sideEffects" array in the enclosing "package.json" file:

    ../../packages/effect/package.json:21:2:
      21 │   "sideEffects": ["./src/index.ts"],
         ╵   ~~~~~~~~~~~~~

▲ [WARNING] Ignoring this import because "../../packages/effect/dist/chunks/chunk-TO773JWL.js" was marked as having no side effects [ignored-bare-import]

    ../../packages/effect/dist/unstable/sql/SqlClient.js:21:7:
      21 │ import "../../chunks/chunk-TO773JWL.js";
         ╵        ~~~~~~~~~~~~~~~~~~~~~~~~~~~~~~~~

  It was excluded from the "sideEffects" array in the enclosing "package.json" file:

    ../../packages/effect/package.json:21:2:
      21 │   "sideEffects": ["./src/index.ts"],
         ╵   ~~~~~~~~~~~~~

▲ [WARNING] Ignoring this import because "../../packages/effect/dist/chunks/chunk-IUBEXSTB.js" was marked as having no side effects [ignored-bare-import]

    ../../packages/effect/dist/unstable/sql/SqlClient.js:22:7:
      22 │ import "../../chunks/chunk-IUBEXSTB.js";
         ╵        ~~~~~~~~~~~~~~~~~~~~~~~~~~~~~~~~

  It was excluded from the "sideEffects" array in the enclosing "package.json" file:

    ../../packages/effect/package.json:21:2:
      21 │   "sideEffects": ["./src/index.ts"],
         ╵   ~~~~~~~~~~~~~

▲ [WARNING] Ignoring this import because "../../packages/effect/dist/chunks/chunk-2TMTOYW5.js" was marked as having no side effects [ignored-bare-import]

    ../../packages/effect/dist/unstable/sql/SqlClient.js:23:7:
      23 │ import "../../chunks/chunk-2TMTOYW5.js";
         ╵        ~~~~~~~~~~~~~~~~~~~~~~~~~~~~~~~~

  It was excluded from the "sideEffects" array in the enclosing "package.json" file:

    ../../packages/effect/package.json:21:2:
      21 │   "sideEffects": ["./src/index.ts"],
         ╵   ~~~~~~~~~~~~~

▲ [WARNING] Ignoring this import because "../../packages/effect/dist/chunks/chunk-I3DNMCQ3.js" was marked as having no side effects [ignored-bare-import]

    ../../packages/effect/dist/unstable/sql/SqlClient.js:24:7:
      24 │ import "../../chunks/chunk-I3DNMCQ3.js";
         ╵        ~~~~~~~~~~~~~~~~~~~~~~~~~~~~~~~~

  It was excluded from the "sideEffects" array in the enclosing "package.json" file:

    ../../packages/effect/package.json:21:2:
      21 │   "sideEffects": ["./src/index.ts"],
         ╵   ~~~~~~~~~~~~~

▲ [WARNING] Ignoring this import because "../../packages/effect/dist/chunks/chunk-WBCGFPN2.js" was marked as having no side effects [ignored-bare-import]

    ../../packages/effect/dist/unstable/sql/SqlClient.js:25:7:
      25 │ import "../../chunks/chunk-WBCGFPN2.js";
         ╵        ~~~~~~~~~~~~~~~~~~~~~~~~~~~~~~~~

  It was excluded from the "sideEffects" array in the enclosing "package.json" file:

    ../../packages/effect/package.json:21:2:
      21 │   "sideEffects": ["./src/index.ts"],
         ╵   ~~~~~~~~~~~~~

▲ [WARNING] Ignoring this import because "../../packages/effect/dist/chunks/chunk-EUKMRYT6.js" was marked as having no side effects [ignored-bare-import]

    ../../packages/effect/dist/unstable/sql/SqlClient.js:26:7:
      26 │ import "../../chunks/chunk-EUKMRYT6.js";
         ╵        ~~~~~~~~~~~~~~~~~~~~~~~~~~~~~~~~

  It was excluded from the "sideEffects" array in the enclosing "package.json" file:

    ../../packages/effect/package.json:21:2:
      21 │   "sideEffects": ["./src/index.ts"],
         ╵   ~~~~~~~~~~~~~

▲ [WARNING] Ignoring this import because "../../packages/effect/dist/chunks/chunk-7RKZFE62.js" was marked as having no side effects [ignored-bare-import]

    ../../packages/effect/dist/unstable/sql/SqlClient.js:27:7:
      27 │ import "../../chunks/chunk-7RKZFE62.js";
         ╵        ~~~~~~~~~~~~~~~~~~~~~~~~~~~~~~~~

  It was excluded from the "sideEffects" array in the enclosing "package.json" file:

    ../../packages/effect/package.json:21:2:
      21 │   "sideEffects": ["./src/index.ts"],
         ╵   ~~~~~~~~~~~~~

▲ [WARNING] Ignoring this import because "../../packages/effect/dist/chunks/chunk-OMG3NQZS.js" was marked as having no side effects [ignored-bare-import]

    ../../packages/effect/dist/unstable/sql/SqlClient.js:28:7:
      28 │ import "../../chunks/chunk-OMG3NQZS.js";
         ╵        ~~~~~~~~~~~~~~~~~~~~~~~~~~~~~~~~

  It was excluded from the "sideEffects" array in the enclosing "package.json" file:

    ../../packages/effect/package.json:21:2:
      21 │   "sideEffects": ["./src/index.ts"],
         ╵   ~~~~~~~~~~~~~

▲ [WARNING] Ignoring this import because "../../packages/effect/dist/chunks/chunk-XANYWE7E.js" was marked as having no side effects [ignored-bare-import]

    ../../packages/effect/dist/unstable/sql/SqlClient.js:29:7:
      29 │ import "../../chunks/chunk-XANYWE7E.js";
         ╵        ~~~~~~~~~~~~~~~~~~~~~~~~~~~~~~~~

  It was excluded from the "sideEffects" array in the enclosing "package.json" file:

    ../../packages/effect/package.json:21:2:
      21 │   "sideEffects": ["./src/index.ts"],
         ╵   ~~~~~~~~~~~~~

▲ [WARNING] Ignoring this import because "../../packages/effect/dist/chunks/chunk-VDWG5QMS.js" was marked as having no side effects [ignored-bare-import]

    ../../packages/effect/dist/unstable/sql/SqlClient.js:30:7:
      30 │ import "../../chunks/chunk-VDWG5QMS.js";
         ╵        ~~~~~~~~~~~~~~~~~~~~~~~~~~~~~~~~

  It was excluded from the "sideEffects" array in the enclosing "package.json" file:

    ../../packages/effect/package.json:21:2:
      21 │   "sideEffects": ["./src/index.ts"],
         ╵   ~~~~~~~~~~~~~

▲ [WARNING] Ignoring this import because "../../packages/effect/dist/chunks/chunk-FTZB7ATJ.js" was marked as having no side effects [ignored-bare-import]

    ../../packages/effect/dist/unstable/sql/SqlClient.js:31:7:
      31 │ import "../../chunks/chunk-FTZB7ATJ.js";
         ╵        ~~~~~~~~~~~~~~~~~~~~~~~~~~~~~~~~

  It was excluded from the "sideEffects" array in the enclosing "package.json" file:

    ../../packages/effect/package.json:21:2:
      21 │   "sideEffects": ["./src/index.ts"],
         ╵   ~~~~~~~~~~~~~

▲ [WARNING] Ignoring this import because "../../packages/effect/dist/chunks/chunk-U6RRVDRJ.js" was marked as having no side effects [ignored-bare-import]

    ../../packages/effect/dist/unstable/sql/SqlClient.js:32:7:
      32 │ import "../../chunks/chunk-U6RRVDRJ.js";
         ╵        ~~~~~~~~~~~~~~~~~~~~~~~~~~~~~~~~

  It was excluded from the "sideEffects" array in the enclosing "package.json" file:

    ../../packages/effect/package.json:21:2:
      21 │   "sideEffects": ["./src/index.ts"],
         ╵   ~~~~~~~~~~~~~

▲ [WARNING] Ignoring this import because "../../packages/effect/dist/chunks/chunk-EBZVJ3UH.js" was marked as having no side effects [ignored-bare-import]

    ../../packages/effect/dist/unstable/sql/SqlClient.js:33:7:
      33 │ import "../../chunks/chunk-EBZVJ3UH.js";
         ╵        ~~~~~~~~~~~~~~~~~~~~~~~~~~~~~~~~

  It was excluded from the "sideEffects" array in the enclosing "package.json" file:

    ../../packages/effect/package.json:21:2:
      21 │   "sideEffects": ["./src/index.ts"],
         ╵   ~~~~~~~~~~~~~

▲ [WARNING] Ignoring this import because "../../packages/effect/dist/chunks/chunk-5G6GWEUR.js" was marked as having no side effects [ignored-bare-import]

    ../../packages/effect/dist/unstable/sql/SqlClient.js:34:7:
      34 │ import "../../chunks/chunk-5G6GWEUR.js";
         ╵        ~~~~~~~~~~~~~~~~~~~~~~~~~~~~~~~~

  It was excluded from the "sideEffects" array in the enclosing "package.json" file:

    ../../packages/effect/package.json:21:2:
      21 │   "sideEffects": ["./src/index.ts"],
         ╵   ~~~~~~~~~~~~~

▲ [WARNING] Ignoring this import because "../../packages/effect/dist/chunks/chunk-KTL2XEHB.js" was marked as having no side effects [ignored-bare-import]

    ../../packages/effect/dist/unstable/sql/SqlClient.js:35:7:
      35 │ import "../../chunks/chunk-KTL2XEHB.js";
         ╵        ~~~~~~~~~~~~~~~~~~~~~~~~~~~~~~~~

  It was excluded from the "sideEffects" array in the enclosing "package.json" file:

    ../../packages/effect/package.json:21:2:
      21 │   "sideEffects": ["./src/index.ts"],
         ╵   ~~~~~~~~~~~~~

▲ [WARNING] Ignoring this import because "../../packages/effect/dist/chunks/chunk-TMH7Y6HP.js" was marked as having no side effects [ignored-bare-import]

    ../../packages/effect/dist/unstable/sql/SqlClient.js:36:7:
      36 │ import "../../chunks/chunk-TMH7Y6HP.js";
         ╵        ~~~~~~~~~~~~~~~~~~~~~~~~~~~~~~~~

  It was excluded from the "sideEffects" array in the enclosing "package.json" file:

    ../../packages/effect/package.json:21:2:
      21 │   "sideEffects": ["./src/index.ts"],
         ╵   ~~~~~~~~~~~~~

▲ [WARNING] Ignoring this import because "../../packages/effect/dist/chunks/chunk-VMCXMDFR.js" was marked as having no side effects [ignored-bare-import]

    ../../packages/effect/dist/unstable/sql/SqlClient.js:37:7:
      37 │ import "../../chunks/chunk-VMCXMDFR.js";
         ╵        ~~~~~~~~~~~~~~~~~~~~~~~~~~~~~~~~

  It was excluded from the "sideEffects" array in the enclosing "package.json" file:

    ../../packages/effect/package.json:21:2:
      21 │   "sideEffects": ["./src/index.ts"],
         ╵   ~~~~~~~~~~~~~

▲ [WARNING] Ignoring this import because "../../packages/effect/dist/chunks/chunk-WVSWMADR.js" was marked as having no side effects [ignored-bare-import]

    ../../packages/effect/dist/unstable/sql/SqlClient.js:38:7:
      38 │ import "../../chunks/chunk-WVSWMADR.js";
         ╵        ~~~~~~~~~~~~~~~~~~~~~~~~~~~~~~~~

  It was excluded from the "sideEffects" array in the enclosing "package.json" file:

    ../../packages/effect/package.json:21:2:
      21 │   "sideEffects": ["./src/index.ts"],
         ╵   ~~~~~~~~~~~~~

▲ [WARNING] Ignoring this import because "../../packages/effect/dist/chunks/chunk-NFTO2QYI.js" was marked as having no side effects [ignored-bare-import]

    ../../packages/effect/dist/unstable/sql/SqlClient.js:39:7:
      39 │ import "../../chunks/chunk-NFTO2QYI.js";
         ╵        ~~~~~~~~~~~~~~~~~~~~~~~~~~~~~~~~

  It was excluded from the "sideEffects" array in the enclosing "package.json" file:

    ../../packages/effect/package.json:21:2:
      21 │   "sideEffects": ["./src/index.ts"],
         ╵   ~~~~~~~~~~~~~

▲ [WARNING] Ignoring this import because "../../packages/effect/dist/chunks/chunk-XDQ44N2D.js" was marked as having no side effects [ignored-bare-import]

    ../../packages/effect/dist/unstable/sql/SqlClient.js:40:7:
      40 │ import "../../chunks/chunk-XDQ44N2D.js";
         ╵        ~~~~~~~~~~~~~~~~~~~~~~~~~~~~~~~~

  It was excluded from the "sideEffects" array in the enclosing "package.json" file:

    ../../packages/effect/package.json:21:2:
      21 │   "sideEffects": ["./src/index.ts"],
         ╵   ~~~~~~~~~~~~~

▲ [WARNING] Ignoring this import because "../../packages/effect/dist/chunks/chunk-YOIRNCU2.js" was marked as having no side effects [ignored-bare-import]

    ../../packages/effect/dist/unstable/sql/SqlClient.js:41:7:
      41 │ import "../../chunks/chunk-YOIRNCU2.js";
         ╵        ~~~~~~~~~~~~~~~~~~~~~~~~~~~~~~~~

  It was excluded from the "sideEffects" array in the enclosing "package.json" file:

    ../../packages/effect/package.json:21:2:
      21 │   "sideEffects": ["./src/index.ts"],
         ╵   ~~~~~~~~~~~~~

▲ [WARNING] Ignoring this import because "../../packages/effect/dist/chunks/chunk-DLP6F2JT.js" was marked as having no side effects [ignored-bare-import]

    ../../packages/effect/dist/unstable/sql/SqlClient.js:42:7:
      42 │ import "../../chunks/chunk-DLP6F2JT.js";
         ╵        ~~~~~~~~~~~~~~~~~~~~~~~~~~~~~~~~

  It was excluded from the "sideEffects" array in the enclosing "package.json" file:

    ../../packages/effect/package.json:21:2:
      21 │   "sideEffects": ["./src/index.ts"],
         ╵   ~~~~~~~~~~~~~

▲ [WARNING] Ignoring this import because "../../packages/effect/dist/chunks/chunk-446BBSPZ.js" was marked as having no side effects [ignored-bare-import]

    ../../packages/effect/dist/unstable/sql/SqlClient.js:43:7:
      43 │ import "../../chunks/chunk-446BBSPZ.js";
         ╵        ~~~~~~~~~~~~~~~~~~~~~~~~~~~~~~~~

  It was excluded from the "sideEffects" array in the enclosing "package.json" file:

    ../../packages/effect/package.json:21:2:
      21 │   "sideEffects": ["./src/index.ts"],
         ╵   ~~~~~~~~~~~~~

▲ [WARNING] Ignoring this import because "../../packages/effect/dist/chunks/chunk-TODVOBQF.js" was marked as having no side effects [ignored-bare-import]

    ../../packages/effect/dist/unstable/sql/SqlClient.js:44:7:
      44 │ import "../../chunks/chunk-TODVOBQF.js";
         ╵        ~~~~~~~~~~~~~~~~~~~~~~~~~~~~~~~~

  It was excluded from the "sideEffects" array in the enclosing "package.json" file:

    ../../packages/effect/package.json:21:2:
      21 │   "sideEffects": ["./src/index.ts"],
         ╵   ~~~~~~~~~~~~~

▲ [WARNING] Ignoring this import because "../../packages/effect/dist/chunks/chunk-YNC4CLO3.js" was marked as having no side effects [ignored-bare-import]

    ../../packages/effect/dist/unstable/sql/SqlClient.js:45:7:
      45 │ import "../../chunks/chunk-YNC4CLO3.js";
         ╵        ~~~~~~~~~~~~~~~~~~~~~~~~~~~~~~~~

  It was excluded from the "sideEffects" array in the enclosing "package.json" file:

    ../../packages/effect/package.json:21:2:
      21 │   "sideEffects": ["./src/index.ts"],
         ╵   ~~~~~~~~~~~~~

▲ [WARNING] Ignoring this import because "../../packages/effect/dist/chunks/chunk-3YWPVJOL.js" was marked as having no side effects [ignored-bare-import]

    ../../packages/effect/dist/unstable/sql/SqlClient.js:46:7:
      46 │ import "../../chunks/chunk-3YWPVJOL.js";
         ╵        ~~~~~~~~~~~~~~~~~~~~~~~~~~~~~~~~

  It was excluded from the "sideEffects" array in the enclosing "package.json" file:

    ../../packages/effect/package.json:21:2:
      21 │   "sideEffects": ["./src/index.ts"],
         ╵   ~~~~~~~~~~~~~

▲ [WARNING] Ignoring this import because "../../packages/effect/dist/chunks/chunk-XQEB6YTJ.js" was marked as having no side effects [ignored-bare-import]

    ../../packages/effect/dist/unstable/sql/SqlError.js:20:7:
      20 │ import "../../chunks/chunk-XQEB6YTJ.js";
         ╵        ~~~~~~~~~~~~~~~~~~~~~~~~~~~~~~~~

  It was excluded from the "sideEffects" array in the enclosing "package.json" file:

    ../../packages/effect/package.json:21:2:
      21 │   "sideEffects": ["./src/index.ts"],
         ╵   ~~~~~~~~~~~~~

▲ [WARNING] Ignoring this import because "../../packages/effect/dist/chunks/chunk-WHF3L6PH.js" was marked as having no side effects [ignored-bare-import]

    ../../packages/effect/dist/unstable/sql/SqlError.js:21:7:
      21 │ import "../../chunks/chunk-WHF3L6PH.js";
         ╵        ~~~~~~~~~~~~~~~~~~~~~~~~~~~~~~~~

  It was excluded from the "sideEffects" array in the enclosing "package.json" file:

    ../../packages/effect/package.json:21:2:
      21 │   "sideEffects": ["./src/index.ts"],
         ╵   ~~~~~~~~~~~~~

▲ [WARNING] Ignoring this import because "../../packages/effect/dist/chunks/chunk-GPKC4G7C.js" was marked as having no side effects [ignored-bare-import]

    ../../packages/effect/dist/unstable/sql/SqlError.js:22:7:
      22 │ import "../../chunks/chunk-GPKC4G7C.js";
         ╵        ~~~~~~~~~~~~~~~~~~~~~~~~~~~~~~~~

  It was excluded from the "sideEffects" array in the enclosing "package.json" file:

    ../../packages/effect/package.json:21:2:
      21 │   "sideEffects": ["./src/index.ts"],
         ╵   ~~~~~~~~~~~~~

▲ [WARNING] Ignoring this import because "../../packages/effect/dist/chunks/chunk-DNDSLLKF.js" was marked as having no side effects [ignored-bare-import]

    ../../packages/effect/dist/unstable/sql/SqlError.js:23:7:
      23 │ import "../../chunks/chunk-DNDSLLKF.js";
         ╵        ~~~~~~~~~~~~~~~~~~~~~~~~~~~~~~~~

  It was excluded from the "sideEffects" array in the enclosing "package.json" file:

    ../../packages/effect/package.json:21:2:
      21 │   "sideEffects": ["./src/index.ts"],
         ╵   ~~~~~~~~~~~~~

▲ [WARNING] Ignoring this import because "../../packages/effect/dist/chunks/chunk-37C2CP6S.js" was marked as having no side effects [ignored-bare-import]

    ../../packages/effect/dist/unstable/sql/SqlError.js:24:7:
      24 │ import "../../chunks/chunk-37C2CP6S.js";
         ╵        ~~~~~~~~~~~~~~~~~~~~~~~~~~~~~~~~

  It was excluded from the "sideEffects" array in the enclosing "package.json" file:

    ../../packages/effect/package.json:21:2:
      21 │   "sideEffects": ["./src/index.ts"],
         ╵   ~~~~~~~~~~~~~

▲ [WARNING] Ignoring this import because "../../packages/effect/dist/chunks/chunk-3NFYQEQM.js" was marked as having no side effects [ignored-bare-import]

    ../../packages/effect/dist/unstable/sql/SqlError.js:25:7:
      25 │ import "../../chunks/chunk-3NFYQEQM.js";
         ╵        ~~~~~~~~~~~~~~~~~~~~~~~~~~~~~~~~

  It was excluded from the "sideEffects" array in the enclosing "package.json" file:

    ../../packages/effect/package.json:21:2:
      21 │   "sideEffects": ["./src/index.ts"],
         ╵   ~~~~~~~~~~~~~

▲ [WARNING] Ignoring this import because "../../packages/effect/dist/chunks/chunk-Q2P2QF2J.js" was marked as having no side effects [ignored-bare-import]

    ../../packages/effect/dist/unstable/sql/SqlError.js:26:7:
      26 │ import "../../chunks/chunk-Q2P2QF2J.js";
         ╵        ~~~~~~~~~~~~~~~~~~~~~~~~~~~~~~~~

  It was excluded from the "sideEffects" array in the enclosing "package.json" file:

    ../../packages/effect/package.json:21:2:
      21 │   "sideEffects": ["./src/index.ts"],
         ╵   ~~~~~~~~~~~~~

▲ [WARNING] Ignoring this import because "../../packages/effect/dist/chunks/chunk-S5J3FXE2.js" was marked as having no side effects [ignored-bare-import]

    ../../packages/effect/dist/unstable/sql/SqlError.js:27:7:
      27 │ import "../../chunks/chunk-S5J3FXE2.js";
         ╵        ~~~~~~~~~~~~~~~~~~~~~~~~~~~~~~~~

  It was excluded from the "sideEffects" array in the enclosing "package.json" file:

    ../../packages/effect/package.json:21:2:
      21 │   "sideEffects": ["./src/index.ts"],
         ╵   ~~~~~~~~~~~~~

▲ [WARNING] Ignoring this import because "../../packages/effect/dist/chunks/chunk-J5G2UBMW.js" was marked as having no side effects [ignored-bare-import]

    ../../packages/effect/dist/unstable/sql/SqlError.js:28:7:
      28 │ import "../../chunks/chunk-J5G2UBMW.js";
         ╵        ~~~~~~~~~~~~~~~~~~~~~~~~~~~~~~~~

  It was excluded from the "sideEffects" array in the enclosing "package.json" file:

    ../../packages/effect/package.json:21:2:
      21 │   "sideEffects": ["./src/index.ts"],
         ╵   ~~~~~~~~~~~~~

▲ [WARNING] Ignoring this import because "../../packages/effect/dist/chunks/chunk-C4ND67W7.js" was marked as having no side effects [ignored-bare-import]

    ../../packages/effect/dist/unstable/sql/SqlError.js:29:7:
      29 │ import "../../chunks/chunk-C4ND67W7.js";
         ╵        ~~~~~~~~~~~~~~~~~~~~~~~~~~~~~~~~

  It was excluded from the "sideEffects" array in the enclosing "package.json" file:

    ../../packages/effect/package.json:21:2:
      21 │   "sideEffects": ["./src/index.ts"],
         ╵   ~~~~~~~~~~~~~

▲ [WARNING] Ignoring this import because "../../packages/effect/dist/chunks/chunk-PPOSPSZS.js" was marked as having no side effects [ignored-bare-import]

    ../../packages/effect/dist/unstable/sql/SqlError.js:30:7:
      30 │ import "../../chunks/chunk-PPOSPSZS.js";
         ╵        ~~~~~~~~~~~~~~~~~~~~~~~~~~~~~~~~

  It was excluded from the "sideEffects" array in the enclosing "package.json" file:

    ../../packages/effect/package.json:21:2:
      21 │   "sideEffects": ["./src/index.ts"],
         ╵   ~~~~~~~~~~~~~

▲ [WARNING] Ignoring this import because "../../packages/effect/dist/chunks/chunk-UFWYNBZJ.js" was marked as having no side effects [ignored-bare-import]

    ../../packages/effect/dist/unstable/sql/SqlError.js:31:7:
      31 │ import "../../chunks/chunk-UFWYNBZJ.js";
         ╵        ~~~~~~~~~~~~~~~~~~~~~~~~~~~~~~~~

  It was excluded from the "sideEffects" array in the enclosing "package.json" file:

    ../../packages/effect/package.json:21:2:
      21 │   "sideEffects": ["./src/index.ts"],
         ╵   ~~~~~~~~~~~~~

▲ [WARNING] Ignoring this import because "../../packages/effect/dist/chunks/chunk-FXXV2JEN.js" was marked as having no side effects [ignored-bare-import]

    ../../packages/effect/dist/unstable/sql/SqlError.js:32:7:
      32 │ import "../../chunks/chunk-FXXV2JEN.js";
         ╵        ~~~~~~~~~~~~~~~~~~~~~~~~~~~~~~~~

  It was excluded from the "sideEffects" array in the enclosing "package.json" file:

    ../../packages/effect/package.json:21:2:
      21 │   "sideEffects": ["./src/index.ts"],
         ╵   ~~~~~~~~~~~~~

▲ [WARNING] Ignoring this import because "../../packages/effect/dist/chunks/chunk-GDYBQSPB.js" was marked as having no side effects [ignored-bare-import]

    ../../packages/effect/dist/unstable/sql/SqlError.js:33:7:
      33 │ import "../../chunks/chunk-GDYBQSPB.js";
         ╵        ~~~~~~~~~~~~~~~~~~~~~~~~~~~~~~~~

  It was excluded from the "sideEffects" array in the enclosing "package.json" file:

    ../../packages/effect/package.json:21:2:
      21 │   "sideEffects": ["./src/index.ts"],
         ╵   ~~~~~~~~~~~~~

▲ [WARNING] Ignoring this import because "../../packages/effect/dist/chunks/chunk-TO773JWL.js" was marked as having no side effects [ignored-bare-import]

    ../../packages/effect/dist/unstable/sql/SqlError.js:34:7:
      34 │ import "../../chunks/chunk-TO773JWL.js";
         ╵        ~~~~~~~~~~~~~~~~~~~~~~~~~~~~~~~~

  It was excluded from the "sideEffects" array in the enclosing "package.json" file:

    ../../packages/effect/package.json:21:2:
      21 │   "sideEffects": ["./src/index.ts"],
         ╵   ~~~~~~~~~~~~~

▲ [WARNING] Ignoring this import because "../../packages/effect/dist/chunks/chunk-IUBEXSTB.js" was marked as having no side effects [ignored-bare-import]

    ../../packages/effect/dist/unstable/sql/SqlError.js:35:7:
      35 │ import "../../chunks/chunk-IUBEXSTB.js";
         ╵        ~~~~~~~~~~~~~~~~~~~~~~~~~~~~~~~~

  It was excluded from the "sideEffects" array in the enclosing "package.json" file:

    ../../packages/effect/package.json:21:2:
      21 │   "sideEffects": ["./src/index.ts"],
         ╵   ~~~~~~~~~~~~~

▲ [WARNING] Ignoring this import because "../../packages/effect/dist/chunks/chunk-2TMTOYW5.js" was marked as having no side effects [ignored-bare-import]

    ../../packages/effect/dist/unstable/sql/SqlError.js:36:7:
      36 │ import "../../chunks/chunk-2TMTOYW5.js";
         ╵        ~~~~~~~~~~~~~~~~~~~~~~~~~~~~~~~~

  It was excluded from the "sideEffects" array in the enclosing "package.json" file:

    ../../packages/effect/package.json:21:2:
      21 │   "sideEffects": ["./src/index.ts"],
         ╵   ~~~~~~~~~~~~~

▲ [WARNING] Ignoring this import because "../../packages/effect/dist/chunks/chunk-I3DNMCQ3.js" was marked as having no side effects [ignored-bare-import]

    ../../packages/effect/dist/unstable/sql/SqlError.js:37:7:
      37 │ import "../../chunks/chunk-I3DNMCQ3.js";
         ╵        ~~~~~~~~~~~~~~~~~~~~~~~~~~~~~~~~

  It was excluded from the "sideEffects" array in the enclosing "package.json" file:

    ../../packages/effect/package.json:21:2:
      21 │   "sideEffects": ["./src/index.ts"],
         ╵   ~~~~~~~~~~~~~

▲ [WARNING] Ignoring this import because "../../packages/effect/dist/chunks/chunk-WBCGFPN2.js" was marked as having no side effects [ignored-bare-import]

    ../../packages/effect/dist/unstable/sql/SqlError.js:38:7:
      38 │ import "../../chunks/chunk-WBCGFPN2.js";
         ╵        ~~~~~~~~~~~~~~~~~~~~~~~~~~~~~~~~

  It was excluded from the "sideEffects" array in the enclosing "package.json" file:

    ../../packages/effect/package.json:21:2:
      21 │   "sideEffects": ["./src/index.ts"],
         ╵   ~~~~~~~~~~~~~

▲ [WARNING] Ignoring this import because "../../packages/effect/dist/chunks/chunk-EUKMRYT6.js" was marked as having no side effects [ignored-bare-import]

    ../../packages/effect/dist/unstable/sql/SqlError.js:39:7:
      39 │ import "../../chunks/chunk-EUKMRYT6.js";
         ╵        ~~~~~~~~~~~~~~~~~~~~~~~~~~~~~~~~

  It was excluded from the "sideEffects" array in the enclosing "package.json" file:

    ../../packages/effect/package.json:21:2:
      21 │   "sideEffects": ["./src/index.ts"],
         ╵   ~~~~~~~~~~~~~

▲ [WARNING] Ignoring this import because "../../packages/effect/dist/chunks/chunk-7RKZFE62.js" was marked as having no side effects [ignored-bare-import]

    ../../packages/effect/dist/unstable/sql/SqlError.js:40:7:
      40 │ import "../../chunks/chunk-7RKZFE62.js";
         ╵        ~~~~~~~~~~~~~~~~~~~~~~~~~~~~~~~~

  It was excluded from the "sideEffects" array in the enclosing "package.json" file:

    ../../packages/effect/package.json:21:2:
      21 │   "sideEffects": ["./src/index.ts"],
         ╵   ~~~~~~~~~~~~~

▲ [WARNING] Ignoring this import because "../../packages/effect/dist/chunks/chunk-OMG3NQZS.js" was marked as having no side effects [ignored-bare-import]

    ../../packages/effect/dist/unstable/sql/SqlError.js:41:7:
      41 │ import "../../chunks/chunk-OMG3NQZS.js";
         ╵        ~~~~~~~~~~~~~~~~~~~~~~~~~~~~~~~~

  It was excluded from the "sideEffects" array in the enclosing "package.json" file:

    ../../packages/effect/package.json:21:2:
      21 │   "sideEffects": ["./src/index.ts"],
         ╵   ~~~~~~~~~~~~~

▲ [WARNING] Ignoring this import because "../../packages/effect/dist/chunks/chunk-NDLI3H6S.js" was marked as having no side effects [ignored-bare-import]

    ../../packages/effect/dist/unstable/sql/SqlError.js:42:7:
      42 │ import "../../chunks/chunk-NDLI3H6S.js";
         ╵        ~~~~~~~~~~~~~~~~~~~~~~~~~~~~~~~~

  It was excluded from the "sideEffects" array in the enclosing "package.json" file:

    ../../packages/effect/package.json:21:2:
      21 │   "sideEffects": ["./src/index.ts"],
         ╵   ~~~~~~~~~~~~~

▲ [WARNING] Ignoring this import because "../../packages/effect/dist/chunks/chunk-XANYWE7E.js" was marked as having no side effects [ignored-bare-import]

    ../../packages/effect/dist/unstable/sql/SqlError.js:43:7:
      43 │ import "../../chunks/chunk-XANYWE7E.js";
         ╵        ~~~~~~~~~~~~~~~~~~~~~~~~~~~~~~~~

  It was excluded from the "sideEffects" array in the enclosing "package.json" file:

    ../../packages/effect/package.json:21:2:
      21 │   "sideEffects": ["./src/index.ts"],
         ╵   ~~~~~~~~~~~~~

▲ [WARNING] Ignoring this import because "../../packages/effect/dist/chunks/chunk-FTZB7ATJ.js" was marked as having no side effects [ignored-bare-import]

    ../../packages/effect/dist/unstable/sql/SqlError.js:44:7:
      44 │ import "../../chunks/chunk-FTZB7ATJ.js";
         ╵        ~~~~~~~~~~~~~~~~~~~~~~~~~~~~~~~~

  It was excluded from the "sideEffects" array in the enclosing "package.json" file:

    ../../packages/effect/package.json:21:2:
      21 │   "sideEffects": ["./src/index.ts"],
         ╵   ~~~~~~~~~~~~~

▲ [WARNING] Ignoring this import because "../../packages/effect/dist/chunks/chunk-U6RRVDRJ.js" was marked as having no side effects [ignored-bare-import]

    ../../packages/effect/dist/unstable/sql/SqlError.js:45:7:
      45 │ import "../../chunks/chunk-U6RRVDRJ.js";
         ╵        ~~~~~~~~~~~~~~~~~~~~~~~~~~~~~~~~

  It was excluded from the "sideEffects" array in the enclosing "package.json" file:

    ../../packages/effect/package.json:21:2:
      21 │   "sideEffects": ["./src/index.ts"],
         ╵   ~~~~~~~~~~~~~

▲ [WARNING] Ignoring this import because "../../packages/effect/dist/chunks/chunk-EBZVJ3UH.js" was marked as having no side effects [ignored-bare-import]

    ../../packages/effect/dist/unstable/sql/SqlError.js:46:7:
      46 │ import "../../chunks/chunk-EBZVJ3UH.js";
         ╵        ~~~~~~~~~~~~~~~~~~~~~~~~~~~~~~~~

  It was excluded from the "sideEffects" array in the enclosing "package.json" file:

    ../../packages/effect/package.json:21:2:
      21 │   "sideEffects": ["./src/index.ts"],
         ╵   ~~~~~~~~~~~~~

▲ [WARNING] Ignoring this import because "../../packages/effect/dist/chunks/chunk-5G6GWEUR.js" was marked as having no side effects [ignored-bare-import]

    ../../packages/effect/dist/unstable/sql/SqlError.js:47:7:
      47 │ import "../../chunks/chunk-5G6GWEUR.js";
         ╵        ~~~~~~~~~~~~~~~~~~~~~~~~~~~~~~~~

  It was excluded from the "sideEffects" array in the enclosing "package.json" file:

    ../../packages/effect/package.json:21:2:
      21 │   "sideEffects": ["./src/index.ts"],
         ╵   ~~~~~~~~~~~~~

▲ [WARNING] Ignoring this import because "../../packages/effect/dist/chunks/chunk-KTL2XEHB.js" was marked as having no side effects [ignored-bare-import]

    ../../packages/effect/dist/unstable/sql/SqlError.js:48:7:
      48 │ import "../../chunks/chunk-KTL2XEHB.js";
         ╵        ~~~~~~~~~~~~~~~~~~~~~~~~~~~~~~~~

  It was excluded from the "sideEffects" array in the enclosing "package.json" file:

    ../../packages/effect/package.json:21:2:
      21 │   "sideEffects": ["./src/index.ts"],
         ╵   ~~~~~~~~~~~~~

▲ [WARNING] Ignoring this import because "../../packages/effect/dist/chunks/chunk-TMH7Y6HP.js" was marked as having no side effects [ignored-bare-import]

    ../../packages/effect/dist/unstable/sql/SqlError.js:49:7:
      49 │ import "../../chunks/chunk-TMH7Y6HP.js";
         ╵        ~~~~~~~~~~~~~~~~~~~~~~~~~~~~~~~~

  It was excluded from the "sideEffects" array in the enclosing "package.json" file:

    ../../packages/effect/package.json:21:2:
      21 │   "sideEffects": ["./src/index.ts"],
         ╵   ~~~~~~~~~~~~~

▲ [WARNING] Ignoring this import because "../../packages/effect/dist/chunks/chunk-VMCXMDFR.js" was marked as having no side effects [ignored-bare-import]

    ../../packages/effect/dist/unstable/sql/SqlError.js:50:7:
      50 │ import "../../chunks/chunk-VMCXMDFR.js";
         ╵        ~~~~~~~~~~~~~~~~~~~~~~~~~~~~~~~~

  It was excluded from the "sideEffects" array in the enclosing "package.json" file:

    ../../packages/effect/package.json:21:2:
      21 │   "sideEffects": ["./src/index.ts"],
         ╵   ~~~~~~~~~~~~~

▲ [WARNING] Ignoring this import because "../../packages/effect/dist/chunks/chunk-WVSWMADR.js" was marked as having no side effects [ignored-bare-import]

    ../../packages/effect/dist/unstable/sql/SqlError.js:51:7:
      51 │ import "../../chunks/chunk-WVSWMADR.js";
         ╵        ~~~~~~~~~~~~~~~~~~~~~~~~~~~~~~~~

  It was excluded from the "sideEffects" array in the enclosing "package.json" file:

    ../../packages/effect/package.json:21:2:
      21 │   "sideEffects": ["./src/index.ts"],
         ╵   ~~~~~~~~~~~~~

▲ [WARNING] Ignoring this import because "../../packages/effect/dist/chunks/chunk-NFTO2QYI.js" was marked as having no side effects [ignored-bare-import]

    ../../packages/effect/dist/unstable/sql/SqlError.js:52:7:
      52 │ import "../../chunks/chunk-NFTO2QYI.js";
         ╵        ~~~~~~~~~~~~~~~~~~~~~~~~~~~~~~~~

  It was excluded from the "sideEffects" array in the enclosing "package.json" file:

    ../../packages/effect/package.json:21:2:
      21 │   "sideEffects": ["./src/index.ts"],
         ╵   ~~~~~~~~~~~~~

▲ [WARNING] Ignoring this import because "../../packages/effect/dist/chunks/chunk-XDQ44N2D.js" was marked as having no side effects [ignored-bare-import]

    ../../packages/effect/dist/unstable/sql/SqlError.js:53:7:
      53 │ import "../../chunks/chunk-XDQ44N2D.js";
         ╵        ~~~~~~~~~~~~~~~~~~~~~~~~~~~~~~~~

  It was excluded from the "sideEffects" array in the enclosing "package.json" file:

    ../../packages/effect/package.json:21:2:
      21 │   "sideEffects": ["./src/index.ts"],
         ╵   ~~~~~~~~~~~~~

▲ [WARNING] Ignoring this import because "../../packages/effect/dist/chunks/chunk-YOIRNCU2.js" was marked as having no side effects [ignored-bare-import]

    ../../packages/effect/dist/unstable/sql/SqlError.js:54:7:
      54 │ import "../../chunks/chunk-YOIRNCU2.js";
         ╵        ~~~~~~~~~~~~~~~~~~~~~~~~~~~~~~~~

  It was excluded from the "sideEffects" array in the enclosing "package.json" file:

    ../../packages/effect/package.json:21:2:
      21 │   "sideEffects": ["./src/index.ts"],
         ╵   ~~~~~~~~~~~~~

▲ [WARNING] Ignoring this import because "../../packages/effect/dist/chunks/chunk-DLP6F2JT.js" was marked as having no side effects [ignored-bare-import]

    ../../packages/effect/dist/unstable/sql/SqlError.js:55:7:
      55 │ import "../../chunks/chunk-DLP6F2JT.js";
         ╵        ~~~~~~~~~~~~~~~~~~~~~~~~~~~~~~~~

  It was excluded from the "sideEffects" array in the enclosing "package.json" file:

    ../../packages/effect/package.json:21:2:
      21 │   "sideEffects": ["./src/index.ts"],
         ╵   ~~~~~~~~~~~~~

▲ [WARNING] Ignoring this import because "../../packages/effect/dist/chunks/chunk-446BBSPZ.js" was marked as having no side effects [ignored-bare-import]

    ../../packages/effect/dist/unstable/sql/SqlError.js:56:7:
      56 │ import "../../chunks/chunk-446BBSPZ.js";
         ╵        ~~~~~~~~~~~~~~~~~~~~~~~~~~~~~~~~

  It was excluded from the "sideEffects" array in the enclosing "package.json" file:

    ../../packages/effect/package.json:21:2:
      21 │   "sideEffects": ["./src/index.ts"],
         ╵   ~~~~~~~~~~~~~

▲ [WARNING] Ignoring this import because "../../packages/effect/dist/chunks/chunk-TODVOBQF.js" was marked as having no side effects [ignored-bare-import]

    ../../packages/effect/dist/unstable/sql/SqlError.js:57:7:
      57 │ import "../../chunks/chunk-TODVOBQF.js";
         ╵        ~~~~~~~~~~~~~~~~~~~~~~~~~~~~~~~~

  It was excluded from the "sideEffects" array in the enclosing "package.json" file:

    ../../packages/effect/package.json:21:2:
      21 │   "sideEffects": ["./src/index.ts"],
         ╵   ~~~~~~~~~~~~~

▲ [WARNING] Ignoring this import because "../../packages/effect/dist/chunks/chunk-YNC4CLO3.js" was marked as having no side effects [ignored-bare-import]

    ../../packages/effect/dist/unstable/sql/SqlError.js:58:7:
      58 │ import "../../chunks/chunk-YNC4CLO3.js";
         ╵        ~~~~~~~~~~~~~~~~~~~~~~~~~~~~~~~~

  It was excluded from the "sideEffects" array in the enclosing "package.json" file:

    ../../packages/effect/package.json:21:2:
      21 │   "sideEffects": ["./src/index.ts"],
         ╵   ~~~~~~~~~~~~~

▲ [WARNING] Ignoring this import because "../../packages/effect/dist/chunks/chunk-3YWPVJOL.js" was marked as having no side effects [ignored-bare-import]

    ../../packages/effect/dist/unstable/sql/SqlError.js:59:7:
      59 │ import "../../chunks/chunk-3YWPVJOL.js";
         ╵        ~~~~~~~~~~~~~~~~~~~~~~~~~~~~~~~~

  It was excluded from the "sideEffects" array in the enclosing "package.json" file:

    ../../packages/effect/package.json:21:2:
      21 │   "sideEffects": ["./src/index.ts"],
         ╵   ~~~~~~~~~~~~~

▲ [WARNING] Ignoring this import because "../../packages/effect/dist/chunks/chunk-6D3MO3Z4.js" was marked as having no side effects [ignored-bare-import]

    ../../packages/effect/dist/unstable/sql/Statement.js:27:7:
      27 │ import "../../chunks/chunk-6D3MO3Z4.js";
         ╵        ~~~~~~~~~~~~~~~~~~~~~~~~~~~~~~~~

  It was excluded from the "sideEffects" array in the enclosing "package.json" file:

    ../../packages/effect/package.json:21:2:
      21 │   "sideEffects": ["./src/index.ts"],
         ╵   ~~~~~~~~~~~~~

▲ [WARNING] Ignoring this import because "../../packages/effect/dist/chunks/chunk-TT2HNKPQ.js" was marked as having no side effects [ignored-bare-import]

    ../../packages/effect/dist/unstable/sql/Statement.js:28:7:
      28 │ import "../../chunks/chunk-TT2HNKPQ.js";
         ╵        ~~~~~~~~~~~~~~~~~~~~~~~~~~~~~~~~

  It was excluded from the "sideEffects" array in the enclosing "package.json" file:

    ../../packages/effect/package.json:21:2:
      21 │   "sideEffects": ["./src/index.ts"],
         ╵   ~~~~~~~~~~~~~

▲ [WARNING] Ignoring this import because "../../packages/effect/dist/chunks/chunk-R5A6PLNT.js" was marked as having no side effects [ignored-bare-import]

    ../../packages/effect/dist/unstable/sql/Statement.js:29:7:
      29 │ import "../../chunks/chunk-R5A6PLNT.js";
         ╵        ~~~~~~~~~~~~~~~~~~~~~~~~~~~~~~~~

  It was excluded from the "sideEffects" array in the enclosing "package.json" file:

    ../../packages/effect/package.json:21:2:
      21 │   "sideEffects": ["./src/index.ts"],
         ╵   ~~~~~~~~~~~~~

▲ [WARNING] Ignoring this import because "../../packages/effect/dist/chunks/chunk-KKOB3HIY.js" was marked as having no side effects [ignored-bare-import]

    ../../packages/effect/dist/unstable/sql/Statement.js:30:7:
      30 │ import "../../chunks/chunk-KKOB3HIY.js";
         ╵        ~~~~~~~~~~~~~~~~~~~~~~~~~~~~~~~~

  It was excluded from the "sideEffects" array in the enclosing "package.json" file:

    ../../packages/effect/package.json:21:2:
      21 │   "sideEffects": ["./src/index.ts"],
         ╵   ~~~~~~~~~~~~~

▲ [WARNING] Ignoring this import because "../../packages/effect/dist/chunks/chunk-C4ND67W7.js" was marked as having no side effects [ignored-bare-import]

    ../../packages/effect/dist/unstable/sql/Statement.js:31:7:
      31 │ import "../../chunks/chunk-C4ND67W7.js";
         ╵        ~~~~~~~~~~~~~~~~~~~~~~~~~~~~~~~~

  It was excluded from the "sideEffects" array in the enclosing "package.json" file:

    ../../packages/effect/package.json:21:2:
      21 │   "sideEffects": ["./src/index.ts"],
         ╵   ~~~~~~~~~~~~~

▲ [WARNING] Ignoring this import because "../../packages/effect/dist/chunks/chunk-ES7IUIXV.js" was marked as having no side effects [ignored-bare-import]

    ../../packages/effect/dist/unstable/sql/Statement.js:32:7:
      32 │ import "../../chunks/chunk-ES7IUIXV.js";
         ╵        ~~~~~~~~~~~~~~~~~~~~~~~~~~~~~~~~

  It was excluded from the "sideEffects" array in the enclosing "package.json" file:

    ../../packages/effect/package.json:21:2:
      21 │   "sideEffects": ["./src/index.ts"],
         ╵   ~~~~~~~~~~~~~

▲ [WARNING] Ignoring this import because "../../packages/effect/dist/chunks/chunk-BPUJUBKY.js" was marked as having no side effects [ignored-bare-import]

    ../../packages/effect/dist/unstable/sql/Statement.js:33:7:
      33 │ import "../../chunks/chunk-BPUJUBKY.js";
         ╵        ~~~~~~~~~~~~~~~~~~~~~~~~~~~~~~~~

  It was excluded from the "sideEffects" array in the enclosing "package.json" file:

    ../../packages/effect/package.json:21:2:
      21 │   "sideEffects": ["./src/index.ts"],
         ╵   ~~~~~~~~~~~~~

▲ [WARNING] Ignoring this import because "../../packages/effect/dist/chunks/chunk-KLU4W2JA.js" was marked as having no side effects [ignored-bare-import]

    ../../packages/effect/dist/unstable/sql/Statement.js:34:7:
      34 │ import "../../chunks/chunk-KLU4W2JA.js";
         ╵        ~~~~~~~~~~~~~~~~~~~~~~~~~~~~~~~~

  It was excluded from the "sideEffects" array in the enclosing "package.json" file:

    ../../packages/effect/package.json:21:2:
      21 │   "sideEffects": ["./src/index.ts"],
         ╵   ~~~~~~~~~~~~~

▲ [WARNING] Ignoring this import because "../../packages/effect/dist/chunks/chunk-OLX3PE6P.js" was marked as having no side effects [ignored-bare-import]

    ../../packages/effect/dist/unstable/sql/Statement.js:35:7:
      35 │ import "../../chunks/chunk-OLX3PE6P.js";
         ╵        ~~~~~~~~~~~~~~~~~~~~~~~~~~~~~~~~

  It was excluded from the "sideEffects" array in the enclosing "package.json" file:

    ../../packages/effect/package.json:21:2:
      21 │   "sideEffects": ["./src/index.ts"],
         ╵   ~~~~~~~~~~~~~

▲ [WARNING] Ignoring this import because "../../packages/effect/dist/chunks/chunk-FXXV2JEN.js" was marked as having no side effects [ignored-bare-import]

    ../../packages/effect/dist/unstable/sql/Statement.js:36:7:
      36 │ import "../../chunks/chunk-FXXV2JEN.js";
         ╵        ~~~~~~~~~~~~~~~~~~~~~~~~~~~~~~~~

  It was excluded from the "sideEffects" array in the enclosing "package.json" file:

    ../../packages/effect/package.json:21:2:
      21 │   "sideEffects": ["./src/index.ts"],
         ╵   ~~~~~~~~~~~~~

▲ [WARNING] Ignoring this import because "../../packages/effect/dist/chunks/chunk-GDYBQSPB.js" was marked as having no side effects [ignored-bare-import]

    ../../packages/effect/dist/unstable/sql/Statement.js:37:7:
      37 │ import "../../chunks/chunk-GDYBQSPB.js";
         ╵        ~~~~~~~~~~~~~~~~~~~~~~~~~~~~~~~~

  It was excluded from the "sideEffects" array in the enclosing "package.json" file:

    ../../packages/effect/package.json:21:2:
      21 │   "sideEffects": ["./src/index.ts"],
         ╵   ~~~~~~~~~~~~~

▲ [WARNING] Ignoring this import because "../../packages/effect/dist/chunks/chunk-TO773JWL.js" was marked as having no side effects [ignored-bare-import]

    ../../packages/effect/dist/unstable/sql/Statement.js:38:7:
      38 │ import "../../chunks/chunk-TO773JWL.js";
         ╵        ~~~~~~~~~~~~~~~~~~~~~~~~~~~~~~~~

  It was excluded from the "sideEffects" array in the enclosing "package.json" file:

    ../../packages/effect/package.json:21:2:
      21 │   "sideEffects": ["./src/index.ts"],
         ╵   ~~~~~~~~~~~~~

▲ [WARNING] Ignoring this import because "../../packages/effect/dist/chunks/chunk-IUBEXSTB.js" was marked as having no side effects [ignored-bare-import]

    ../../packages/effect/dist/unstable/sql/Statement.js:39:7:
      39 │ import "../../chunks/chunk-IUBEXSTB.js";
         ╵        ~~~~~~~~~~~~~~~~~~~~~~~~~~~~~~~~

  It was excluded from the "sideEffects" array in the enclosing "package.json" file:

    ../../packages/effect/package.json:21:2:
      21 │   "sideEffects": ["./src/index.ts"],
         ╵   ~~~~~~~~~~~~~

▲ [WARNING] Ignoring this import because "../../packages/effect/dist/chunks/chunk-2TMTOYW5.js" was marked as having no side effects [ignored-bare-import]

    ../../packages/effect/dist/unstable/sql/Statement.js:40:7:
      40 │ import "../../chunks/chunk-2TMTOYW5.js";
         ╵        ~~~~~~~~~~~~~~~~~~~~~~~~~~~~~~~~

  It was excluded from the "sideEffects" array in the enclosing "package.json" file:

    ../../packages/effect/package.json:21:2:
      21 │   "sideEffects": ["./src/index.ts"],
         ╵   ~~~~~~~~~~~~~

▲ [WARNING] Ignoring this import because "../../packages/effect/dist/chunks/chunk-I3DNMCQ3.js" was marked as having no side effects [ignored-bare-import]

    ../../packages/effect/dist/unstable/sql/Statement.js:41:7:
      41 │ import "../../chunks/chunk-I3DNMCQ3.js";
         ╵        ~~~~~~~~~~~~~~~~~~~~~~~~~~~~~~~~

  It was excluded from the "sideEffects" array in the enclosing "package.json" file:

    ../../packages/effect/package.json:21:2:
      21 │   "sideEffects": ["./src/index.ts"],
         ╵   ~~~~~~~~~~~~~

▲ [WARNING] Ignoring this import because "../../packages/effect/dist/chunks/chunk-WBCGFPN2.js" was marked as having no side effects [ignored-bare-import]

    ../../packages/effect/dist/unstable/sql/Statement.js:42:7:
      42 │ import "../../chunks/chunk-WBCGFPN2.js";
         ╵        ~~~~~~~~~~~~~~~~~~~~~~~~~~~~~~~~

  It was excluded from the "sideEffects" array in the enclosing "package.json" file:

    ../../packages/effect/package.json:21:2:
      21 │   "sideEffects": ["./src/index.ts"],
         ╵   ~~~~~~~~~~~~~

▲ [WARNING] Ignoring this import because "../../packages/effect/dist/chunks/chunk-EUKMRYT6.js" was marked as having no side effects [ignored-bare-import]

    ../../packages/effect/dist/unstable/sql/Statement.js:43:7:
      43 │ import "../../chunks/chunk-EUKMRYT6.js";
         ╵        ~~~~~~~~~~~~~~~~~~~~~~~~~~~~~~~~

  It was excluded from the "sideEffects" array in the enclosing "package.json" file:

    ../../packages/effect/package.json:21:2:
      21 │   "sideEffects": ["./src/index.ts"],
         ╵   ~~~~~~~~~~~~~

▲ [WARNING] Ignoring this import because "../../packages/effect/dist/chunks/chunk-7RKZFE62.js" was marked as having no side effects [ignored-bare-import]

    ../../packages/effect/dist/unstable/sql/Statement.js:44:7:
      44 │ import "../../chunks/chunk-7RKZFE62.js";
         ╵        ~~~~~~~~~~~~~~~~~~~~~~~~~~~~~~~~

  It was excluded from the "sideEffects" array in the enclosing "package.json" file:

    ../../packages/effect/package.json:21:2:
      21 │   "sideEffects": ["./src/index.ts"],
         ╵   ~~~~~~~~~~~~~

▲ [WARNING] Ignoring this import because "../../packages/effect/dist/chunks/chunk-OMG3NQZS.js" was marked as having no side effects [ignored-bare-import]

    ../../packages/effect/dist/unstable/sql/Statement.js:45:7:
      45 │ import "../../chunks/chunk-OMG3NQZS.js";
         ╵        ~~~~~~~~~~~~~~~~~~~~~~~~~~~~~~~~

  It was excluded from the "sideEffects" array in the enclosing "package.json" file:

    ../../packages/effect/package.json:21:2:
      21 │   "sideEffects": ["./src/index.ts"],
         ╵   ~~~~~~~~~~~~~

▲ [WARNING] Ignoring this import because "../../packages/effect/dist/chunks/chunk-XANYWE7E.js" was marked as having no side effects [ignored-bare-import]

    ../../packages/effect/dist/unstable/sql/Statement.js:46:7:
      46 │ import "../../chunks/chunk-XANYWE7E.js";
         ╵        ~~~~~~~~~~~~~~~~~~~~~~~~~~~~~~~~

  It was excluded from the "sideEffects" array in the enclosing "package.json" file:

    ../../packages/effect/package.json:21:2:
      21 │   "sideEffects": ["./src/index.ts"],
         ╵   ~~~~~~~~~~~~~

▲ [WARNING] Ignoring this import because "../../packages/effect/dist/chunks/chunk-VDWG5QMS.js" was marked as having no side effects [ignored-bare-import]

    ../../packages/effect/dist/unstable/sql/Statement.js:47:7:
      47 │ import "../../chunks/chunk-VDWG5QMS.js";
         ╵        ~~~~~~~~~~~~~~~~~~~~~~~~~~~~~~~~

  It was excluded from the "sideEffects" array in the enclosing "package.json" file:

    ../../packages/effect/package.json:21:2:
      21 │   "sideEffects": ["./src/index.ts"],
         ╵   ~~~~~~~~~~~~~

▲ [WARNING] Ignoring this import because "../../packages/effect/dist/chunks/chunk-FTZB7ATJ.js" was marked as having no side effects [ignored-bare-import]

    ../../packages/effect/dist/unstable/sql/Statement.js:48:7:
      48 │ import "../../chunks/chunk-FTZB7ATJ.js";
         ╵        ~~~~~~~~~~~~~~~~~~~~~~~~~~~~~~~~

  It was excluded from the "sideEffects" array in the enclosing "package.json" file:

    ../../packages/effect/package.json:21:2:
      21 │   "sideEffects": ["./src/index.ts"],
         ╵   ~~~~~~~~~~~~~

▲ [WARNING] Ignoring this import because "../../packages/effect/dist/chunks/chunk-U6RRVDRJ.js" was marked as having no side effects [ignored-bare-import]

    ../../packages/effect/dist/unstable/sql/Statement.js:49:7:
      49 │ import "../../chunks/chunk-U6RRVDRJ.js";
         ╵        ~~~~~~~~~~~~~~~~~~~~~~~~~~~~~~~~

  It was excluded from the "sideEffects" array in the enclosing "package.json" file:

    ../../packages/effect/package.json:21:2:
      21 │   "sideEffects": ["./src/index.ts"],
         ╵   ~~~~~~~~~~~~~

▲ [WARNING] Ignoring this import because "../../packages/effect/dist/chunks/chunk-EBZVJ3UH.js" was marked as having no side effects [ignored-bare-import]

    ../../packages/effect/dist/unstable/sql/Statement.js:50:7:
      50 │ import "../../chunks/chunk-EBZVJ3UH.js";
         ╵        ~~~~~~~~~~~~~~~~~~~~~~~~~~~~~~~~

  It was excluded from the "sideEffects" array in the enclosing "package.json" file:

    ../../packages/effect/package.json:21:2:
      21 │   "sideEffects": ["./src/index.ts"],
         ╵   ~~~~~~~~~~~~~

▲ [WARNING] Ignoring this import because "../../packages/effect/dist/chunks/chunk-5G6GWEUR.js" was marked as having no side effects [ignored-bare-import]

    ../../packages/effect/dist/unstable/sql/Statement.js:51:7:
      51 │ import "../../chunks/chunk-5G6GWEUR.js";
         ╵        ~~~~~~~~~~~~~~~~~~~~~~~~~~~~~~~~

  It was excluded from the "sideEffects" array in the enclosing "package.json" file:

    ../../packages/effect/package.json:21:2:
      21 │   "sideEffects": ["./src/index.ts"],
         ╵   ~~~~~~~~~~~~~

▲ [WARNING] Ignoring this import because "../../packages/effect/dist/chunks/chunk-KTL2XEHB.js" was marked as having no side effects [ignored-bare-import]

    ../../packages/effect/dist/unstable/sql/Statement.js:52:7:
      52 │ import "../../chunks/chunk-KTL2XEHB.js";
         ╵        ~~~~~~~~~~~~~~~~~~~~~~~~~~~~~~~~

  It was excluded from the "sideEffects" array in the enclosing "package.json" file:

    ../../packages/effect/package.json:21:2:
      21 │   "sideEffects": ["./src/index.ts"],
         ╵   ~~~~~~~~~~~~~

▲ [WARNING] Ignoring this import because "../../packages/effect/dist/chunks/chunk-TMH7Y6HP.js" was marked as having no side effects [ignored-bare-import]

    ../../packages/effect/dist/unstable/sql/Statement.js:53:7:
      53 │ import "../../chunks/chunk-TMH7Y6HP.js";
         ╵        ~~~~~~~~~~~~~~~~~~~~~~~~~~~~~~~~

  It was excluded from the "sideEffects" array in the enclosing "package.json" file:

    ../../packages/effect/package.json:21:2:
      21 │   "sideEffects": ["./src/index.ts"],
         ╵   ~~~~~~~~~~~~~

▲ [WARNING] Ignoring this import because "../../packages/effect/dist/chunks/chunk-VMCXMDFR.js" was marked as having no side effects [ignored-bare-import]

    ../../packages/effect/dist/unstable/sql/Statement.js:54:7:
      54 │ import "../../chunks/chunk-VMCXMDFR.js";
         ╵        ~~~~~~~~~~~~~~~~~~~~~~~~~~~~~~~~

  It was excluded from the "sideEffects" array in the enclosing "package.json" file:

    ../../packages/effect/package.json:21:2:
      21 │   "sideEffects": ["./src/index.ts"],
         ╵   ~~~~~~~~~~~~~

▲ [WARNING] Ignoring this import because "../../packages/effect/dist/chunks/chunk-WVSWMADR.js" was marked as having no side effects [ignored-bare-import]

    ../../packages/effect/dist/unstable/sql/Statement.js:55:7:
      55 │ import "../../chunks/chunk-WVSWMADR.js";
         ╵        ~~~~~~~~~~~~~~~~~~~~~~~~~~~~~~~~

  It was excluded from the "sideEffects" array in the enclosing "package.json" file:

    ../../packages/effect/package.json:21:2:
      21 │   "sideEffects": ["./src/index.ts"],
         ╵   ~~~~~~~~~~~~~

▲ [WARNING] Ignoring this import because "../../packages/effect/dist/chunks/chunk-NFTO2QYI.js" was marked as having no side effects [ignored-bare-import]

    ../../packages/effect/dist/unstable/sql/Statement.js:56:7:
      56 │ import "../../chunks/chunk-NFTO2QYI.js";
         ╵        ~~~~~~~~~~~~~~~~~~~~~~~~~~~~~~~~

  It was excluded from the "sideEffects" array in the enclosing "package.json" file:

    ../../packages/effect/package.json:21:2:
      21 │   "sideEffects": ["./src/index.ts"],
         ╵   ~~~~~~~~~~~~~

▲ [WARNING] Ignoring this import because "../../packages/effect/dist/chunks/chunk-XDQ44N2D.js" was marked as having no side effects [ignored-bare-import]

    ../../packages/effect/dist/unstable/sql/Statement.js:57:7:
      57 │ import "../../chunks/chunk-XDQ44N2D.js";
         ╵        ~~~~~~~~~~~~~~~~~~~~~~~~~~~~~~~~

  It was excluded from the "sideEffects" array in the enclosing "package.json" file:

    ../../packages/effect/package.json:21:2:
      21 │   "sideEffects": ["./src/index.ts"],
         ╵   ~~~~~~~~~~~~~

▲ [WARNING] Ignoring this import because "../../packages/effect/dist/chunks/chunk-YOIRNCU2.js" was marked as having no side effects [ignored-bare-import]

    ../../packages/effect/dist/unstable/sql/Statement.js:58:7:
      58 │ import "../../chunks/chunk-YOIRNCU2.js";
         ╵        ~~~~~~~~~~~~~~~~~~~~~~~~~~~~~~~~

  It was excluded from the "sideEffects" array in the enclosing "package.json" file:

    ../../packages/effect/package.json:21:2:
      21 │   "sideEffects": ["./src/index.ts"],
         ╵   ~~~~~~~~~~~~~

▲ [WARNING] Ignoring this import because "../../packages/effect/dist/chunks/chunk-DLP6F2JT.js" was marked as having no side effects [ignored-bare-import]

    ../../packages/effect/dist/unstable/sql/Statement.js:59:7:
      59 │ import "../../chunks/chunk-DLP6F2JT.js";
         ╵        ~~~~~~~~~~~~~~~~~~~~~~~~~~~~~~~~

  It was excluded from the "sideEffects" array in the enclosing "package.json" file:

    ../../packages/effect/package.json:21:2:
      21 │   "sideEffects": ["./src/index.ts"],
         ╵   ~~~~~~~~~~~~~

▲ [WARNING] Ignoring this import because "../../packages/effect/dist/chunks/chunk-446BBSPZ.js" was marked as having no side effects [ignored-bare-import]

    ../../packages/effect/dist/unstable/sql/Statement.js:60:7:
      60 │ import "../../chunks/chunk-446BBSPZ.js";
         ╵        ~~~~~~~~~~~~~~~~~~~~~~~~~~~~~~~~

  It was excluded from the "sideEffects" array in the enclosing "package.json" file:

    ../../packages/effect/package.json:21:2:
      21 │   "sideEffects": ["./src/index.ts"],
         ╵   ~~~~~~~~~~~~~

▲ [WARNING] Ignoring this import because "../../packages/effect/dist/chunks/chunk-TODVOBQF.js" was marked as having no side effects [ignored-bare-import]

    ../../packages/effect/dist/unstable/sql/Statement.js:61:7:
      61 │ import "../../chunks/chunk-TODVOBQF.js";
         ╵        ~~~~~~~~~~~~~~~~~~~~~~~~~~~~~~~~

  It was excluded from the "sideEffects" array in the enclosing "package.json" file:

    ../../packages/effect/package.json:21:2:
      21 │   "sideEffects": ["./src/index.ts"],
         ╵   ~~~~~~~~~~~~~

▲ [WARNING] Ignoring this import because "../../packages/effect/dist/chunks/chunk-YNC4CLO3.js" was marked as having no side effects [ignored-bare-import]

    ../../packages/effect/dist/unstable/sql/Statement.js:62:7:
      62 │ import "../../chunks/chunk-YNC4CLO3.js";
         ╵        ~~~~~~~~~~~~~~~~~~~~~~~~~~~~~~~~

  It was excluded from the "sideEffects" array in the enclosing "package.json" file:

    ../../packages/effect/package.json:21:2:
      21 │   "sideEffects": ["./src/index.ts"],
         ╵   ~~~~~~~~~~~~~

▲ [WARNING] Ignoring this import because "../../packages/effect/dist/chunks/chunk-3YWPVJOL.js" was marked as having no side effects [ignored-bare-import]

    ../../packages/effect/dist/unstable/sql/Statement.js:63:7:
      63 │ import "../../chunks/chunk-3YWPVJOL.js";
         ╵        ~~~~~~~~~~~~~~~~~~~~~~~~~~~~~~~~

  It was excluded from the "sideEffects" array in the enclosing "package.json" file:

    ../../packages/effect/package.json:21:2:
      21 │   "sideEffects": ["./src/index.ts"],
         ╵   ~~~~~~~~~~~~~

▲ [WARNING] Ignoring this import because "../../packages/effect/dist/chunks/chunk-P44K6ZFC.js" was marked as having no side effects [ignored-bare-import]

    ../../packages/effect/dist/unstable/sql/Migrator.js:9:7:
      9 │ import "../../chunks/chunk-P44K6ZFC.js";
        ╵        ~~~~~~~~~~~~~~~~~~~~~~~~~~~~~~~~

  It was excluded from the "sideEffects" array in the enclosing "package.json" file:

    ../../packages/effect/package.json:21:2:
      21 │   "sideEffects": ["./src/index.ts"],
         ╵   ~~~~~~~~~~~~~

▲ [WARNING] Ignoring this import because "../../packages/effect/dist/chunks/chunk-DBUXQOMS.js" was marked as having no side effects [ignored-bare-import]

    ../../packages/effect/dist/unstable/sql/Migrator.js:10:7:
      10 │ import "../../chunks/chunk-DBUXQOMS.js";
         ╵        ~~~~~~~~~~~~~~~~~~~~~~~~~~~~~~~~

  It was excluded from the "sideEffects" array in the enclosing "package.json" file:

    ../../packages/effect/package.json:21:2:
      21 │   "sideEffects": ["./src/index.ts"],
         ╵   ~~~~~~~~~~~~~

▲ [WARNING] Ignoring this import because "../../packages/effect/dist/chunks/chunk-D5FHL44E.js" was marked as having no side effects [ignored-bare-import]

    ../../packages/effect/dist/unstable/sql/Migrator.js:11:7:
      11 │ import "../../chunks/chunk-D5FHL44E.js";
         ╵        ~~~~~~~~~~~~~~~~~~~~~~~~~~~~~~~~

  It was excluded from the "sideEffects" array in the enclosing "package.json" file:

    ../../packages/effect/package.json:21:2:
      21 │   "sideEffects": ["./src/index.ts"],
         ╵   ~~~~~~~~~~~~~

▲ [WARNING] Ignoring this import because "../../packages/effect/dist/chunks/chunk-RXCWLQBK.js" was marked as having no side effects [ignored-bare-import]

    ../../packages/effect/dist/unstable/sql/Migrator.js:12:7:
      12 │ import "../../chunks/chunk-RXCWLQBK.js";
         ╵        ~~~~~~~~~~~~~~~~~~~~~~~~~~~~~~~~

  It was excluded from the "sideEffects" array in the enclosing "package.json" file:

    ../../packages/effect/package.json:21:2:
      21 │   "sideEffects": ["./src/index.ts"],
         ╵   ~~~~~~~~~~~~~

▲ [WARNING] Ignoring this import because "../../packages/effect/dist/chunks/chunk-BGDZTHDX.js" was marked as having no side effects [ignored-bare-import]

    ../../packages/effect/dist/unstable/sql/Migrator.js:13:7:
      13 │ import "../../chunks/chunk-BGDZTHDX.js";
         ╵        ~~~~~~~~~~~~~~~~~~~~~~~~~~~~~~~~

  It was excluded from the "sideEffects" array in the enclosing "package.json" file:

    ../../packages/effect/package.json:21:2:
      21 │   "sideEffects": ["./src/index.ts"],
         ╵   ~~~~~~~~~~~~~

▲ [WARNING] Ignoring this import because "../../packages/effect/dist/chunks/chunk-6D3MO3Z4.js" was marked as having no side effects [ignored-bare-import]

    ../../packages/effect/dist/unstable/sql/Migrator.js:14:7:
      14 │ import "../../chunks/chunk-6D3MO3Z4.js";
         ╵        ~~~~~~~~~~~~~~~~~~~~~~~~~~~~~~~~

  It was excluded from the "sideEffects" array in the enclosing "package.json" file:

    ../../packages/effect/package.json:21:2:
      21 │   "sideEffects": ["./src/index.ts"],
         ╵   ~~~~~~~~~~~~~

▲ [WARNING] Ignoring this import because "../../packages/effect/dist/chunks/chunk-TT2HNKPQ.js" was marked as having no side effects [ignored-bare-import]

    ../../packages/effect/dist/unstable/sql/Migrator.js:15:7:
      15 │ import "../../chunks/chunk-TT2HNKPQ.js";
         ╵        ~~~~~~~~~~~~~~~~~~~~~~~~~~~~~~~~

  It was excluded from the "sideEffects" array in the enclosing "package.json" file:

    ../../packages/effect/package.json:21:2:
      21 │   "sideEffects": ["./src/index.ts"],
         ╵   ~~~~~~~~~~~~~

▲ [WARNING] Ignoring this import because "../../packages/effect/dist/chunks/chunk-R5A6PLNT.js" was marked as having no side effects [ignored-bare-import]

    ../../packages/effect/dist/unstable/sql/Migrator.js:16:7:
      16 │ import "../../chunks/chunk-R5A6PLNT.js";
         ╵        ~~~~~~~~~~~~~~~~~~~~~~~~~~~~~~~~

  It was excluded from the "sideEffects" array in the enclosing "package.json" file:

    ../../packages/effect/package.json:21:2:
      21 │   "sideEffects": ["./src/index.ts"],
         ╵   ~~~~~~~~~~~~~

▲ [WARNING] Ignoring this import because "../../packages/effect/dist/chunks/chunk-KKOB3HIY.js" was marked as having no side effects [ignored-bare-import]

    ../../packages/effect/dist/unstable/sql/Migrator.js:17:7:
      17 │ import "../../chunks/chunk-KKOB3HIY.js";
         ╵        ~~~~~~~~~~~~~~~~~~~~~~~~~~~~~~~~

  It was excluded from the "sideEffects" array in the enclosing "package.json" file:

    ../../packages/effect/package.json:21:2:
      21 │   "sideEffects": ["./src/index.ts"],
         ╵   ~~~~~~~~~~~~~

▲ [WARNING] Ignoring this import because "../../packages/effect/dist/chunks/chunk-C4ND67W7.js" was marked as having no side effects [ignored-bare-import]

    ../../packages/effect/dist/unstable/sql/Migrator.js:18:7:
      18 │ import "../../chunks/chunk-C4ND67W7.js";
         ╵        ~~~~~~~~~~~~~~~~~~~~~~~~~~~~~~~~

  It was excluded from the "sideEffects" array in the enclosing "package.json" file:

    ../../packages/effect/package.json:21:2:
      21 │   "sideEffects": ["./src/index.ts"],
         ╵   ~~~~~~~~~~~~~

▲ [WARNING] Ignoring this import because "../../packages/effect/dist/chunks/chunk-ES7IUIXV.js" was marked as having no side effects [ignored-bare-import]

    ../../packages/effect/dist/unstable/sql/Migrator.js:19:7:
      19 │ import "../../chunks/chunk-ES7IUIXV.js";
         ╵        ~~~~~~~~~~~~~~~~~~~~~~~~~~~~~~~~

  It was excluded from the "sideEffects" array in the enclosing "package.json" file:

    ../../packages/effect/package.json:21:2:
      21 │   "sideEffects": ["./src/index.ts"],
         ╵   ~~~~~~~~~~~~~

▲ [WARNING] Ignoring this import because "../../packages/effect/dist/chunks/chunk-BPUJUBKY.js" was marked as having no side effects [ignored-bare-import]

    ../../packages/effect/dist/unstable/sql/Migrator.js:20:7:
      20 │ import "../../chunks/chunk-BPUJUBKY.js";
         ╵        ~~~~~~~~~~~~~~~~~~~~~~~~~~~~~~~~

  It was excluded from the "sideEffects" array in the enclosing "package.json" file:

    ../../packages/effect/package.json:21:2:
      21 │   "sideEffects": ["./src/index.ts"],
         ╵   ~~~~~~~~~~~~~

▲ [WARNING] Ignoring this import because "../../packages/effect/dist/chunks/chunk-KLU4W2JA.js" was marked as having no side effects [ignored-bare-import]

    ../../packages/effect/dist/unstable/sql/Migrator.js:21:7:
      21 │ import "../../chunks/chunk-KLU4W2JA.js";
         ╵        ~~~~~~~~~~~~~~~~~~~~~~~~~~~~~~~~

  It was excluded from the "sideEffects" array in the enclosing "package.json" file:

    ../../packages/effect/package.json:21:2:
      21 │   "sideEffects": ["./src/index.ts"],
         ╵   ~~~~~~~~~~~~~

▲ [WARNING] Ignoring this import because "../../packages/effect/dist/chunks/chunk-OLX3PE6P.js" was marked as having no side effects [ignored-bare-import]

    ../../packages/effect/dist/unstable/sql/Migrator.js:22:7:
      22 │ import "../../chunks/chunk-OLX3PE6P.js";
         ╵        ~~~~~~~~~~~~~~~~~~~~~~~~~~~~~~~~

  It was excluded from the "sideEffects" array in the enclosing "package.json" file:

    ../../packages/effect/package.json:21:2:
      21 │   "sideEffects": ["./src/index.ts"],
         ╵   ~~~~~~~~~~~~~

▲ [WARNING] Ignoring this import because "../../packages/effect/dist/chunks/chunk-GRI23STC.js" was marked as having no side effects [ignored-bare-import]

    ../../packages/effect/dist/unstable/sql/Migrator.js:23:7:
      23 │ import "../../chunks/chunk-GRI23STC.js";
         ╵        ~~~~~~~~~~~~~~~~~~~~~~~~~~~~~~~~

  It was excluded from the "sideEffects" array in the enclosing "package.json" file:

    ../../packages/effect/package.json:21:2:
      21 │   "sideEffects": ["./src/index.ts"],
         ╵   ~~~~~~~~~~~~~

▲ [WARNING] Ignoring this import because "../../packages/effect/dist/chunks/chunk-FXXV2JEN.js" was marked as having no side effects [ignored-bare-import]

    ../../packages/effect/dist/unstable/sql/Migrator.js:24:7:
      24 │ import "../../chunks/chunk-FXXV2JEN.js";
         ╵        ~~~~~~~~~~~~~~~~~~~~~~~~~~~~~~~~

  It was excluded from the "sideEffects" array in the enclosing "package.json" file:

    ../../packages/effect/package.json:21:2:
      21 │   "sideEffects": ["./src/index.ts"],
         ╵   ~~~~~~~~~~~~~

▲ [WARNING] Ignoring this import because "../../packages/effect/dist/chunks/chunk-GDYBQSPB.js" was marked as having no side effects [ignored-bare-import]

    ../../packages/effect/dist/unstable/sql/Migrator.js:25:7:
      25 │ import "../../chunks/chunk-GDYBQSPB.js";
         ╵        ~~~~~~~~~~~~~~~~~~~~~~~~~~~~~~~~

  It was excluded from the "sideEffects" array in the enclosing "package.json" file:

    ../../packages/effect/package.json:21:2:
      21 │   "sideEffects": ["./src/index.ts"],
         ╵   ~~~~~~~~~~~~~

▲ [WARNING] Ignoring this import because "../../packages/effect/dist/chunks/chunk-TO773JWL.js" was marked as having no side effects [ignored-bare-import]

    ../../packages/effect/dist/unstable/sql/Migrator.js:26:7:
      26 │ import "../../chunks/chunk-TO773JWL.js";
         ╵        ~~~~~~~~~~~~~~~~~~~~~~~~~~~~~~~~

  It was excluded from the "sideEffects" array in the enclosing "package.json" file:

    ../../packages/effect/package.json:21:2:
      21 │   "sideEffects": ["./src/index.ts"],
         ╵   ~~~~~~~~~~~~~

▲ [WARNING] Ignoring this import because "../../packages/effect/dist/chunks/chunk-IUBEXSTB.js" was marked as having no side effects [ignored-bare-import]

    ../../packages/effect/dist/unstable/sql/Migrator.js:27:7:
      27 │ import "../../chunks/chunk-IUBEXSTB.js";
         ╵        ~~~~~~~~~~~~~~~~~~~~~~~~~~~~~~~~

  It was excluded from the "sideEffects" array in the enclosing "package.json" file:

    ../../packages/effect/package.json:21:2:
      21 │   "sideEffects": ["./src/index.ts"],
         ╵   ~~~~~~~~~~~~~

▲ [WARNING] Ignoring this import because "../../packages/effect/dist/chunks/chunk-2TMTOYW5.js" was marked as having no side effects [ignored-bare-import]

    ../../packages/effect/dist/unstable/sql/Migrator.js:28:7:
      28 │ import "../../chunks/chunk-2TMTOYW5.js";
         ╵        ~~~~~~~~~~~~~~~~~~~~~~~~~~~~~~~~

  It was excluded from the "sideEffects" array in the enclosing "package.json" file:

    ../../packages/effect/package.json:21:2:
      21 │   "sideEffects": ["./src/index.ts"],
         ╵   ~~~~~~~~~~~~~

▲ [WARNING] Ignoring this import because "../../packages/effect/dist/chunks/chunk-I3DNMCQ3.js" was marked as having no side effects [ignored-bare-import]

    ../../packages/effect/dist/unstable/sql/Migrator.js:29:7:
      29 │ import "../../chunks/chunk-I3DNMCQ3.js";
         ╵        ~~~~~~~~~~~~~~~~~~~~~~~~~~~~~~~~

  It was excluded from the "sideEffects" array in the enclosing "package.json" file:

    ../../packages/effect/package.json:21:2:
      21 │   "sideEffects": ["./src/index.ts"],
         ╵   ~~~~~~~~~~~~~

▲ [WARNING] Ignoring this import because "../../packages/effect/dist/chunks/chunk-WBCGFPN2.js" was marked as having no side effects [ignored-bare-import]

    ../../packages/effect/dist/unstable/sql/Migrator.js:30:7:
      30 │ import "../../chunks/chunk-WBCGFPN2.js";
         ╵        ~~~~~~~~~~~~~~~~~~~~~~~~~~~~~~~~

  It was excluded from the "sideEffects" array in the enclosing "package.json" file:

    ../../packages/effect/package.json:21:2:
      21 │   "sideEffects": ["./src/index.ts"],
         ╵   ~~~~~~~~~~~~~

▲ [WARNING] Ignoring this import because "../../packages/effect/dist/chunks/chunk-EUKMRYT6.js" was marked as having no side effects [ignored-bare-import]

    ../../packages/effect/dist/unstable/sql/Migrator.js:31:7:
      31 │ import "../../chunks/chunk-EUKMRYT6.js";
         ╵        ~~~~~~~~~~~~~~~~~~~~~~~~~~~~~~~~

  It was excluded from the "sideEffects" array in the enclosing "package.json" file:

    ../../packages/effect/package.json:21:2:
      21 │   "sideEffects": ["./src/index.ts"],
         ╵   ~~~~~~~~~~~~~

▲ [WARNING] Ignoring this import because "../../packages/effect/dist/chunks/chunk-7RKZFE62.js" was marked as having no side effects [ignored-bare-import]

    ../../packages/effect/dist/unstable/sql/Migrator.js:32:7:
      32 │ import "../../chunks/chunk-7RKZFE62.js";
         ╵        ~~~~~~~~~~~~~~~~~~~~~~~~~~~~~~~~

  It was excluded from the "sideEffects" array in the enclosing "package.json" file:

    ../../packages/effect/package.json:21:2:
      21 │   "sideEffects": ["./src/index.ts"],
         ╵   ~~~~~~~~~~~~~

▲ [WARNING] Ignoring this import because "../../packages/effect/dist/chunks/chunk-OMG3NQZS.js" was marked as having no side effects [ignored-bare-import]

    ../../packages/effect/dist/unstable/sql/Migrator.js:33:7:
      33 │ import "../../chunks/chunk-OMG3NQZS.js";
         ╵        ~~~~~~~~~~~~~~~~~~~~~~~~~~~~~~~~

  It was excluded from the "sideEffects" array in the enclosing "package.json" file:

    ../../packages/effect/package.json:21:2:
      21 │   "sideEffects": ["./src/index.ts"],
         ╵   ~~~~~~~~~~~~~

▲ [WARNING] Ignoring this import because "../../packages/effect/dist/chunks/chunk-XANYWE7E.js" was marked as having no side effects [ignored-bare-import]

    ../../packages/effect/dist/unstable/sql/Migrator.js:34:7:
      34 │ import "../../chunks/chunk-XANYWE7E.js";
         ╵        ~~~~~~~~~~~~~~~~~~~~~~~~~~~~~~~~

  It was excluded from the "sideEffects" array in the enclosing "package.json" file:

    ../../packages/effect/package.json:21:2:
      21 │   "sideEffects": ["./src/index.ts"],
         ╵   ~~~~~~~~~~~~~

▲ [WARNING] Ignoring this import because "../../packages/effect/dist/chunks/chunk-VDWG5QMS.js" was marked as having no side effects [ignored-bare-import]

    ../../packages/effect/dist/unstable/sql/Migrator.js:35:7:
      35 │ import "../../chunks/chunk-VDWG5QMS.js";
         ╵        ~~~~~~~~~~~~~~~~~~~~~~~~~~~~~~~~

  It was excluded from the "sideEffects" array in the enclosing "package.json" file:

    ../../packages/effect/package.json:21:2:
      21 │   "sideEffects": ["./src/index.ts"],
         ╵   ~~~~~~~~~~~~~

▲ [WARNING] Ignoring this import because "../../packages/effect/dist/chunks/chunk-FTZB7ATJ.js" was marked as having no side effects [ignored-bare-import]

    ../../packages/effect/dist/unstable/sql/Migrator.js:36:7:
      36 │ import "../../chunks/chunk-FTZB7ATJ.js";
         ╵        ~~~~~~~~~~~~~~~~~~~~~~~~~~~~~~~~

  It was excluded from the "sideEffects" array in the enclosing "package.json" file:

    ../../packages/effect/package.json:21:2:
      21 │   "sideEffects": ["./src/index.ts"],
         ╵   ~~~~~~~~~~~~~

▲ [WARNING] Ignoring this import because "../../packages/effect/dist/chunks/chunk-U6RRVDRJ.js" was marked as having no side effects [ignored-bare-import]

    ../../packages/effect/dist/unstable/sql/Migrator.js:37:7:
      37 │ import "../../chunks/chunk-U6RRVDRJ.js";
         ╵        ~~~~~~~~~~~~~~~~~~~~~~~~~~~~~~~~

  It was excluded from the "sideEffects" array in the enclosing "package.json" file:

    ../../packages/effect/package.json:21:2:
      21 │   "sideEffects": ["./src/index.ts"],
         ╵   ~~~~~~~~~~~~~

▲ [WARNING] Ignoring this import because "../../packages/effect/dist/chunks/chunk-EBZVJ3UH.js" was marked as having no side effects [ignored-bare-import]

    ../../packages/effect/dist/unstable/sql/Migrator.js:38:7:
      38 │ import "../../chunks/chunk-EBZVJ3UH.js";
         ╵        ~~~~~~~~~~~~~~~~~~~~~~~~~~~~~~~~

  It was excluded from the "sideEffects" array in the enclosing "package.json" file:

    ../../packages/effect/package.json:21:2:
      21 │   "sideEffects": ["./src/index.ts"],
         ╵   ~~~~~~~~~~~~~

▲ [WARNING] Ignoring this import because "../../packages/effect/dist/chunks/chunk-5G6GWEUR.js" was marked as having no side effects [ignored-bare-import]

    ../../packages/effect/dist/unstable/sql/Migrator.js:39:7:
      39 │ import "../../chunks/chunk-5G6GWEUR.js";
         ╵        ~~~~~~~~~~~~~~~~~~~~~~~~~~~~~~~~

  It was excluded from the "sideEffects" array in the enclosing "package.json" file:

    ../../packages/effect/package.json:21:2:
      21 │   "sideEffects": ["./src/index.ts"],
         ╵   ~~~~~~~~~~~~~

▲ [WARNING] Ignoring this import because "../../packages/effect/dist/chunks/chunk-KTL2XEHB.js" was marked as having no side effects [ignored-bare-import]

    ../../packages/effect/dist/unstable/sql/Migrator.js:40:7:
      40 │ import "../../chunks/chunk-KTL2XEHB.js";
         ╵        ~~~~~~~~~~~~~~~~~~~~~~~~~~~~~~~~

  It was excluded from the "sideEffects" array in the enclosing "package.json" file:

    ../../packages/effect/package.json:21:2:
      21 │   "sideEffects": ["./src/index.ts"],
         ╵   ~~~~~~~~~~~~~

▲ [WARNING] Ignoring this import because "../../packages/effect/dist/chunks/chunk-TMH7Y6HP.js" was marked as having no side effects [ignored-bare-import]

    ../../packages/effect/dist/unstable/sql/Migrator.js:41:7:
      41 │ import "../../chunks/chunk-TMH7Y6HP.js";
         ╵        ~~~~~~~~~~~~~~~~~~~~~~~~~~~~~~~~

  It was excluded from the "sideEffects" array in the enclosing "package.json" file:

    ../../packages/effect/package.json:21:2:
      21 │   "sideEffects": ["./src/index.ts"],
         ╵   ~~~~~~~~~~~~~

▲ [WARNING] Ignoring this import because "../../packages/effect/dist/chunks/chunk-VMCXMDFR.js" was marked as having no side effects [ignored-bare-import]

    ../../packages/effect/dist/unstable/sql/Migrator.js:42:7:
      42 │ import "../../chunks/chunk-VMCXMDFR.js";
         ╵        ~~~~~~~~~~~~~~~~~~~~~~~~~~~~~~~~

  It was excluded from the "sideEffects" array in the enclosing "package.json" file:

    ../../packages/effect/package.json:21:2:
      21 │   "sideEffects": ["./src/index.ts"],
         ╵   ~~~~~~~~~~~~~

▲ [WARNING] Ignoring this import because "../../packages/effect/dist/chunks/chunk-WVSWMADR.js" was marked as having no side effects [ignored-bare-import]

    ../../packages/effect/dist/unstable/sql/Migrator.js:43:7:
      43 │ import "../../chunks/chunk-WVSWMADR.js";
         ╵        ~~~~~~~~~~~~~~~~~~~~~~~~~~~~~~~~

  It was excluded from the "sideEffects" array in the enclosing "package.json" file:

    ../../packages/effect/package.json:21:2:
      21 │   "sideEffects": ["./src/index.ts"],
         ╵   ~~~~~~~~~~~~~

▲ [WARNING] Ignoring this import because "../../packages/effect/dist/chunks/chunk-NFTO2QYI.js" was marked as having no side effects [ignored-bare-import]

    ../../packages/effect/dist/unstable/sql/Migrator.js:44:7:
      44 │ import "../../chunks/chunk-NFTO2QYI.js";
         ╵        ~~~~~~~~~~~~~~~~~~~~~~~~~~~~~~~~

  It was excluded from the "sideEffects" array in the enclosing "package.json" file:

    ../../packages/effect/package.json:21:2:
      21 │   "sideEffects": ["./src/index.ts"],
         ╵   ~~~~~~~~~~~~~

▲ [WARNING] Ignoring this import because "../../packages/effect/dist/chunks/chunk-XDQ44N2D.js" was marked as having no side effects [ignored-bare-import]

    ../../packages/effect/dist/unstable/sql/Migrator.js:45:7:
      45 │ import "../../chunks/chunk-XDQ44N2D.js";
         ╵        ~~~~~~~~~~~~~~~~~~~~~~~~~~~~~~~~

  It was excluded from the "sideEffects" array in the enclosing "package.json" file:

    ../../packages/effect/package.json:21:2:
      21 │   "sideEffects": ["./src/index.ts"],
         ╵   ~~~~~~~~~~~~~

▲ [WARNING] Ignoring this import because "../../packages/effect/dist/chunks/chunk-YOIRNCU2.js" was marked as having no side effects [ignored-bare-import]

    ../../packages/effect/dist/unstable/sql/Migrator.js:46:7:
      46 │ import "../../chunks/chunk-YOIRNCU2.js";
         ╵        ~~~~~~~~~~~~~~~~~~~~~~~~~~~~~~~~

  It was excluded from the "sideEffects" array in the enclosing "package.json" file:

    ../../packages/effect/package.json:21:2:
      21 │   "sideEffects": ["./src/index.ts"],
         ╵   ~~~~~~~~~~~~~

▲ [WARNING] Ignoring this import because "../../packages/effect/dist/chunks/chunk-DLP6F2JT.js" was marked as having no side effects [ignored-bare-import]

    ../../packages/effect/dist/unstable/sql/Migrator.js:47:7:
      47 │ import "../../chunks/chunk-DLP6F2JT.js";
         ╵        ~~~~~~~~~~~~~~~~~~~~~~~~~~~~~~~~

  It was excluded from the "sideEffects" array in the enclosing "package.json" file:

    ../../packages/effect/package.json:21:2:
      21 │   "sideEffects": ["./src/index.ts"],
         ╵   ~~~~~~~~~~~~~

▲ [WARNING] Ignoring this import because "../../packages/effect/dist/chunks/chunk-446BBSPZ.js" was marked as having no side effects [ignored-bare-import]

    ../../packages/effect/dist/unstable/sql/Migrator.js:48:7:
      48 │ import "../../chunks/chunk-446BBSPZ.js";
         ╵        ~~~~~~~~~~~~~~~~~~~~~~~~~~~~~~~~

  It was excluded from the "sideEffects" array in the enclosing "package.json" file:

    ../../packages/effect/package.json:21:2:
      21 │   "sideEffects": ["./src/index.ts"],
         ╵   ~~~~~~~~~~~~~

▲ [WARNING] Ignoring this import because "../../packages/effect/dist/chunks/chunk-TODVOBQF.js" was marked as having no side effects [ignored-bare-import]

    ../../packages/effect/dist/unstable/sql/Migrator.js:49:7:
      49 │ import "../../chunks/chunk-TODVOBQF.js";
         ╵        ~~~~~~~~~~~~~~~~~~~~~~~~~~~~~~~~

  It was excluded from the "sideEffects" array in the enclosing "package.json" file:

    ../../packages/effect/package.json:21:2:
      21 │   "sideEffects": ["./src/index.ts"],
         ╵   ~~~~~~~~~~~~~

▲ [WARNING] Ignoring this import because "../../packages/effect/dist/chunks/chunk-YNC4CLO3.js" was marked as having no side effects [ignored-bare-import]

    ../../packages/effect/dist/unstable/sql/Migrator.js:50:7:
      50 │ import "../../chunks/chunk-YNC4CLO3.js";
         ╵        ~~~~~~~~~~~~~~~~~~~~~~~~~~~~~~~~

  It was excluded from the "sideEffects" array in the enclosing "package.json" file:

    ../../packages/effect/package.json:21:2:
      21 │   "sideEffects": ["./src/index.ts"],
         ╵   ~~~~~~~~~~~~~

▲ [WARNING] Ignoring this import because "../../packages/effect/dist/chunks/chunk-3YWPVJOL.js" was marked as having no side effects [ignored-bare-import]

    ../../packages/effect/dist/unstable/sql/Migrator.js:51:7:
      51 │ import "../../chunks/chunk-3YWPVJOL.js";
         ╵        ~~~~~~~~~~~~~~~~~~~~~~~~~~~~~~~~

  It was excluded from the "sideEffects" array in the enclosing "package.json" file:

    ../../packages/effect/package.json:21:2:
      21 │   "sideEffects": ["./src/index.ts"],
         ╵   ~~~~~~~~~~~~~

Wrote single executable preparation blob to ./dist/sea-prep.blob
{
  "outputPath": "E:\\tmp\\run105-r15-hotfix-public\\role-model-router\\dist\\release\\win32-x64\\role-model-dev.exe",
  "target": "win32-x64",
  "sha256": "7ac9a92d45b5f9f58e30d40b164fa1995581ba8da17942c8326531e6cfde35df"
}
